/*
SQLyog Ultimate v12.09 (64 bit)
MySQL - 5.6.25 : Database - yiding
*********************************************************************
*/

/*!40101 SET NAMES utf8 */;

/*!40101 SET SQL_MODE=''*/;

/*!40014 SET @OLD_UNIQUE_CHECKS=@@UNIQUE_CHECKS, UNIQUE_CHECKS=0 */;
/*!40014 SET @OLD_FOREIGN_KEY_CHECKS=@@FOREIGN_KEY_CHECKS, FOREIGN_KEY_CHECKS=0 */;
/*!40101 SET @OLD_SQL_MODE=@@SQL_MODE, SQL_MODE='NO_AUTO_VALUE_ON_ZERO' */;
/*!40111 SET @OLD_SQL_NOTES=@@SQL_NOTES, SQL_NOTES=0 */;
CREATE DATABASE /*!32312 IF NOT EXISTS*/`yiding` /*!40100 DEFAULT CHARACTER SET utf8 */;

USE `yiding`;

/*Table structure for table `attachment` */

DROP TABLE IF EXISTS `attachment`;

CREATE TABLE `attachment` (
  `id` bigint(20) NOT NULL AUTO_INCREMENT,
  `accessType` int(11) DEFAULT NULL,
  `attachedAt` datetime DEFAULT NULL,
  `attachmentContentId` bigint(20) NOT NULL,
  `contentType` varchar(255) DEFAULT NULL,
  `name` varchar(255) DEFAULT NULL,
  `attachment_size` int(11) DEFAULT NULL,
  `attachedBy_id` varchar(255) DEFAULT NULL,
  `TaskData_Attachments_Id` bigint(20) DEFAULT NULL,
  PRIMARY KEY (`id`),
  KEY `FK1C935438EF5F064` (`attachedBy_id`),
  KEY `FK1C93543F21826D9` (`TaskData_Attachments_Id`),
  CONSTRAINT `FK1C935438EF5F064` FOREIGN KEY (`attachedBy_id`) REFERENCES `organizationalentity` (`id`),
  CONSTRAINT `FK1C93543F21826D9` FOREIGN KEY (`TaskData_Attachments_Id`) REFERENCES `task` (`id`)
) ENGINE=InnoDB DEFAULT CHARSET=utf8;

/*Data for the table `attachment` */

/*Table structure for table `base_adminrank` */

DROP TABLE IF EXISTS `base_adminrank`;

CREATE TABLE `base_adminrank` (
  `id` varchar(36) NOT NULL,
  `timestamp` datetime DEFAULT NULL,
  `info` varchar(50) DEFAULT NULL,
  `name` varchar(20) DEFAULT NULL,
  `RANK` tinyint(4) DEFAULT NULL,
  PRIMARY KEY (`id`)
) ENGINE=InnoDB DEFAULT CHARSET=utf8;

/*Data for the table `base_adminrank` */

/*Table structure for table `base_attachmentinfo` */

DROP TABLE IF EXISTS `base_attachmentinfo`;

CREATE TABLE `base_attachmentinfo` (
  `id` varchar(36) NOT NULL,
  `timestamp` datetime DEFAULT NULL,
  `createdate` datetime DEFAULT NULL,
  `create_userid` varchar(36) DEFAULT NULL,
  `filename` varchar(20) DEFAULT NULL,
  `filetype` varchar(5) DEFAULT NULL,
  `size` bigint(20) DEFAULT NULL,
  `store_type` int(11) DEFAULT NULL,
  `store_url` varchar(50) DEFAULT NULL,
  `messages_id` varchar(36) DEFAULT NULL,
  PRIMARY KEY (`id`),
  KEY `FKE97AB39FAB6B94EF` (`messages_id`),
  CONSTRAINT `FKE97AB39FAB6B94EF` FOREIGN KEY (`messages_id`) REFERENCES `base_message` (`id`)
) ENGINE=InnoDB DEFAULT CHARSET=utf8;

/*Data for the table `base_attachmentinfo` */

/*Table structure for table `base_authority` */

DROP TABLE IF EXISTS `base_authority`;

CREATE TABLE `base_authority` (
  `id` varchar(36) NOT NULL,
  `timestamp` datetime DEFAULT NULL,
  `authinfo` varchar(30) DEFAULT NULL,
  `authtype` varchar(20) DEFAULT NULL,
  `name` varchar(30) DEFAULT NULL,
  PRIMARY KEY (`id`)
) ENGINE=InnoDB DEFAULT CHARSET=utf8;

/*Data for the table `base_authority` */

insert  into `base_authority`(`id`,`timestamp`,`authinfo`,`authtype`,`name`) values ('0d85fd22-9bf3-458b-b39d-8396556c97b9','2013-12-08 17:12:21','角色新增','system','CORE_SYSTEM_ROLE_INPUT'),('0e419b03-4cf3-486b-9e42-1d8a6e357fc2','2013-12-08 22:45:35','角色保存','system','CORE_SYSTEM_ROLE_SAVE'),('19bd25c8-ec1e-40b2-97f8-43e06d7ea2d3','2013-12-08 22:52:34','菜单保存','system','CORE_SYSTEM_MENU_SAVE'),('29d685fe-08b8-4c30-8656-81b3d9d6bc04','2013-12-08 22:50:13','码表输入','system','CORE_SYSTEM_APPCODE_INPUT'),('334da743-67c3-4448-8655-9f9fd0e8eb92','2013-12-08 22:54:09','备份保存','system','CORE_SYSTEM_BACKUP_SAVE'),('4f43ad87-5b79-42c5-a3e6-82b99c015113','2013-12-08 22:54:30','系统恢复','system','CORE_SYSTEM_BACKUP_RESTORE'),('527ca070-013d-441c-b4e4-8a6efcddba24','2013-12-08 22:51:03','码表删除','system','CORE_SYSTEM_APPCODE_DELETE'),('87eea6d0-0394-4867-9e8c-17c5faf1467f','2013-12-08 22:53:58','备份输入','system','CORE_SYSTEM_BACKUP_INPUT'),('a05f6413-b8e8-4908-97ca-f77167e34e0d','2013-12-08 22:45:56','角色删除','system','CORE_SYSTEM_ROLE_DELETE'),('cf5cec88-1331-479a-a6fc-2297e8f29d38','2013-12-08 22:50:48','码表保存','system','CORE_SYSTEM_APPCODE_SAVE'),('e415527e-7386-4898-92fc-9259773c9775','2013-12-08 22:54:45','备份删除','system','CORE_SYSTEM_BACKUP_DELETE'),('f410ac55-d595-4303-9277-9f7b2f80a616','2013-12-08 22:52:49','菜单删除','system','CORE_SYSTEM_MENU_DELETE'),('f744cbe3-a214-4038-9492-98e1112256ce','2013-12-08 22:52:01','菜单输入','system','CORE_SYSTEM_MENU_INPUT');

/*Table structure for table `base_backupdata` */

DROP TABLE IF EXISTS `base_backupdata`;

CREATE TABLE `base_backupdata` (
  `id` varchar(36) NOT NULL,
  `timestamp` datetime DEFAULT NULL,
  `bakname` varchar(30) DEFAULT NULL,
  `creattime` datetime DEFAULT NULL,
  `filename` varchar(30) DEFAULT NULL,
  `filepath` varchar(100) DEFAULT NULL,
  `filesize` int(11) DEFAULT NULL,
  `ignortables` varchar(255) DEFAULT NULL,
  `success` tinyint(1) DEFAULT NULL,
  `userid` varchar(36) DEFAULT NULL,
  PRIMARY KEY (`id`)
) ENGINE=InnoDB DEFAULT CHARSET=utf8;

/*Data for the table `base_backupdata` */

insert  into `base_backupdata`(`id`,`timestamp`,`bakname`,`creattime`,`filename`,`filepath`,`filesize`,`ignortables`,`success`,`userid`) values ('2e152a41-6a80-4616-81e5-bd519a942695','2013-12-09 09:13:32','112233','2013-12-09 09:13:32','20131209091301.zip','D:\\runtime\\wtpwebapps\\common\\data',13257,NULL,1,'system'),('5a94114e-2d92-4e9c-bd7a-d9fc0d8e18fe','2013-12-06 20:56:10','tt','2013-12-06 20:56:10','20131206205605.zip','D:\\runtime\\wtpwebapps\\common\\data',13258,NULL,1,'system'),('5bf7dae9-9dbe-4a0d-8d69-f9ac09442d64','2015-10-12 16:08:12','20151012','2015-10-12 16:08:12','20151012160811.zip','D:\\code\\runtime\\tomcat\\wtpwebapps\\base\\data',0,NULL,1,'system'),('60f9ac79-d167-4bf7-9a8a-161bcb407ee0','2013-12-06 16:16:26','dd','2013-12-06 16:16:26','20131206161606.zip','D:\\runtime\\wtpwebapps\\common\\data',43513,NULL,1,'system'),('6198852a-2f77-4324-ad41-acbcd20fedd5','2013-12-11 16:55:54','666','2013-12-11 16:55:54','20131211165528.zip','D:\\runtime\\wtpwebapps\\common\\data',13257,NULL,1,'system'),('77c86f97-85c7-44fd-9e34-ad8581a5cc5a','2013-12-06 16:02:16','ff','2013-12-06 16:02:16','20131206160148.zip','D:\\runtime\\wtpwebapps\\common\\data',43513,NULL,1,'system'),('903d8b9a-5651-4b24-8ca3-e31664f2631f','2013-12-06 20:54:40','yy','2013-12-06 20:54:40','20131206205432.zip','D:\\runtime\\wtpwebapps\\common\\data',13258,NULL,1,'system'),('9dc63376-dccf-47bd-91ae-5f53e582e6ab','2014-05-13 16:49:26','333','2014-05-13 16:49:26','20140513164921.zip','D:\\runtime\\wtpwebapps\\common\\data',81,NULL,1,'system'),('a2a76805-5305-4fb3-8c2a-9902d7a870fa','2013-12-06 16:53:09','66','2013-12-06 16:53:09','20131206165309.zip','D:\\runtime\\wtpwebapps\\common\\data',13258,NULL,1,'system'),('ba600250-4b49-4638-abbc-9aa46979e1db','2013-12-16 09:42:43','000000','2013-12-16 09:42:43','20131216094242.zip','D:\\runtime\\wtpwebapps\\common\\data',81,NULL,1,'system'),('bb943406-e81f-4b08-92d9-fb85d3e310c3','2014-05-13 16:50:09','backup','2014-05-13 16:50:09','20140513165007.zip','D:\\runtime\\wtpwebapps\\common\\data',82,NULL,1,'system'),('e1a9c9ae-4d68-4d2d-a918-23a004c25c0a','2013-12-05 16:39:52','111','2013-12-05 16:39:52','20131205163830.zip','D:\\runtime\\wtpwebapps\\common\\data',0,NULL,1,'system'),('ea14a7f7-5027-4afc-abc5-b57ea404c644','2013-12-06 21:01:34','55','2013-12-06 21:01:34','20131206210129.zip','D:\\runtime\\wtpwebapps\\common\\data',13258,NULL,1,'system'),('f706c0aa-ed85-4171-b1ed-bf016dd7b206','2013-12-05 16:59:29','tt','2013-12-05 16:59:29','20131205165904.zip','D:\\runtime\\wtpwebapps\\common\\data',0,NULL,1,'system');

/*Table structure for table `base_codetype` */

DROP TABLE IF EXISTS `base_codetype`;

CREATE TABLE `base_codetype` (
  `id` varchar(36) NOT NULL,
  `timestamp` datetime DEFAULT NULL,
  `editable` tinyint(1) DEFAULT NULL,
  `name` varchar(20) DEFAULT NULL,
  `type` varchar(25) NOT NULL,
  `valuetype` varchar(20) DEFAULT NULL,
  `parent_id` varchar(36) DEFAULT NULL,
  PRIMARY KEY (`id`),
  KEY `FK4DE5C455429DDA4C` (`parent_id`),
  CONSTRAINT `FK4DE5C455429DDA4C` FOREIGN KEY (`parent_id`) REFERENCES `base_codetype` (`id`)
) ENGINE=InnoDB DEFAULT CHARSET=utf8;

/*Data for the table `base_codetype` */

insert  into `base_codetype`(`id`,`timestamp`,`editable`,`name`,`type`,`valuetype`,`parent_id`) values ('0d8869f8-d746-40a5-8606-76899fbee826','2013-04-17 23:25:24',0,'行业分类','tradetype.classify','string',NULL),('22a41c6d-a8d0-4eb4-8dab-fa2db1fbcef5','2012-11-28 19:24:54',0,'code.marrageType','marrageType','string',NULL),('29f43137-3a78-4889-be22-49e1b75f22ca','2013-04-17 13:38:36',1,'机构类别','company.orgtype','string',NULL),('2cb9c8ec-2649-4568-b0a5-17ab20182e87','2012-12-19 22:55:21',0,'code.yesno','yesno','string',NULL),('32b293c9-d527-4940-976f-9c1a7e715172','2013-03-21 19:52:56',1,'code.codetype','codetype','string',NULL),('4d4d69c7-238d-48dc-a3c2-95151abfe361','2013-04-12 12:35:20',1,'customer.level','customer.level','string',NULL),('7de555da-3a02-489a-9b0f-c5ad3e9b8a33','2012-11-27 21:09:16',0,'code.sex','sex','string',NULL),('90acee91-24d5-45ba-8f6d-57b03abccbf5','2013-04-17 23:25:24',0,'行业大类','tradetype.big','string','0d8869f8-d746-40a5-8606-76899fbee826'),('96a8bbf9-7fef-4437-a7e1-ae65422de37a','2013-04-12 12:35:06',1,'customer.type','customer.type','string',NULL),('a712f7f1-3f6b-4dfa-8f22-db00444400aa','2013-03-26 22:05:03',0,'code.ruletype','ruletype','string',NULL),('aa8769d0-59e8-49be-8dab-188d170d48ef','2013-04-17 23:25:24',0,'行业小类','tradetype.small','string','eb640627-1777-4a6e-916d-0f64f6f89c0a'),('c3dd5124-17e0-4e86-839c-ba9d032cd443','2013-04-18 13:23:02',1,'JDBC名称','jdbc.type','string',NULL),('d310b390-8c97-4936-a32a-e23f5ff03aca','2013-01-06 22:01:35',1,'code.authoritytype','authoritytype','string',NULL),('e1b74a64-a5c8-4586-8485-fc4e7881da6f','2015-07-18 22:23:41',1,'博客配置','cms.blog.config','integer',NULL),('eb640627-1777-4a6e-916d-0f64f6f89c0a','2013-04-17 23:25:24',0,'行业中类','tradetype.middle','string','90acee91-24d5-45ba-8f6d-57b03abccbf5'),('fac28ae6-17b4-47c1-90c5-8796757bba3d','2013-01-05 10:16:05',1,'type.grouptype','grouptype','string',NULL);

/*Table structure for table `base_codevalue` */

DROP TABLE IF EXISTS `base_codevalue`;

CREATE TABLE `base_codevalue` (
  `id` varchar(36) NOT NULL,
  `timestamp` datetime DEFAULT NULL,
  `cnvalue` varchar(30) DEFAULT NULL,
  `code` varchar(50) DEFAULT NULL,
  `enable` tinyint(1) DEFAULT NULL,
  `stringvalue` varchar(50) DEFAULT NULL,
  `codetype_id` varchar(36) DEFAULT NULL,
  PRIMARY KEY (`id`),
  KEY `FK6EE3FFB6FB39472F` (`codetype_id`),
  CONSTRAINT `FK6EE3FFB6FB39472F` FOREIGN KEY (`codetype_id`) REFERENCES `base_codetype` (`id`)
) ENGINE=InnoDB DEFAULT CHARSET=utf8;

/*Data for the table `base_codevalue` */

insert  into `base_codevalue`(`id`,`timestamp`,`cnvalue`,`code`,`enable`,`stringvalue`,`codetype_id`) values ('004cf880-647b-420d-be8c-498e9cc6f87f','2013-09-12 16:32:42',NULL,'1712',1,'棉，染布料加工','0d8869f8-d746-40a5-8606-76899fbee826'),('00821997-b72b-47b3-93b8-4cc9583b9dc9','2013-09-12 16:33:34',NULL,'6730',1,'  饮料及冷饮服务','0d8869f8-d746-40a5-8606-76899fbee826'),('0087ec73-c0d4-4d7d-aa91-60b9a702d759','2013-04-17 23:25:29',NULL,'5310',1,'  公共电汽车客运','aa8769d0-59e8-49be-8dab-188d170d48ef'),('008e99d4-7bf1-45ae-9809-a172ae7314f3','2013-04-17 23:25:29',NULL,'859',1,'  其他卫生活动','eb640627-1777-4a6e-916d-0f64f6f89c0a'),('0095789c-8adf-42da-a189-15cdcb4e1000','2013-04-17 23:25:29',NULL,'79',1,'水利管理业','90acee91-24d5-45ba-8f6d-57b03abccbf5'),('00f11998-cc51-4a73-97bd-095c88b43aac','2013-04-17 23:25:29',NULL,'149',1,'  其他食品制造','eb640627-1777-4a6e-916d-0f64f6f89c0a'),('00fafe99-3f9f-45b0-885f-75be6c237ddd','2013-04-17 23:25:29',NULL,'8931',1,'    电影制作与发行','aa8769d0-59e8-49be-8dab-188d170d48ef'),('00fdde13-7b6f-42f2-b756-a26c203aba45','2013-04-17 23:25:29',NULL,'961',1,'  群众团体','eb640627-1777-4a6e-916d-0f64f6f89c0a'),('01773941-04be-4a3d-bfaf-158ebfb4ce69','2013-04-17 23:25:29',NULL,'399',1,'  其他电气机械及器材制造','eb640627-1777-4a6e-916d-0f64f6f89c0a'),('01821063-b3ce-49d4-aeb6-29faf0309458','2013-04-17 23:25:29',NULL,' ',1,'人民政协和民主党派','aa8769d0-59e8-49be-8dab-188d170d48ef'),('01cc106c-8d1d-4dd6-8647-573a56acf78b','2013-04-17 23:25:29',NULL,' ',1,'    家用电器零售','eb640627-1777-4a6e-916d-0f64f6f89c0a'),('01ebf521-3f63-4298-abc0-0c913c54916c','2013-04-17 23:25:29',NULL,'9431',1,'    人民法院','aa8769d0-59e8-49be-8dab-188d170d48ef'),('01eddce7-6371-45e5-b86c-588d7afc9f5f','2013-04-17 23:25:29',NULL,'1534',1,'    含乳饮料和植物蛋白饮料制造','aa8769d0-59e8-49be-8dab-188d170d48ef'),('020ebecb-971e-4ea1-acf0-24cee5b340ae','2013-04-17 23:25:29',NULL,'911',1,'  体育组织','eb640627-1777-4a6e-916d-0f64f6f89c0a'),('022ec7ab-79ac-4485-8386-8aa3402046b6','2013-04-17 23:25:29',NULL,'4119',1,'    供应用仪表及其他通用仪器制造','aa8769d0-59e8-49be-8dab-188d170d48ef'),('022f828e-83ac-4655-a917-142b93c743b8','2013-09-12 16:33:41',NULL,'713',1,'  财务公司','0d8869f8-d746-40a5-8606-76899fbee826'),('02798c13-f284-4a2b-ada9-9adb85406e0b','2013-04-17 23:25:29',NULL,'4129',1,'    其他专用仪器制造','aa8769d0-59e8-49be-8dab-188d170d48ef'),('02979a72-8987-42f8-977b-4ca1f1db0a5a','2013-04-12 12:31:37',NULL,'3',1,'其它团体','96a8bbf9-7fef-4437-a7e1-ae65422de37a'),('02b110fc-887f-4c95-9948-58a777b7d2c8','2013-04-17 23:25:29',NULL,'3317',1,'    镁冶炼','aa8769d0-59e8-49be-8dab-188d170d48ef'),('02def70e-5909-4027-b0e1-653e33ac79f7','2013-04-17 23:25:29',NULL,'054',1,'  渔业服务业','eb640627-1777-4a6e-916d-0f64f6f89c0a'),('02e3d44f-21b4-448e-8e67-5ee79eb3a914','2013-04-17 23:25:29',NULL,'2022',1,'    纤维板制造','aa8769d0-59e8-49be-8dab-188d170d48ef'),('03473bfd-12ce-4a6f-a431-8beae02354d4','2013-04-17 23:25:29',NULL,'3631',1,'    食品、饮料、烟草工业专用设备制造','aa8769d0-59e8-49be-8dab-188d170d48ef'),('0358bbd4-f708-4251-826b-0eae99f61503','2013-04-17 23:25:29',NULL,'3582',1,'    紧固件、弹簧制造','aa8769d0-59e8-49be-8dab-188d170d48ef'),('03738581-14d8-420e-a9b9-02118b4ca846','2013-04-17 23:25:29',NULL,'233',1,'  记录媒介的复制','eb640627-1777-4a6e-916d-0f64f6f89c0a'),('037b48b5-e213-4eb0-9092-dbb63ebc9705','2013-04-17 23:25:29',NULL,'892',1,'  电视','eb640627-1777-4a6e-916d-0f64f6f89c0a'),('03a5f8da-ee45-4cff-b3c4-4e2541f235a9','2013-04-17 23:25:29',NULL,'6372',1,'    汽车、摩托车及零配件批发','aa8769d0-59e8-49be-8dab-188d170d48ef'),('03c0a8a3-17c9-4852-a5db-98f13770b84c','2013-04-17 23:25:29',NULL,'0531',1,'    兽医服务','aa8769d0-59e8-49be-8dab-188d170d48ef'),('03ede550-392b-476e-b846-6acabde4c1bc','2013-04-17 23:25:29',NULL,'5110',1,'  铁路旅客运输','aa8769d0-59e8-49be-8dab-188d170d48ef'),('03f32185-95b1-4686-89a2-253c6f3e64fb','2013-04-17 23:25:29',NULL,'5139',1,'    其他铁路运输辅助活动','aa8769d0-59e8-49be-8dab-188d170d48ef'),('0407b586-49c2-44bd-b7a8-36c58c1cf4d4','2013-04-17 23:25:29',NULL,'2311',1,'    书、报、刊印刷','aa8769d0-59e8-49be-8dab-188d170d48ef'),('043c5063-2346-4efc-a154-fa9d70a99a26','2013-04-17 23:25:29',NULL,'3145',1,'    日用玻璃制品及玻璃包装容器制造','aa8769d0-59e8-49be-8dab-188d170d48ef'),('0443ba0f-401d-452d-8ca3-4e7223a4b59f','2013-04-17 23:25:29',NULL,'669',1,'  其他住宿服务','eb640627-1777-4a6e-916d-0f64f6f89c0a'),('044d34d0-91a1-4d2e-9e8f-73144dcaed09','2013-04-17 23:25:29',NULL,'315',1,'  陶瓷制品制造','eb640627-1777-4a6e-916d-0f64f6f89c0a'),('054da05b-5c88-46ff-b7f3-b7abf7845d43','2013-04-17 23:25:29',NULL,' ',1,'    家用电器批发','90acee91-24d5-45ba-8f6d-57b03abccbf5'),('054e7641-8d8a-4c06-8159-f3aee072836c','2013-04-17 23:25:29',NULL,'323',1,'  钢压延加工','eb640627-1777-4a6e-916d-0f64f6f89c0a'),('05cb368d-d8f7-4cb9-94b1-095af6d5865a','2013-04-17 23:25:29',NULL,'747',1,'  市场管理','eb640627-1777-4a6e-916d-0f64f6f89c0a'),('05f341bb-1ba5-4e97-8c84-860521d47e61','2013-04-17 23:25:29',NULL,'749',1,'  其他商务服务','eb640627-1777-4a6e-916d-0f64f6f89c0a'),('067db345-e53c-4023-a902-3c80b2114b76','2013-04-17 23:25:29',NULL,'68',1,'银行业','90acee91-24d5-45ba-8f6d-57b03abccbf5'),('06c27ad6-211f-46cf-b328-1db7145f28f6','2013-04-17 23:25:29',NULL,'0929',1,'    其他贵金属矿采选','aa8769d0-59e8-49be-8dab-188d170d48ef'),('0721fe3a-0c99-4b7c-a3db-45cbef7ebe1d','2013-04-17 23:25:29',NULL,'842',1,'  初等教育','eb640627-1777-4a6e-916d-0f64f6f89c0a'),('0750d1e1-6b83-4221-8feb-fa0e8ac8c3bd','2013-04-17 23:25:29',NULL,'531',1,'  公共电汽车客运','eb640627-1777-4a6e-916d-0f64f6f89c0a'),('076e6b42-8cbb-409b-9c00-edf6333de59a','2013-04-17 23:25:29',NULL,'394',1,'  电池制造','eb640627-1777-4a6e-916d-0f64f6f89c0a'),('0786c753-a769-4f0c-97fc-5f72fb539a26','2013-04-17 23:25:29',NULL,'7790',1,'  其他科技服务','aa8769d0-59e8-49be-8dab-188d170d48ef'),('07d1e158-0d7c-4ec7-be0a-06bbbfcc312b','2013-04-17 23:25:29',NULL,' ',1,'畜牧业','aa8769d0-59e8-49be-8dab-188d170d48ef'),('07f9dba4-a5cd-4911-8e5d-9092d74dbe46','2013-04-17 23:25:29',NULL,'8516',1,'    疗养院','aa8769d0-59e8-49be-8dab-188d170d48ef'),('0814e584-ef14-42e6-ade9-b63ba015f20d','2013-04-17 23:25:29',NULL,'604',1,'  卫星传输服务','eb640627-1777-4a6e-916d-0f64f6f89c0a'),('0838cdd0-befd-4833-8637-e9cb66d862fb','2013-04-17 23:25:29',NULL,'652',1,'  食品、饮料及烟草制品专门零售','eb640627-1777-4a6e-916d-0f64f6f89c0a'),('088491a5-0ae4-49ee-872c-b63bad6b13b0','2013-04-17 23:25:29',NULL,'6032',1,'    无线广播电视传输服务','aa8769d0-59e8-49be-8dab-188d170d48ef'),('089d133c-ab45-4982-a2ef-c30a90c448d7','2013-04-17 23:25:29',NULL,'8810',1,'  新闻业','aa8769d0-59e8-49be-8dab-188d170d48ef'),('08d34802-f0b2-4943-ae24-8a82b87fea8d','2013-04-17 23:25:29',NULL,'2031',1,'    建筑用木料及木材组件加工','aa8769d0-59e8-49be-8dab-188d170d48ef'),('091b58e9-5795-4076-8c4d-74b8cc49037e','2013-04-17 23:25:29',NULL,'3522',1,'    金属成形机床制造','aa8769d0-59e8-49be-8dab-188d170d48ef'),('092f6091-8dde-4307-82a9-7f52fb87d02f','2013-04-17 23:25:29',NULL,'8491',1,'    职业技能培训','aa8769d0-59e8-49be-8dab-188d170d48ef'),('098de4eb-70f8-4e25-98db-ff4a28f963d2','2013-04-17 23:25:29',NULL,'7499',1,'    其他未列明的商务服务','aa8769d0-59e8-49be-8dab-188d170d48ef'),('09bb13e8-8fdd-4599-9462-30e1fb86d793','2013-04-17 23:25:29',NULL,'44',1,'电力、热力的生产和供应业','90acee91-24d5-45ba-8f6d-57b03abccbf5'),('09d05ef4-3e99-44ce-9e20-7a3a985a6c32','2013-04-17 23:25:29',NULL,'353',1,'  起重运输设备制造','eb640627-1777-4a6e-916d-0f64f6f89c0a'),('09f57071-dedf-4933-bb85-333b8718af66','2013-04-17 23:25:29',NULL,'469',1,'  其他水的处理、利用与分配','eb640627-1777-4a6e-916d-0f64f6f89c0a'),('0a1e48ff-dd14-4041-bdc7-a3f4b1a9d1db','2013-04-17 23:25:29',NULL,'142',1,'  糖果、巧克力及蜜饯制造','eb640627-1777-4a6e-916d-0f64f6f89c0a'),('0a8fc088-7ecc-41ec-b3dd-cd967cf45794','2013-04-17 23:25:29',NULL,'6595',1,'    旧货零售','aa8769d0-59e8-49be-8dab-188d170d48ef'),('0ab1f30c-701e-428b-b99a-2d98b07f015e','2013-04-17 23:25:29',NULL,'7329',1,'    其他文化及日用品出租','aa8769d0-59e8-49be-8dab-188d170d48ef'),('0ae771b0-128a-47be-9741-b0a885cf7e0e','2013-04-17 23:25:29',NULL,'352',1,'  金属加工机械制造','eb640627-1777-4a6e-916d-0f64f6f89c0a'),('0aee137b-a9f1-482c-b217-53fa2467b64d','2013-04-17 23:25:29',NULL,'1361',1,'    水产品冷冻加工','aa8769d0-59e8-49be-8dab-188d170d48ef'),('0b086e08-f92a-4342-a228-ebaef6b0e2b9','2013-04-17 23:25:29',NULL,'2424',1,'    运动防护用具制造','aa8769d0-59e8-49be-8dab-188d170d48ef'),('0b228f96-0b64-4670-91df-1376be8a18c9','2013-04-17 23:25:29',NULL,'152',1,'  酒的制造','eb640627-1777-4a6e-916d-0f64f6f89c0a'),('0b671b97-d594-4494-98f0-81d7c7e808da','2013-04-17 23:25:29',NULL,'3135',1,'    隔热和隔音材料制造','aa8769d0-59e8-49be-8dab-188d170d48ef'),('0b682a63-a780-42ef-b4bc-e4b6a9b4fb9a','2013-04-17 23:25:29',NULL,'1351',1,'    畜禽屠宰','aa8769d0-59e8-49be-8dab-188d170d48ef'),('0babd3f4-906b-4616-bfbd-993704e08bb8','2013-04-17 23:25:29',NULL,'0320',1,'  猪的饲养','aa8769d0-59e8-49be-8dab-188d170d48ef'),('0bce2d20-dcee-4c58-8f95-5a9b98eff353','2013-04-17 23:25:29',NULL,'9120',1,'  体育场馆','aa8769d0-59e8-49be-8dab-188d170d48ef'),('0c79e7de-2fc1-420d-9abf-8e46382bade5','2013-04-17 23:25:29',NULL,'4032',1,'    广播电视接收设备及器材制造','aa8769d0-59e8-49be-8dab-188d170d48ef'),('0c912d5d-7050-4956-a614-a2194ae05571','2013-04-17 23:25:29',NULL,'1393',1,'    蛋品加工      ','aa8769d0-59e8-49be-8dab-188d170d48ef'),('0cda9a90-9621-4b38-bcf6-42686c0aae62','2013-04-17 23:25:29',NULL,'3675',1,'    渔业机械制造','aa8769d0-59e8-49be-8dab-188d170d48ef'),('0d479800-4fe2-40fa-95a2-17c96d1d95dc','2013-04-17 23:25:29',NULL,'4013',1,'    通信终端设备制造','aa8769d0-59e8-49be-8dab-188d170d48ef'),('0d6385f7-5615-4770-80d0-f957ecec2270','2013-04-17 23:25:29',NULL,'1742',1,'    绢纺和丝织加工','aa8769d0-59e8-49be-8dab-188d170d48ef'),('0d8619db-2a5c-41b9-84dc-bcd1f159d896','2013-04-17 23:25:29',NULL,'3147',1,'    玻璃纤维及制品制造','aa8769d0-59e8-49be-8dab-188d170d48ef'),('0d975dd6-70fc-4425-9318-bd6d8b38c605','2013-04-17 23:25:29',NULL,'6521',1,'    粮油零售','aa8769d0-59e8-49be-8dab-188d170d48ef'),('0da83cb8-50b6-4f69-a995-c15efd37a683','2013-04-17 23:25:29',NULL,'951',1,'  人民政协','eb640627-1777-4a6e-916d-0f64f6f89c0a'),('0da883db-c11a-4e0d-8a21-d7d2e4146046','2013-04-17 23:25:29',NULL,'9020',1,'  艺术表演场馆','aa8769d0-59e8-49be-8dab-188d170d48ef'),('0de2168c-c004-4699-ac25-35f7b320c982','2013-04-17 23:25:29',NULL,'2823',1,'    腈纶纤维制造','aa8769d0-59e8-49be-8dab-188d170d48ef'),('0dfdf528-ce6c-45c0-9470-18f04d1bddb7','2013-04-17 23:25:29',NULL,'715',1,'  典当','eb640627-1777-4a6e-916d-0f64f6f89c0a'),('0dfe93d4-14df-449f-a78a-5d9ab1a5f307','2013-04-17 23:25:29',NULL,'95',1,'人民政协和民主党派','90acee91-24d5-45ba-8f6d-57b03abccbf5'),('0e359bdd-8c79-4155-bcec-c6efa5c3c0c3','2013-04-17 23:25:29',NULL,'82',1,'居民服务业','90acee91-24d5-45ba-8f6d-57b03abccbf5'),('0e6d046a-b9b6-401c-b321-f1d3c9580782','2013-04-17 23:25:29',NULL,'751',1,'  自然科学研究与试验发展','eb640627-1777-4a6e-916d-0f64f6f89c0a'),('0e7cac56-97fc-41ee-ab30-96dfa56e3385','2013-04-17 23:25:29',NULL,'2439',1,'    其他乐器及零件制造','aa8769d0-59e8-49be-8dab-188d170d48ef'),('0f567802-3fa8-4e6c-9bf7-d4c125ff473d','2013-04-17 23:25:29',NULL,'3353',1,'    稀有稀土金属压延加工','aa8769d0-59e8-49be-8dab-188d170d48ef'),('0f6973f2-c8a6-4109-bbfc-7e6996510cd6','2013-04-17 23:25:29',NULL,'3952',1,'    家用空气调节器制造','aa8769d0-59e8-49be-8dab-188d170d48ef'),('0f781e73-b241-4c20-a3f4-3a315fed0db5','2013-04-17 23:25:29',NULL,'172',1,'  毛纺织和染整精加工','eb640627-1777-4a6e-916d-0f64f6f89c0a'),('0fabffbf-bf57-4ba8-8f51-0594bf5f5ab4','2013-04-17 23:25:29',NULL,'6110',1,'  计算机系统服务','aa8769d0-59e8-49be-8dab-188d170d48ef'),('0fc0489b-1533-468a-bea6-f643947d0278','2013-04-17 23:25:29',NULL,'8540',1,'  计划生育技术服务活动','aa8769d0-59e8-49be-8dab-188d170d48ef'),('0fc6de51-4e15-43dc-8b80-8a053003e1ce','2013-04-17 23:25:29',NULL,'3340',1,'  有色金属合金制造','aa8769d0-59e8-49be-8dab-188d170d48ef'),('104d7d77-4a46-430b-8a40-d9aab25b63de','2013-04-17 23:25:29',NULL,'712',1,'  金融租赁','eb640627-1777-4a6e-916d-0f64f6f89c0a'),('106cc818-2ad6-4b84-86b1-48120d81ac7e','2013-04-17 23:25:29',NULL,'1093',1,'    宝石、玉石开采','aa8769d0-59e8-49be-8dab-188d170d48ef'),('1098ef4f-3ca5-46a0-b338-18b209c9ca86','2013-04-17 23:25:29',NULL,'1539',1,'    茶饮料及其他软饮料制造','aa8769d0-59e8-49be-8dab-188d170d48ef'),('10ebeb87-e117-454c-948f-13700568b708','2013-04-17 23:25:29',NULL,' ',1,'    汽车零售','eb640627-1777-4a6e-916d-0f64f6f89c0a'),('1158ba2f-84fb-4535-8ab0-1c6f4894f731','2013-04-17 23:25:29',NULL,'4411',1,'    火力发电 ','aa8769d0-59e8-49be-8dab-188d170d48ef'),('11a441b2-39eb-4661-9409-36ca7a596657','2013-04-17 23:25:29',NULL,'5231',1,'    客运汽车站','aa8769d0-59e8-49be-8dab-188d170d48ef'),('11bd9376-8acf-4fac-bacc-0f6f6f9765a1','2013-04-17 23:25:29',NULL,'5431',1,'    客运港口','aa8769d0-59e8-49be-8dab-188d170d48ef'),('11f411ce-8d92-4873-98b8-89c8c8c1b61f','2013-04-17 23:25:29',NULL,'3681',1,'    医疗诊断、监护及治疗设备制造','aa8769d0-59e8-49be-8dab-188d170d48ef'),('11fae76f-8927-4e9f-affc-f1ce731e4f5d','2013-04-17 23:25:29',NULL,'40',1,'通信设备、计算机及其他电子设备制造业','90acee91-24d5-45ba-8f6d-57b03abccbf5'),('120176c8-3b63-404a-ba93-dcef56277418','2012-11-27 21:09:16',NULL,'true',1,'男','7de555da-3a02-489a-9b0f-c5ad3e9b8a33'),('123a6e05-d17e-4ecc-8b62-22c6eeadd999','2013-04-17 23:25:29',NULL,'0112',1,'    薯类的种植','aa8769d0-59e8-49be-8dab-188d170d48ef'),('12c5399b-44eb-4c58-aa82-e5d3b1bcfd40','2013-04-17 23:25:29',NULL,'7130',1,'  财务公司','aa8769d0-59e8-49be-8dab-188d170d48ef'),('12d360e9-b0ad-4030-a7b4-839b0ca7a6ec','2013-04-17 23:25:29',NULL,'6376',1,'    通讯及广播电视设备批发','aa8769d0-59e8-49be-8dab-188d170d48ef'),('12ff65d3-67e7-4385-abbe-ff9f537006b0','2013-04-17 23:25:29',NULL,'409',1,'  其他电子设备制造','eb640627-1777-4a6e-916d-0f64f6f89c0a'),('130311ad-37bb-4bbf-9588-e3eba51a31c7','2013-04-17 23:25:29',NULL,'3161',1,'    石棉制品制造','aa8769d0-59e8-49be-8dab-188d170d48ef'),('134b977e-aa13-4652-90fc-bf0e4a315b2a','2013-04-17 23:25:29',NULL,'3999',1,'    其他未列明的电气机械制造','aa8769d0-59e8-49be-8dab-188d170d48ef'),('1350f513-9cc1-4241-aac9-4db2607e43ca','2013-04-17 23:25:29',NULL,'4127',1,'    核子及核辐射测量仪器制造','aa8769d0-59e8-49be-8dab-188d170d48ef'),('136edd1d-b4a4-4c6f-8403-d3a1232119db','2013-04-17 23:25:29',NULL,'23',1,'印刷业和记录媒介的复制','90acee91-24d5-45ba-8f6d-57b03abccbf5'),('138f8b1a-951b-43cf-b72e-dbea652aea74','2013-04-17 23:25:29',NULL,'2210',1,'  纸浆制造','aa8769d0-59e8-49be-8dab-188d170d48ef'),('139023be-88b7-4aa1-a791-185fd8da56df','2013-04-17 13:44:07',NULL,'210',1,'合资经营企业（港或澳、台资）','29f43137-3a78-4889-be22-49e1b75f22ca'),('13b7546e-85c9-47bb-907c-a31c59a85684','2013-04-17 23:25:29',NULL,'5910',1,'  国家邮政','aa8769d0-59e8-49be-8dab-188d170d48ef'),('13c9c46c-d59a-4bae-bddb-98cd5e4782c9','2013-04-17 23:25:29',NULL,'7440',1,'  广告业','aa8769d0-59e8-49be-8dab-188d170d48ef'),('13efb787-a8f1-440c-9846-fa3d92798f11','2013-04-17 23:25:29',NULL,'3060',1,'  塑料包装箱及容器制造','aa8769d0-59e8-49be-8dab-188d170d48ef'),('14028e36-f012-4fa9-b49b-0425d54f329d','2013-04-17 23:25:29',NULL,'101',1,'  土砂石开采','eb640627-1777-4a6e-916d-0f64f6f89c0a'),('141c0992-e410-417a-9e5b-dbfeb3a2f7ea','2013-04-17 23:25:29',NULL,'7421',1,'    律师及相关的法律服务','aa8769d0-59e8-49be-8dab-188d170d48ef'),('1451903d-4d48-4320-8273-4ad7a2274c3a','2013-04-17 23:25:29',NULL,'3411',1,'    金属结构制造','aa8769d0-59e8-49be-8dab-188d170d48ef'),('145c7ff3-583c-4ff8-bfcb-c218acbebc37','2013-04-17 23:25:29',NULL,'291',1,'  轮胎制造','eb640627-1777-4a6e-916d-0f64f6f89c0a'),('1473c37d-f1cd-4212-9d15-4ea25c8ee254','2013-04-17 23:25:29',NULL,'3924',1,'    电力电子元器件制造','aa8769d0-59e8-49be-8dab-188d170d48ef'),('14a456f2-7ab7-4a5f-b958-d89b68b0ebb6','2013-04-17 23:25:29',NULL,'415',1,'  文化、办公用机械制造','eb640627-1777-4a6e-916d-0f64f6f89c0a'),('152e6e45-63bc-4cb7-975e-b3426c380b1f','2013-04-17 23:25:29',NULL,'245',1,'  游艺器材及娱乐用品制造','eb640627-1777-4a6e-916d-0f64f6f89c0a'),('155d35bd-2b4d-450f-894f-28ff2369b455','2013-04-17 23:25:29',NULL,'202',1,'  人造板制造','eb640627-1777-4a6e-916d-0f64f6f89c0a'),('1562ade9-9e75-4b08-9e72-51f87d8b148d','2013-04-17 23:25:29',NULL,'2710',1,'  化学药品原药制造','aa8769d0-59e8-49be-8dab-188d170d48ef'),('15da9753-5885-4372-803d-0ca280b81b40','2013-04-17 23:25:29',NULL,'3577',1,'    衡器制造','aa8769d0-59e8-49be-8dab-188d170d48ef'),('15dc7218-ee1b-4eae-ac59-44a623e455e0','2013-04-17 23:25:29',NULL,'3512',1,'    内燃机及配件制造','aa8769d0-59e8-49be-8dab-188d170d48ef'),('160c9cd3-607b-4835-9200-ba0aafb60fc2','2013-04-17 23:25:29',NULL,'3020',1,'  塑料板、管、型材的制造','aa8769d0-59e8-49be-8dab-188d170d48ef'),('1618bb43-055b-423b-8a4a-86822183b189','2013-04-17 23:25:29',NULL,'8110',1,'  市政公共设施管理','aa8769d0-59e8-49be-8dab-188d170d48ef'),('163cde2e-3a5e-4729-b955-07b9504f0f12','2013-04-17 23:25:29',NULL,'0330',1,'  家禽的饲养','aa8769d0-59e8-49be-8dab-188d170d48ef'),('165d6fb8-4e3d-4e51-8e7e-8fd196ece24c','2013-04-17 23:25:29',NULL,' ',1,'    烟草制品零售','eb640627-1777-4a6e-916d-0f64f6f89c0a'),('1668b5c1-09b9-4d10-b077-b2775c2c4307','2013-04-17 23:25:29',NULL,'4014',1,'    移动通信及终端设备制造','aa8769d0-59e8-49be-8dab-188d170d48ef'),('167d8dae-2cd0-4a8d-bcc7-236e0c90f053','2013-04-17 23:25:29',NULL,'6890',1,'  其他银行','aa8769d0-59e8-49be-8dab-188d170d48ef'),('169f88d9-fabb-451c-8bd2-edfedf082f19','2013-04-17 23:25:29',NULL,'0412',1,'    海洋捕捞','aa8769d0-59e8-49be-8dab-188d170d48ef'),('16b2c473-c8cf-47a1-960f-bdd212024302','2013-04-17 23:25:29',NULL,'414 ',1,'  光学仪器及眼镜制造','eb640627-1777-4a6e-916d-0f64f6f89c0a'),('16b41429-5b9f-4846-a5d7-322e604df18e','2013-04-17 23:25:29',NULL,'0340',1,'  狩猎和捕捉动物','aa8769d0-59e8-49be-8dab-188d170d48ef'),('16c04e1f-4d97-4e57-8468-53a637ab2487','2013-03-26 22:05:47',NULL,'USER_ACL',1,'USER_ACL','a712f7f1-3f6b-4dfa-8f22-db00444400aa'),('1725317e-6e2d-4496-bc34-1322fc3c5d8c','2013-04-17 23:25:29',NULL,'091',1,'  常用有色金属矿采选','eb640627-1777-4a6e-916d-0f64f6f89c0a'),('17504c85-bca0-40dd-95b7-1641ec904236','2013-04-17 13:45:10',NULL,'330',1,'外商独资企业','29f43137-3a78-4889-be22-49e1b75f22ca'),('1751c8bc-145a-4a9f-8c99-e8c7010cec7b','2013-04-17 23:25:29',NULL,'3146',1,'    玻璃保温容器制造','aa8769d0-59e8-49be-8dab-188d170d48ef'),('1765eff3-5997-436f-8871-748953b07991','2013-04-17 23:25:29',NULL,' ',1,'中国共产党机关','aa8769d0-59e8-49be-8dab-188d170d48ef'),('17a924cf-61dd-4629-85a2-60bc8148161c','2013-04-17 23:25:29',NULL,'422',1,'  日用杂品制造','eb640627-1777-4a6e-916d-0f64f6f89c0a'),('17d10abb-5d28-4166-bf55-dcee33648838','2013-04-17 23:25:29',NULL,'1092',1,'    石墨、滑石采选','aa8769d0-59e8-49be-8dab-188d170d48ef'),('17ee7055-e876-4364-9217-061b9cb34107','2013-04-17 23:25:29',NULL,'1531',1,'    碳酸饮料制造','aa8769d0-59e8-49be-8dab-188d170d48ef'),('17feb90f-e801-4e90-b7f0-ff8e37b9d4b1','2013-04-17 23:25:29',NULL,'9612',1,'    妇联','aa8769d0-59e8-49be-8dab-188d170d48ef'),('183e6f20-3876-4da3-82c4-1fd8e80b685a','2013-04-17 23:25:29',NULL,'52',1,'道路运输业','90acee91-24d5-45ba-8f6d-57b03abccbf5'),('185cd17e-8332-4a78-8b3e-088c7ca0cf01','2013-04-17 23:25:29',NULL,'419',1,'  其他仪器仪表的制造及修理','eb640627-1777-4a6e-916d-0f64f6f89c0a'),('186ee228-f343-42ef-b501-c37862d888be','2013-04-17 23:25:29',NULL,'1494',1,'    食品及饲料添加剂制造','aa8769d0-59e8-49be-8dab-188d170d48ef'),('18c77e67-4f5b-4f18-9af4-18222df62922','2013-04-17 23:25:29',NULL,'3090',1,'  其他塑料制品制造','aa8769d0-59e8-49be-8dab-188d170d48ef'),('18f0e298-629f-4f17-bcd1-15306f1880ac','2013-04-17 23:25:29',NULL,'3971',1,'    电光源制造','aa8769d0-59e8-49be-8dab-188d170d48ef'),('18f615ae-4d42-46f8-ad50-3f521079db30','2013-04-17 23:25:29',NULL,'7630',1,'  海洋服务','aa8769d0-59e8-49be-8dab-188d170d48ef'),('19ceab92-6d3e-4f0e-bd0f-9e23f8b16eba','2013-04-17 23:25:29',NULL,'689',1,'  其他银行','eb640627-1777-4a6e-916d-0f64f6f89c0a'),('19fcdffb-e02e-4d43-af19-8603389499f3','2013-04-17 23:25:29',NULL,'4214',1,'    花画工艺品制造','aa8769d0-59e8-49be-8dab-188d170d48ef'),('1a4960b1-3f0d-4fa3-9d35-5894f2ffafb5','2013-04-17 23:25:29',NULL,'3491',1,'    铸币及贵金属制实验室用品制造','aa8769d0-59e8-49be-8dab-188d170d48ef'),('1a56f4bb-81d4-429d-9ba5-5cfc1aaf212b','2013-04-17 23:25:29',NULL,'110',1,'  其他采矿业  ','eb640627-1777-4a6e-916d-0f64f6f89c0a'),('1a7bc56f-459d-4bdd-a0e4-a19a83ca4e06','2013-04-17 23:25:29',NULL,'742',1,'  法律服务','eb640627-1777-4a6e-916d-0f64f6f89c0a'),('1a8a9b2a-2792-46ca-965f-01f75ab95221','2013-04-17 23:25:29',NULL,'2625',1,'    有机肥料及微生物肥料制造','aa8769d0-59e8-49be-8dab-188d170d48ef'),('1a9224a6-a452-45d9-8726-251a678d6beb','2013-04-17 23:25:29',NULL,'67',1,'餐饮业','90acee91-24d5-45ba-8f6d-57b03abccbf5'),('1aaaf8bd-aafb-484b-8923-b2ce36bc04c1','2013-04-17 23:25:29',NULL,'60',1,'电信和其他信息传输服务业','90acee91-24d5-45ba-8f6d-57b03abccbf5'),('1ad1ad58-dbb4-494d-aaf3-1f8d58fd5adb','2013-04-17 23:25:29',NULL,'3133',1,'    建筑用石加工','aa8769d0-59e8-49be-8dab-188d170d48ef'),('1b12f6a5-0e1e-44da-93f0-0f92bb9ee667','2013-04-17 23:25:29',NULL,'8821',1,'    图书出版','aa8769d0-59e8-49be-8dab-188d170d48ef'),('1b1d544d-e4b8-4553-99d1-2479a5982fc4','2013-04-17 23:25:29',NULL,'4221',1,'    制镜及类似品加工','aa8769d0-59e8-49be-8dab-188d170d48ef'),('1b54d2d4-bc42-458b-861f-edbe54a07918','2013-04-17 23:25:29',NULL,'9510',1,'  人民政协','aa8769d0-59e8-49be-8dab-188d170d48ef'),('1b5679aa-146c-4e6e-8a0c-052d757f8f56','2013-04-17 23:25:29',NULL,'08',1,'黑色金属矿采选业','90acee91-24d5-45ba-8f6d-57b03abccbf5'),('1b56b190-89c6-422c-9e60-568773f7a24d','2013-04-17 23:25:29',NULL,' ',1,'    城市市容管理','eb640627-1777-4a6e-916d-0f64f6f89c0a'),('1b62c6a0-4538-4fdc-8fbf-88a628c48b0c','2013-04-17 23:25:29',NULL,'6371',1,'    农业机械批发','aa8769d0-59e8-49be-8dab-188d170d48ef'),('1bcb001d-ac87-400d-a68f-f77dffb512e6','2013-04-17 23:25:29',NULL,'265',1,'  合成材料制造','eb640627-1777-4a6e-916d-0f64f6f89c0a'),('1beddd58-012b-4d30-aa8e-3fbf0d945938','2012-11-28 19:24:54',NULL,'1',1,'已婚','22a41c6d-a8d0-4eb4-8dab-fa2db1fbcef5'),('1c14b1e3-bade-448b-98bb-dd3e2b8dca1a','2013-04-17 23:25:29',NULL,'521',1,'  公路旅客运输','eb640627-1777-4a6e-916d-0f64f6f89c0a'),('1c4e9f19-4d74-411e-93b1-4dad3a05b763','2013-04-17 23:25:29',NULL,'2110',1,'  木质家具制造','aa8769d0-59e8-49be-8dab-188d170d48ef'),('1c4fe585-895b-4d81-89e4-91d116d5f9e5','2013-04-17 23:25:29',NULL,'762',1,'  地震服务','eb640627-1777-4a6e-916d-0f64f6f89c0a'),('1cab3b71-b842-4e3a-9b38-27c11f011375','2013-01-06 22:01:58',NULL,'system',1,'系统权限','d310b390-8c97-4936-a32a-e23f5ff03aca'),('1cd11a09-ff69-421e-bd86-94634a5f86cd','2013-04-17 23:25:29',NULL,'9190',1,'  其他体育','aa8769d0-59e8-49be-8dab-188d170d48ef'),('1d831e4f-7330-424f-aa7d-5bf4d22c5c8c','2013-04-17 23:25:29',NULL,'6040',1,'  卫星传输服务','aa8769d0-59e8-49be-8dab-188d170d48ef'),('1ddc4225-60df-4627-865a-28906008ea56','2013-04-17 23:25:29',NULL,'4153',1,'    照相机及器材制造','aa8769d0-59e8-49be-8dab-188d170d48ef'),('1e285e14-1fa5-4b62-b519-69e9c71f076c','2013-04-17 23:25:29',NULL,'1910',1,'  皮革鞣制加工','aa8769d0-59e8-49be-8dab-188d170d48ef'),('1e5cd7c0-f8c7-46c7-8fc1-f92c41987b44','2013-04-17 23:25:29',NULL,'6019',1,'    其他电信服务','aa8769d0-59e8-49be-8dab-188d170d48ef'),('1e72abf1-5970-43f1-b08f-6b53a2d4d513','2013-04-17 23:25:29',NULL,'6341',1,'    文具用品批发','aa8769d0-59e8-49be-8dab-188d170d48ef'),('1efce60d-896a-4d2b-922b-a58492a98077','2013-04-17 23:25:29',NULL,'346',1,'  金属表面处理及热处理加工','eb640627-1777-4a6e-916d-0f64f6f89c0a'),('1f714157-f351-4317-987a-c07845a6d987','2013-04-17 23:25:29',NULL,'135',1,'  屠宰及肉类加工','eb640627-1777-4a6e-916d-0f64f6f89c0a'),('1f7ac759-9e9a-4215-bd12-03fae47f809b','2013-04-17 23:25:29',NULL,'8023',1,'    水污染治理','aa8769d0-59e8-49be-8dab-188d170d48ef'),('1f96c53e-e6a2-4d60-a4ed-308402a9e82c','2013-04-17 23:25:29',NULL,'252',1,'  炼焦','eb640627-1777-4a6e-916d-0f64f6f89c0a'),('1f97adbd-0aa0-453b-9d4e-ac9cf24f50b8','2013-04-17 23:25:29',NULL,'0140',1,'  中药材的种植','aa8769d0-59e8-49be-8dab-188d170d48ef'),('1fbe1096-ab91-48cd-9606-f111d0a688bb','2013-04-17 23:25:29',NULL,'1941',1,'    羽毛(绒)加工','aa8769d0-59e8-49be-8dab-188d170d48ef'),('1fc38403-1e65-4f93-8b21-a290316a621e','2013-04-17 23:25:29',NULL,' ',1,'    农业机械批发','eb640627-1777-4a6e-916d-0f64f6f89c0a'),('1fc5b11a-2b85-4eb6-9cad-5a7f260c2c71','2013-04-17 23:25:29',NULL,'904',1,'  文物及文化保护','eb640627-1777-4a6e-916d-0f64f6f89c0a'),('1fd36c6d-6769-4043-ab41-354b51937578','2013-04-17 23:25:29',NULL,'1432',1,'    速冻食品制造','aa8769d0-59e8-49be-8dab-188d170d48ef'),('1ff34da9-097e-4dad-8594-62fb33664d7f','2013-04-17 23:25:29',NULL,'373',1,'  摩托车制造','eb640627-1777-4a6e-916d-0f64f6f89c0a'),('20275499-4ba6-4c2e-9ae5-5551465a8a50','2013-04-17 23:25:29',NULL,'174',1,'  丝绢纺织及精加工','eb640627-1777-4a6e-916d-0f64f6f89c0a'),('20952ce5-b40b-4e92-8604-eb217f370942','2013-04-17 23:25:29',NULL,'3542',1,'    气体压缩机械制造','aa8769d0-59e8-49be-8dab-188d170d48ef'),('2097acd9-af4b-4494-9542-2a1132046578','2013-04-17 23:25:29',NULL,'42',1,'工艺品及其他制造业','90acee91-24d5-45ba-8f6d-57b03abccbf5'),('209e510e-c5ab-4836-91fb-88e2f2be5e1f','2013-04-17 23:25:29',NULL,'844',1,'  高等教育','eb640627-1777-4a6e-916d-0f64f6f89c0a'),('20a510a3-8b0d-49dd-be6a-5fd59527cebb','2013-04-17 23:25:29',NULL,'3431',1,'    集装箱制造','aa8769d0-59e8-49be-8dab-188d170d48ef'),('20cf48fe-a631-400f-9ac3-2a682e13029a','2013-04-17 23:25:29',NULL,'6367',1,'    农药批发','aa8769d0-59e8-49be-8dab-188d170d48ef'),('20d70f0d-e455-43b1-9aff-4980e3e5a137','2013-04-17 23:25:29',NULL,'3751',1,'    金属船舶制造','aa8769d0-59e8-49be-8dab-188d170d48ef'),('21127979-ec0e-409a-8a64-05c70397e6bc','2013-04-17 23:25:29',NULL,'3312',1,'    铅锌冶炼','aa8769d0-59e8-49be-8dab-188d170d48ef'),('21222d83-e30a-4d53-8d4f-ee5ffab6000d','2013-04-17 23:25:29',NULL,'1453',1,'    蔬菜、水果罐头制造','aa8769d0-59e8-49be-8dab-188d170d48ef'),('21309a09-1e3d-4746-a7c7-a34da84ac2f0','2013-04-17 23:25:29',NULL,'4310',1,'  金属废料和碎屑的加工处理','aa8769d0-59e8-49be-8dab-188d170d48ef'),('216da353-d0c5-4d13-996b-4704e7d6c606','2013-04-17 23:25:29',NULL,'2511',1,'    原油加工及石油制品制造','aa8769d0-59e8-49be-8dab-188d170d48ef'),('217f4f5b-0f95-48b3-badc-d230310a7eb2','2013-04-17 23:25:29',NULL,'1929',1,'    其他皮革制品制造','aa8769d0-59e8-49be-8dab-188d170d48ef'),('2191b0a0-8cd7-4052-bbcd-cde56f240e3b','2013-04-17 23:25:29',NULL,'8434',1,'    职业中学教育','aa8769d0-59e8-49be-8dab-188d170d48ef'),('219e5c4f-70fb-4966-8524-7da31ae77ec6','2013-04-17 23:25:29',NULL,'4125',1,'    地质勘探和地震专用仪器制造','aa8769d0-59e8-49be-8dab-188d170d48ef'),('21bf2f6c-cf46-4743-8fd7-57943a72cc3d','2013-04-17 23:25:29',NULL,'3682',1,'    口腔科用设备及器具制造','aa8769d0-59e8-49be-8dab-188d170d48ef'),('21c57175-e4a1-45e5-8c34-d8568cd12443','2013-04-17 23:25:29',NULL,'8432',1,'    高中教育','aa8769d0-59e8-49be-8dab-188d170d48ef'),('220b5691-5675-476e-959e-dadac951380b','2013-04-17 23:25:29',NULL,'96',1,'群众团体、社会团体和宗教组织','90acee91-24d5-45ba-8f6d-57b03abccbf5'),('22852109-74cc-4468-8ceb-04e84db2a4a8','2013-04-17 13:39:49',NULL,'120',1,'集体企业','29f43137-3a78-4889-be22-49e1b75f22ca'),('2292e7f3-b1b4-4c36-8a01-39e37e42fc39','2013-04-17 23:25:29',NULL,'181',1,'  纺织服装制造','eb640627-1777-4a6e-916d-0f64f6f89c0a'),('22941be0-1b5d-440d-9916-9b413bfffdb3','2013-04-17 23:25:29',NULL,'242',1,'  体育用品制造','eb640627-1777-4a6e-916d-0f64f6f89c0a'),('22c597e2-ae95-4b0a-b30a-a29ffe444506','2013-04-17 23:25:29',NULL,'4121',1,'    环境监测专用仪器仪表制造','aa8769d0-59e8-49be-8dab-188d170d48ef'),('22d5daf0-65ec-4b3f-9ceb-94300db6ca23','2012-12-27 13:47:08',NULL,'integer',1,'数字','32b293c9-d527-4940-976f-9c1a7e715172'),('22fcbc19-9b08-472d-809d-7430fe747661','2013-04-17 23:25:29',NULL,'3314',1,'    锡冶炼','aa8769d0-59e8-49be-8dab-188d170d48ef'),('232b14f9-d7f2-4ced-9a6d-d13f974c0059','2013-04-17 23:25:29',NULL,'3560',1,'  烘炉、熔炉及电炉制造','aa8769d0-59e8-49be-8dab-188d170d48ef'),('2376450f-16e6-4086-a931-823a9dfbff7a','2013-04-17 23:25:29',NULL,'7650',1,'  技术检测','aa8769d0-59e8-49be-8dab-188d170d48ef'),('23c826c2-6b9b-4857-9b65-062d8526ba5b','2013-04-17 23:25:29',NULL,'766',1,'  环境监测','eb640627-1777-4a6e-916d-0f64f6f89c0a'),('23e33c9d-d947-4246-96a9-afd17f4d4961','2013-04-17 23:25:29',NULL,'282',1,'  合成纤维制造','eb640627-1777-4a6e-916d-0f64f6f89c0a'),('24150621-1da1-4608-a950-c83aafab2c41','2013-04-17 23:25:29',NULL,'0810',1,'  铁矿采选','aa8769d0-59e8-49be-8dab-188d170d48ef'),('241af376-9489-48e2-8efe-7a6e2dd07e36','2013-04-17 23:25:29',NULL,'490',1,'  建筑装饰业','eb640627-1777-4a6e-916d-0f64f6f89c0a'),('243de65c-5a73-4596-bd0a-e8fe9af4e72c','2013-04-17 23:25:29',NULL,'3713',1,'    铁路机车车辆配件制造','aa8769d0-59e8-49be-8dab-188d170d48ef'),('2482c67b-2486-4ef4-b0fe-005988c5d99b','2013-04-17 23:25:29',NULL,'741',1,'  企业管理服务','eb640627-1777-4a6e-916d-0f64f6f89c0a'),('248744a5-b16e-4554-a99c-4cc655585edc','2013-04-17 23:25:29',NULL,'4218',1,'    珠宝首饰及有关物品的制造','aa8769d0-59e8-49be-8dab-188d170d48ef'),('25009b6f-cd8c-4ba3-b3a0-5b26b51eceae','2013-04-17 23:25:29',NULL,'A',1,'农、林、牧、渔业','0d8869f8-d746-40a5-8606-76899fbee826'),('253d7932-ec48-47e0-b45d-8d632898cf36','2013-04-17 23:25:29',NULL,'6920',1,'  证券经纪与交易','aa8769d0-59e8-49be-8dab-188d170d48ef'),('25429c02-150c-4aa8-afdb-618fadd41b4d','2013-04-17 23:25:29',NULL,'5531',1,'    机场','aa8769d0-59e8-49be-8dab-188d170d48ef'),('256878ec-ab62-4c89-882e-1c53fe555eb4','2013-04-17 23:25:29',NULL,'0512',1,'    农产品初加工服务','aa8769d0-59e8-49be-8dab-188d170d48ef'),('257f582f-bc18-4e68-a253-75afd482d6e7','2013-04-17 23:25:29',NULL,'8313',1,'    家用电器修理','aa8769d0-59e8-49be-8dab-188d170d48ef'),('259b27ad-13e0-4f59-afcd-38e98c5dc05a','2013-04-17 23:25:29',NULL,'308',1,'  日用塑料制造','eb640627-1777-4a6e-916d-0f64f6f89c0a'),('25ad0844-0032-4463-afd6-68bf7db2a9b2','2013-04-17 23:25:29',NULL,'F',1,'交通运输、仓储和邮政业','0d8869f8-d746-40a5-8606-76899fbee826'),('25b67206-bc95-4e2c-ad8a-94677d741f04','2013-04-17 23:25:29',NULL,'6368',1,'    农用薄膜批发','aa8769d0-59e8-49be-8dab-188d170d48ef'),('25eed994-bc9b-498e-9aa1-2785e87ecd33','2013-04-17 23:25:29',NULL,'2412',1,'    笔的制造','aa8769d0-59e8-49be-8dab-188d170d48ef'),('2657d4f7-bcd1-4fd5-9f05-3698b1201e23','2013-04-17 23:25:29',NULL,'3519',1,'    其他原动机制造','aa8769d0-59e8-49be-8dab-188d170d48ef'),('268a11cd-88e2-43fb-95ae-f66ba6408994','2013-04-17 23:25:29',NULL,'6592',1,'    邮购及电子销售','aa8769d0-59e8-49be-8dab-188d170d48ef'),('268fd112-d650-46f5-b2de-6b63d9ac3ba1','2013-04-17 23:25:29',NULL,'6620',1,'  一般旅馆','aa8769d0-59e8-49be-8dab-188d170d48ef'),('26a12bc0-8ac0-4cd9-b26c-a87cc4d9f453','2013-04-17 23:25:29',NULL,'613',1,'  计算机维修','eb640627-1777-4a6e-916d-0f64f6f89c0a'),('26ead0e0-c8e5-44a3-9cf3-55d5b6ccb35c','2013-04-17 23:25:29',NULL,'3919',1,'    微电机及其他电机制造','aa8769d0-59e8-49be-8dab-188d170d48ef'),('273fa826-86f2-427d-8b08-bcccbba7f468','2013-04-17 23:25:29',NULL,'2029',1,'    其他人造板、材制造','aa8769d0-59e8-49be-8dab-188d170d48ef'),('27aa5d31-2e67-43b2-a71e-c659570ab3b5','2013-04-17 23:25:29',NULL,'3451',1,'    建筑、家具用金属配件制造','aa8769d0-59e8-49be-8dab-188d170d48ef'),('2801b214-0c34-4c76-9abe-2af214ad1c9a','2013-04-17 23:25:29',NULL,'431',1,'  金属废料和碎屑的加工处理','eb640627-1777-4a6e-916d-0f64f6f89c0a'),('285d475c-c03c-4cd5-b1f7-805a688acd5a','2013-04-17 23:25:29',NULL,'7431',1,'    会计、审计及税务服务','aa8769d0-59e8-49be-8dab-188d170d48ef'),('28901e58-a4a7-4011-b67e-b8ca6765171b','2013-04-17 23:25:29',NULL,'3911',1,'    发电机及发电机组制造','aa8769d0-59e8-49be-8dab-188d170d48ef'),('289bdb25-234f-440b-a80a-28b7299a015d','2013-04-17 23:25:29',NULL,'3030',1,'  塑料丝、绳及编织品的制造','aa8769d0-59e8-49be-8dab-188d170d48ef'),('28e87a2c-3f72-4c81-b4ec-ebbba44d3231','2013-04-17 23:25:29',NULL,'3111',1,'    水泥制造','aa8769d0-59e8-49be-8dab-188d170d48ef'),('2913c43c-3368-427c-8d6f-4cea5045b8b4','2013-04-17 23:25:29',NULL,'3762',1,'    航天器制造','aa8769d0-59e8-49be-8dab-188d170d48ef'),('293cf34f-037c-44f9-8d02-b35522771800','2013-04-17 23:25:29',NULL,'912',1,'  体育场馆','eb640627-1777-4a6e-916d-0f64f6f89c0a'),('2973f106-ded8-48d9-87b2-4cc1dab5221b','2013-04-17 23:25:29',NULL,'2667',1,'    动物胶制造','aa8769d0-59e8-49be-8dab-188d170d48ef'),('29a5dd80-0cfa-4d87-a5be-44f55cba438e','2013-04-17 23:25:29',NULL,'9432',1,'    人民检察院','aa8769d0-59e8-49be-8dab-188d170d48ef'),('29ab01fc-9136-4ea9-bc00-7311a5539d53','2013-04-17 23:25:29',NULL,'1459',1,'    其他罐头食品制造','aa8769d0-59e8-49be-8dab-188d170d48ef'),('29e36c64-2d5e-45dd-a99a-7c1e3361e43d','2013-04-17 23:25:29',NULL,'241',1,'  文化用品制造','eb640627-1777-4a6e-916d-0f64f6f89c0a'),('2a1b2498-ef25-4115-8d11-213aa269d7bb','2013-04-17 23:25:29',NULL,'3583',1,'    机械零部件加工及设备修理','aa8769d0-59e8-49be-8dab-188d170d48ef'),('2a2fd011-598b-4244-aa85-27187f93dd5a','2013-04-17 23:25:29',NULL,'299',1,'  其他橡胶制品制造','eb640627-1777-4a6e-916d-0f64f6f89c0a'),('2a3969bd-549b-4da4-987d-80cffd1b4904','2013-04-17 23:25:29',NULL,'77',1,'科技交流和推广服务业','90acee91-24d5-45ba-8f6d-57b03abccbf5'),('2a4d7455-f76b-4a45-b2d2-7eb2769078da','2013-04-17 23:25:29',NULL,'511',1,'  铁路旅客运输','eb640627-1777-4a6e-916d-0f64f6f89c0a'),('2a73ea3d-ef94-474a-b0b7-7b68308ef86b','2013-04-17 23:25:29',NULL,'8570',1,'  疾病预防控制及防疫活动','aa8769d0-59e8-49be-8dab-188d170d48ef'),('2a832930-0606-4312-8a43-acecdfbd1a60','2013-04-17 23:25:29',NULL,' ',1,'  企业管理服务','aa8769d0-59e8-49be-8dab-188d170d48ef'),('2a9d6c53-8c84-4da0-aaa6-fa0d57b898cd','2013-04-17 23:25:29',NULL,'76',1,'专业技术服务业','90acee91-24d5-45ba-8f6d-57b03abccbf5'),('2ac6015c-1ae6-42c4-ab80-5356b43746e1','2013-04-17 23:25:29',NULL,'405',1,'  电子器件制造','eb640627-1777-4a6e-916d-0f64f6f89c0a'),('2aea5509-3cd7-4ea5-b14f-b399ac690b45','2013-04-17 23:25:29',NULL,'081',1,'  铁矿采选','eb640627-1777-4a6e-916d-0f64f6f89c0a'),('2b10699d-ef16-4d02-affb-a6896ea838ba','2013-04-17 23:25:29',NULL,'843',1,'  中等教育','eb640627-1777-4a6e-916d-0f64f6f89c0a'),('2b3eb9dd-ad5a-4f86-8ac8-dbd64d665cae','2013-04-17 23:25:29',NULL,'599',1,'  其他寄递服务','eb640627-1777-4a6e-916d-0f64f6f89c0a'),('2c5628d4-dc9e-4840-b3ff-08b7f08fa02e','2013-04-17 23:25:29',NULL,' ',1,'    互联网信息服务','90acee91-24d5-45ba-8f6d-57b03abccbf5'),('2c7d398e-cc34-4647-9588-f5905a22188a','2013-04-17 23:25:29',NULL,'4215',1,'    天然植物纤维编织工艺品制造','aa8769d0-59e8-49be-8dab-188d170d48ef'),('2ca52205-6a68-4378-9758-0d4f97a85e59','2013-04-17 23:25:29',NULL,'102',1,'  化学矿采选','eb640627-1777-4a6e-916d-0f64f6f89c0a'),('2cb0cf01-272d-4941-afa9-53130966eb71','2013-04-17 23:25:29',NULL,'2223',1,'    加工纸制造','aa8769d0-59e8-49be-8dab-188d170d48ef'),('2cb91e5f-2da2-4444-bb71-ec6a067205f0','2013-04-17 23:25:29',NULL,'4219',1,'    其他工艺美术品制造','aa8769d0-59e8-49be-8dab-188d170d48ef'),('2ccee654-0c2d-45f9-b7fc-4030c28a97fa','2013-04-17 23:25:29',NULL,'8410',1,'  学前教育','aa8769d0-59e8-49be-8dab-188d170d48ef'),('2d17af70-fa4e-46c2-85c9-b4c1d681a3f4','2013-04-17 23:25:29',NULL,'275',1,'  兽用药品制造','eb640627-1777-4a6e-916d-0f64f6f89c0a'),('2d3fef45-89dc-4bd9-a541-69e20fb5daeb','2013-04-17 23:25:29',NULL,'8512',1,'    中医医院','aa8769d0-59e8-49be-8dab-188d170d48ef'),('2d4bf844-fee4-4123-b43d-a01bfcae5399','2012-11-28 19:24:54',NULL,'2',1,'离异','22a41c6d-a8d0-4eb4-8dab-fa2db1fbcef5'),('2d6c0270-31a4-42c7-8441-985a61b91041','2013-04-17 23:25:29',NULL,'6790',1,'  其他餐饮服务','aa8769d0-59e8-49be-8dab-188d170d48ef'),('2d80cba6-3069-44c9-ac5d-10fb3feefac8','2013-04-17 23:25:29',NULL,'3673',1,'    营林及木竹采伐机械制造','aa8769d0-59e8-49be-8dab-188d170d48ef'),('2d995258-b314-4a2c-85ed-3c318747e85e','2013-04-17 23:25:29',NULL,'93',1,'中国共产党机关','90acee91-24d5-45ba-8f6d-57b03abccbf5'),('2db4609d-3d3a-4ca2-b631-0c4b83212a10','2013-04-17 23:25:29',NULL,'6346',1,'    首饰、工艺品及收藏品批发','aa8769d0-59e8-49be-8dab-188d170d48ef'),('2dcb23cd-32fb-4cfb-9c39-1b70ecab7390','2013-04-17 23:25:29',NULL,'714',1,'  邮政储蓄','eb640627-1777-4a6e-916d-0f64f6f89c0a'),('2e08a45c-bf19-48fd-a69a-b1541a422c5f','2013-04-17 23:25:29',NULL,'6375',1,'    计算机、软件及辅助设备批发','aa8769d0-59e8-49be-8dab-188d170d48ef'),('2e165f45-c613-4f50-bd6f-6099122236ed','2013-04-17 23:25:29',NULL,'3624',1,'    木材加工机械制造    ','aa8769d0-59e8-49be-8dab-188d170d48ef'),('2e4bf195-67be-48f7-8847-52ad18db68fb','2013-04-17 23:25:29',NULL,'1620',1,'  卷烟制造','aa8769d0-59e8-49be-8dab-188d170d48ef'),('2e678972-9ed1-44fa-96b1-3c7795fad298','2013-04-17 23:25:29',NULL,'8139',1,'    其他游览景区管理','aa8769d0-59e8-49be-8dab-188d170d48ef'),('2eb046f7-53d7-4244-a4e7-4e9ba2d798f4','2013-04-17 23:25:29',NULL,'3424',1,'    刀剪及类似日用金属工具制造','aa8769d0-59e8-49be-8dab-188d170d48ef'),('2eb3f74f-42dc-41cd-9ca4-27a93b87c4c6','2013-04-17 23:25:29',NULL,'5511',1,'    航空旅客运输','aa8769d0-59e8-49be-8dab-188d170d48ef'),('2ec166cb-f0eb-42b1-8ae8-f6e51f4863ae','2013-04-17 23:25:29',NULL,'2231',1,'    纸和纸板容器的制造','aa8769d0-59e8-49be-8dab-188d170d48ef'),('2ed049e9-9558-4163-91cf-2121caafcc76','2013-04-17 23:25:29',NULL,'581',1,'  谷物、棉花等农产品仓储','eb640627-1777-4a6e-916d-0f64f6f89c0a'),('2ef68840-532b-42c0-9d8d-f73855befe66','2013-04-17 23:25:29',NULL,'403',1,'  广播电视设备制造','eb640627-1777-4a6e-916d-0f64f6f89c0a'),('2f603311-524c-4f53-af84-a6a300758272','2013-04-17 23:25:29',NULL,'6547',1,'    工艺美术品及收藏品零售','aa8769d0-59e8-49be-8dab-188d170d48ef'),('2fa3ac2a-15f1-4fda-b307-741a3eb42795','2013-04-17 23:25:29',NULL,'6820',1,'  商业银行','aa8769d0-59e8-49be-8dab-188d170d48ef'),('2fc2748c-c5ca-45bc-883d-b857b0d2d2f8','2013-04-17 23:25:29',NULL,'0119',1,'    其他作物的种植','aa8769d0-59e8-49be-8dab-188d170d48ef'),('2ffa6978-343c-4786-8752-adef40bca7df','2013-04-17 23:25:29',NULL,'7491',1,'    会议及展览服务','aa8769d0-59e8-49be-8dab-188d170d48ef'),('2ffd6c39-9916-4c6c-9676-4778b6af1724','2013-04-17 23:25:29',NULL,'8431',1,'    初中教育','aa8769d0-59e8-49be-8dab-188d170d48ef'),('30b88921-09c8-4543-bee8-3af5e97a27bc','2013-04-17 23:25:29',NULL,'51',1,'铁路运输业','90acee91-24d5-45ba-8f6d-57b03abccbf5'),('30f3f426-1fad-44e8-92b8-00db5dc0eec1','2013-04-17 23:25:29',NULL,'919',1,'  其他体育','eb640627-1777-4a6e-916d-0f64f6f89c0a'),('3103cad8-96da-4801-9426-aae4c54b5390','2013-04-17 13:45:19',NULL,'340',1,'外商投资股份有限公司','29f43137-3a78-4889-be22-49e1b75f22ca'),('31127cfe-f3e8-44f0-a5c2-c8c34d3dc8a7','2013-04-17 23:25:29',NULL,'1755',1,'    绳、索、缆的制造','aa8769d0-59e8-49be-8dab-188d170d48ef'),('3115aea9-6808-43c8-8a21-67ebd355b2fe','2013-04-17 23:25:29',NULL,'56',1,'管道运输业','90acee91-24d5-45ba-8f6d-57b03abccbf5'),('316a3f31-77b6-44ef-8fb6-5beef07d7583','2013-04-17 23:25:29',NULL,'6910',1,'  证券市场管理','aa8769d0-59e8-49be-8dab-188d170d48ef'),('3184ba6d-9c50-4f35-895d-343fb4129f3a','2013-04-17 23:25:29',NULL,'2222',1,'    手工纸制造','aa8769d0-59e8-49be-8dab-188d170d48ef'),('31b65032-7ab8-4375-872f-0b317f421ca6','2013-04-17 23:25:29',NULL,'3132',1,'    建筑陶瓷制品制造','aa8769d0-59e8-49be-8dab-188d170d48ef'),('31d2dc54-4816-460a-a6fc-458eb857a345','2013-04-17 23:25:29',NULL,'141',1,'  焙烤食品制造','eb640627-1777-4a6e-916d-0f64f6f89c0a'),('31fa950a-e39a-471c-8062-370ac2360c29','2013-04-17 23:25:29',NULL,'034',1,'  狩猎和捕捉动物','eb640627-1777-4a6e-916d-0f64f6f89c0a'),('32201be3-2f70-48f5-842f-90c3f70a1fd8','2013-04-17 23:25:29',NULL,'3579',1,'    其他通用设备制造','aa8769d0-59e8-49be-8dab-188d170d48ef'),('32b29794-6cf2-4073-8276-5231ce0c979e','2013-04-17 23:25:29',NULL,'042',1,'  内陆渔业','eb640627-1777-4a6e-916d-0f64f6f89c0a'),('32c505d6-3c92-43a4-a479-e9f0abd61a22','2013-04-17 23:25:29',NULL,'3643',1,'    日用化工专用设备制造','aa8769d0-59e8-49be-8dab-188d170d48ef'),('32cb9024-f70f-44c6-a030-4f09d37df0a8','2013-04-17 23:25:29',NULL,'9800',1,'  国际组织','aa8769d0-59e8-49be-8dab-188d170d48ef'),('32d701bf-10be-4bcb-8697-b77acd1e2ef4','2013-04-17 23:25:29',NULL,'7321',1,'    图书及音像制品出租','aa8769d0-59e8-49be-8dab-188d170d48ef'),('32f1bf0d-2eff-42dc-8c3a-ad9ff4d25122','2013-04-17 23:25:29',NULL,'0519',1,'    其他农业服务','aa8769d0-59e8-49be-8dab-188d170d48ef'),('32ff71df-2a8c-4564-a9e5-deab8a6c17be','2013-04-17 23:25:29',NULL,' ',1,'    图书批发','90acee91-24d5-45ba-8f6d-57b03abccbf5'),('33021ae0-6ada-4ddf-9247-c85377f4673c','2013-04-17 23:25:29',NULL,'5520',1,'  通用航空服务','aa8769d0-59e8-49be-8dab-188d170d48ef'),('33c4e0cf-6bbf-487d-9f47-5b16cf1b3798','2013-04-17 23:25:29',NULL,'3432',1,'    金属压力容器制造','aa8769d0-59e8-49be-8dab-188d170d48ef'),('33ed142e-af54-4ede-972f-78876826a98f','2013-04-17 23:25:29',NULL,'6571',1,'    家用电器零售','aa8769d0-59e8-49be-8dab-188d170d48ef'),('33f4c579-9404-49bc-bfbf-dfe48d6a11c9','2013-04-17 23:25:29',NULL,'0111',1,'    谷物的种植','aa8769d0-59e8-49be-8dab-188d170d48ef'),('34117a33-3d61-4c91-81d2-0949104beae0','2013-04-17 23:25:29',NULL,'761',1,'  气象服务','eb640627-1777-4a6e-916d-0f64f6f89c0a'),('34230c88-8b3a-432e-a047-db572d6661b4','2013-04-17 23:25:29',NULL,'791',1,'  防洪管理','eb640627-1777-4a6e-916d-0f64f6f89c0a'),('342f112e-d1cf-496d-bcf5-39cbf65988c2','2013-04-17 23:25:29',NULL,'601',1,'  电信','eb640627-1777-4a6e-916d-0f64f6f89c0a'),('346d9e7a-c982-4dc2-a6e7-d9cd826a29f2','2013-04-17 23:25:29',NULL,'021',1,'  林木的培育和种植','eb640627-1777-4a6e-916d-0f64f6f89c0a'),('34f25dbe-badf-496a-9115-f8e26bdfffd5','2013-04-17 23:25:29',NULL,'7811',1,'    能源矿产地质勘查','aa8769d0-59e8-49be-8dab-188d170d48ef'),('35188245-186c-4020-8464-6aca85c13930','2013-04-17 23:25:29',NULL,'723',1,'  房地产中介服务','eb640627-1777-4a6e-916d-0f64f6f89c0a'),('3519efd5-8ea8-405f-a99c-fff7ddb74bec','2013-04-17 23:25:29',NULL,'3472',1,'    搪瓷卫生洁具制造','aa8769d0-59e8-49be-8dab-188d170d48ef'),('35246370-18ba-400f-bf95-cc15fc1e6582','2013-04-17 23:25:29',NULL,'203',1,'  木制品制造','eb640627-1777-4a6e-916d-0f64f6f89c0a'),('3559e3f4-6cfa-405c-bad8-440f4bee5ba7','2013-04-17 23:25:29',NULL,'2432',1,'    西乐器制造','aa8769d0-59e8-49be-8dab-188d170d48ef'),('3596d855-d0b6-45c3-90ec-3de67fdbd277','2013-04-17 23:25:29',NULL,'3543',1,'    阀门和旋塞的制造','aa8769d0-59e8-49be-8dab-188d170d48ef'),('35bd22fa-7365-4bce-8956-a5a706879cd2','2013-04-17 23:25:29',NULL,'221',1,'  纸浆制造','eb640627-1777-4a6e-916d-0f64f6f89c0a'),('35f25be3-9073-4ec3-90ee-b92e51222d8d','2013-04-17 23:25:29',NULL,'2641',1,'    涂料制造','aa8769d0-59e8-49be-8dab-188d170d48ef'),('3674bafa-825f-4177-a0ac-3207758c5ce2','2013-04-17 23:25:29',NULL,'3591',1,'    钢铁铸件制造','aa8769d0-59e8-49be-8dab-188d170d48ef'),('36834d58-e9c9-493c-8ca4-23fa1e789f30','2013-04-17 23:25:29',NULL,'6591',1,'    流动货摊零售','aa8769d0-59e8-49be-8dab-188d170d48ef'),('36a3a754-2d0d-4fe1-a6d3-47aa4b04e4e8','2013-04-17 23:25:29',NULL,'7470',1,'  市场管理','aa8769d0-59e8-49be-8dab-188d170d48ef'),('36d09916-9bf9-45fd-8f19-a33107a598e2','2013-04-17 23:25:29',NULL,'0620',1,'  褐煤的开采洗选','aa8769d0-59e8-49be-8dab-188d170d48ef'),('36e7ee80-d167-4f54-aee6-f0a20f976475','2013-04-17 23:25:29',NULL,'1364',1,'    鱼油提取及制品的制造','aa8769d0-59e8-49be-8dab-188d170d48ef'),('37157238-be05-434f-8a4f-e00009d00c89','2013-04-17 23:25:29',NULL,'2960',1,'  橡胶靴鞋制造','aa8769d0-59e8-49be-8dab-188d170d48ef'),('3728ba53-9e8f-402d-a75a-129999f761e1','2013-04-17 23:25:29',NULL,'3592',1,'    锻件及粉末冶金制品制造','aa8769d0-59e8-49be-8dab-188d170d48ef'),('3760a030-bdbe-472d-895b-566ae38a1440','2013-04-17 23:25:29',NULL,'8530',1,'  门诊部医疗活动','aa8769d0-59e8-49be-8dab-188d170d48ef'),('37a7b8ce-3508-4c7f-b02e-3615acde04be','2013-04-17 23:25:29',NULL,'5090',1,'    其他未列明的建筑活动','aa8769d0-59e8-49be-8dab-188d170d48ef'),('381f2b4a-83fe-4e66-a6db-54841aeb0b10','2013-04-17 23:25:29',NULL,'3139',1,'    其他建筑材料制造','aa8769d0-59e8-49be-8dab-188d170d48ef'),('38467a76-71f2-4c9d-8cee-fea8b38cc653','2013-04-17 23:25:29',NULL,'746',1,'  职业中介服务','eb640627-1777-4a6e-916d-0f64f6f89c0a'),('389063ab-81ce-4dff-a47f-41b580f5eb4f','2013-04-17 23:25:29',NULL,'2613',1,'    无机盐制造','aa8769d0-59e8-49be-8dab-188d170d48ef'),('38a89956-1cd9-4713-9e69-bf91edcb5abc','2013-04-17 23:25:29',NULL,'9210',1,'  室内娱乐活动','aa8769d0-59e8-49be-8dab-188d170d48ef'),('38dad004-baca-4f32-8079-fec62abedf9d','2013-04-17 23:25:29',NULL,'3552',1,'    齿轮、传动和驱动部件制造','aa8769d0-59e8-49be-8dab-188d170d48ef'),('394e966b-2957-43ce-9cdd-746dd550ebe8','2013-04-17 13:45:03',NULL,'320',1,'中外合作经营企业','29f43137-3a78-4889-be22-49e1b75f22ca'),('396f2b0d-c2f6-483b-b80d-094bcd290cfd','2013-04-17 23:25:29',NULL,'1921',1,'    皮鞋制造','aa8769d0-59e8-49be-8dab-188d170d48ef'),('3a07153f-ddda-4624-a20d-65f039442750','2013-04-17 23:25:29',NULL,'6529',1,'    其他食品零售','aa8769d0-59e8-49be-8dab-188d170d48ef'),('3a6b6642-7212-48af-8f43-929914ca8527','2013-04-17 23:25:29',NULL,'57',1,'装卸搬运和其他运输服务业','90acee91-24d5-45ba-8f6d-57b03abccbf5'),('3a908a80-2ba2-45c6-abc5-0e3ae4c8423f','2013-04-17 23:25:29',NULL,'261',1,'  基础化学原料制造','eb640627-1777-4a6e-916d-0f64f6f89c0a'),('3a9aa573-ada0-4da1-bfeb-09530097e3e1','2013-04-17 23:25:29',NULL,'3969',1,'    其他非电力家用器具制造','aa8769d0-59e8-49be-8dab-188d170d48ef'),('3ab6f8fc-5797-401e-8af6-393936e9a65c','2013-04-17 23:25:29',NULL,'6810',1,'  中央银行','aa8769d0-59e8-49be-8dab-188d170d48ef'),('3abde373-ecf9-49c2-81f0-942857899eaa','2013-04-17 23:25:29',NULL,'83',1,'其他服务业','90acee91-24d5-45ba-8f6d-57b03abccbf5'),('3ad6c607-dc8c-461c-8519-9b4ac861af8f','2013-04-17 23:25:29',NULL,'55',1,'航空运输业','90acee91-24d5-45ba-8f6d-57b03abccbf5'),('3ad75a8c-006f-4a2d-8969-d194b76b75b1','2013-04-17 23:25:29',NULL,'M',1,'科学研究、技术服务和地质勘查业','0d8869f8-d746-40a5-8606-76899fbee826'),('3ade5e73-a729-48ad-825d-508297af1f64','2013-04-17 23:25:29',NULL,'3679',1,'    其他农林牧渔业机械制造及机械修理','aa8769d0-59e8-49be-8dab-188d170d48ef'),('3b023896-495c-4ed8-a40f-cc9a9dbf2d8a','2013-04-17 23:25:29',NULL,'4113',1,'    绘图、计算及测量仪器制造','aa8769d0-59e8-49be-8dab-188d170d48ef'),('3b0aa723-dad0-45ce-84fe-34d68d1be7b5','2013-04-17 23:25:29',NULL,'6579',1,'    其他电子产品零售','aa8769d0-59e8-49be-8dab-188d170d48ef'),('3b23867c-9f92-4462-8531-a382d8e68236','2013-04-17 23:25:29',NULL,'361',1,'  矿山、冶金、建筑专用设备制造','eb640627-1777-4a6e-916d-0f64f6f89c0a'),('3b395a83-87df-4c2f-8db9-812870e50e63','2013-04-17 23:25:29',NULL,' ',1,'  人民法院和人民检察院','aa8769d0-59e8-49be-8dab-188d170d48ef'),('3bccddb8-f70d-420e-87e2-5e4d8cff9acf','2013-04-17 23:25:29',NULL,'4159',1,'    其他文化、办公用机械制造','aa8769d0-59e8-49be-8dab-188d170d48ef'),('3bfb0f97-b95f-4ce2-b184-8863f3a96e29','2013-04-17 23:25:29',NULL,'4217',1,'    地毯、挂毯制造','aa8769d0-59e8-49be-8dab-188d170d48ef'),('3bfdb620-6b82-4200-b21c-be1f1ff43786','2013-04-17 23:25:29',NULL,'6331',1,'    纺织品、针织品及原料批发','aa8769d0-59e8-49be-8dab-188d170d48ef'),('3c0cb52c-78a0-424b-8e78-8039d9830ab8','2013-04-17 23:25:29',NULL,'72',1,'房地产业','90acee91-24d5-45ba-8f6d-57b03abccbf5'),('3c38b9b6-8bff-4550-bda7-2f059529267c','2013-04-17 23:25:29',NULL,'5710',1,'  装卸搬运','aa8769d0-59e8-49be-8dab-188d170d48ef'),('3c50858c-4407-4d61-aecf-c39a2d7aecdb','2013-04-17 23:25:29',NULL,'29',1,'橡胶制品业','90acee91-24d5-45ba-8f6d-57b03abccbf5'),('3c7f0591-ebe2-4cae-85d4-ad1e46f1033b','2013-04-17 23:25:29',NULL,'3724',1,'    汽车车身、挂车的制造','aa8769d0-59e8-49be-8dab-188d170d48ef'),('3c8c4f26-1a5b-483d-8c63-39324d1eb883','2013-04-17 23:25:29',NULL,'2930',1,'  橡胶零件制造','aa8769d0-59e8-49be-8dab-188d170d48ef'),('3ca7be1c-25ae-4b5e-9a92-41ecf112339e','2013-01-05 10:10:37',NULL,'0',1,'集团','fac28ae6-17b4-47c1-90c5-8796757bba3d'),('3cc89c0a-f470-4777-ab09-b8c3401426ed','2013-04-17 23:25:29',NULL,'631',1,'  农畜产品批发','eb640627-1777-4a6e-916d-0f64f6f89c0a'),('3cdd596e-4f7e-4e13-81c8-0c2c974f0503','2013-04-17 23:25:29',NULL,'2653',1,'    合成纤维单(聚合)体的制造','aa8769d0-59e8-49be-8dab-188d170d48ef'),('3d11bd20-7f18-4c18-b630-04bba4cdc97d','2013-04-17 23:25:29',NULL,'H',1,'批发和零售业','0d8869f8-d746-40a5-8606-76899fbee826'),('3d36f84c-9adb-4de2-8a46-b405eb62366a','2013-04-17 23:25:29',NULL,'4500',1,'  燃气生产和供应业','aa8769d0-59e8-49be-8dab-188d170d48ef'),('3d85b727-fce2-4131-90a0-918e7413fd2f','2013-04-17 23:25:29',NULL,'45',1,'燃气生产和供应业','90acee91-24d5-45ba-8f6d-57b03abccbf5'),('3d9798c5-c341-4e7a-abf8-bd6b697bf2c9','2013-04-17 23:25:29',NULL,'6545',1,'    音像制品及电子出版物零售','aa8769d0-59e8-49be-8dab-188d170d48ef'),('3d9e02b0-1d50-4ba6-b362-eea0cb1e6ee0','2013-04-17 23:25:29',NULL,'3149',1,'    其他玻璃制品制造','aa8769d0-59e8-49be-8dab-188d170d48ef'),('3ddc69ec-abb5-4992-8268-cda7bebfb707','2013-04-17 23:25:29',NULL,'3719',1,'    其他铁路设备制造及设备修理','aa8769d0-59e8-49be-8dab-188d170d48ef'),('3dec9bbf-e860-4f89-b76a-eb098eaf7579','2013-04-17 23:25:29',NULL,'3642',1,'    印刷专用设备制造','aa8769d0-59e8-49be-8dab-188d170d48ef'),('3e1dd566-dc31-407e-b539-0b0dcd556a5d','2013-04-17 23:25:29',NULL,' ',1,'    基础软件服务','eb640627-1777-4a6e-916d-0f64f6f89c0a'),('3e2cc2c3-0914-4f6e-bd28-625606b94f9f','2013-04-17 23:25:29',NULL,'8513',1,'    中西医结合医院','aa8769d0-59e8-49be-8dab-188d170d48ef'),('3e5fa2c4-b47b-4fdd-a54f-4c4fda2cde4e','2015-07-18 22:21:20','摘要信息长度','headline.length',1,'200',NULL),('3edd4ab9-2beb-439b-88f8-1ec4d9519729','2013-04-17 23:25:29',NULL,'6332',1,'    服装批发','aa8769d0-59e8-49be-8dab-188d170d48ef'),('3eea4997-2724-427f-ab57-37126fe1117b','2013-04-17 23:25:29',NULL,'0116',1,'    麻类的种植','aa8769d0-59e8-49be-8dab-188d170d48ef'),('3f0bcdbb-35b1-42d0-a5cd-0a33a8ad3a0c','2013-04-17 23:25:29',NULL,'54',1,'水上运输业','90acee91-24d5-45ba-8f6d-57b03abccbf5'),('3f0dbeea-cee1-4ff6-beab-2c7b96283ba3','2013-04-17 23:25:29',NULL,'658',1,'  五金、家具及室内装修材料专门零售','eb640627-1777-4a6e-916d-0f64f6f89c0a'),('3f166612-fc25-4c66-bbcc-b1a5205805cc','2013-04-17 23:25:29',NULL,'3143',1,'    光学玻璃制造','aa8769d0-59e8-49be-8dab-188d170d48ef'),('3f1f02f2-fbbb-42cd-aa71-93e32efa6c33','2013-04-17 23:25:29',NULL,'8312',1,'    办公设备维修','aa8769d0-59e8-49be-8dab-188d170d48ef'),('3f227696-ebba-42ad-ab36-602960755a8a','2013-04-17 23:25:29',NULL,'3460',1,'  金属表面处理及热处理加工','aa8769d0-59e8-49be-8dab-188d170d48ef'),('3f31c796-1b8f-4e11-9369-111b6aa339d7','2013-04-17 23:25:29',NULL,'0222',1,'    竹材的采运','aa8769d0-59e8-49be-8dab-188d170d48ef'),('3f52c9a3-d9f3-4f36-a034-49bc49f58e36','2013-04-17 23:25:29',NULL,'894',1,'  音像制作','eb640627-1777-4a6e-916d-0f64f6f89c0a'),('3f7c400e-55c1-4dc0-b458-9477f8fa5cd7','2013-04-17 23:25:29',NULL,'86',1,'社会保障业','90acee91-24d5-45ba-8f6d-57b03abccbf5'),('3fdb91d6-66b2-46c9-93ad-6db69f091627','2013-04-17 23:25:29',NULL,'855',1,'  妇幼保健活动','eb640627-1777-4a6e-916d-0f64f6f89c0a'),('3ffe7508-f819-4876-846e-a1c0a77983aa','2013-04-17 23:25:29',NULL,'7190',1,'  其他未列明的金融活动','aa8769d0-59e8-49be-8dab-188d170d48ef'),('4003591d-f642-4a46-a81a-e76c0a4667bc','2013-04-17 23:25:29',NULL,'355',1,'  轴承、齿轮、传动和驱动部件的制造','eb640627-1777-4a6e-916d-0f64f6f89c0a'),('400a1154-9493-4f87-848e-3ec609ef7bbd','2013-04-17 23:25:29',NULL,'3684',1,'    医疗、外科及兽医用器械制造','aa8769d0-59e8-49be-8dab-188d170d48ef'),('401a045b-d562-4a65-89cc-a8ef16673e40','2013-04-17 23:25:29',NULL,'3576',1,'    包装专用设备制造','aa8769d0-59e8-49be-8dab-188d170d48ef'),('4037a958-67a2-4bae-987c-a1ec9fbf7627','2013-04-17 23:25:29',NULL,'3921',1,'    变压器、整流器和电感器制造','aa8769d0-59e8-49be-8dab-188d170d48ef'),('40675f7a-56ea-4ffa-961d-82cb3402d2f1','2013-04-17 23:25:29',NULL,'1392',1,'    豆制品制造','aa8769d0-59e8-49be-8dab-188d170d48ef'),('40929e5e-26df-45f8-bf99-d4949d9956f4','2013-04-17 23:25:29',NULL,'6327',1,'    烟草制品批发','aa8769d0-59e8-49be-8dab-188d170d48ef'),('40bc72b8-3a76-4dde-8951-c3de2fb11dc0','2013-04-17 23:25:29',NULL,'6130',1,'  计算机维修','aa8769d0-59e8-49be-8dab-188d170d48ef'),('40e6f75b-2367-4942-97f4-714579556609','2013-04-17 23:25:29',NULL,'6334',1,'    厨房、卫生间用具及日用杂货批发','aa8769d0-59e8-49be-8dab-188d170d48ef'),('40f6635d-e72d-4897-9016-3617996241a0','2013-04-17 23:25:29',NULL,'6940',1,'  证券分析与咨询','aa8769d0-59e8-49be-8dab-188d170d48ef'),('40fa25f2-1bd7-4370-bd0c-d2b9e717261a','2013-04-17 23:25:29',NULL,'6366',1,'    化肥批发','aa8769d0-59e8-49be-8dab-188d170d48ef'),('410f10fe-d7bc-432b-bfc0-a30559a3e998','2013-04-17 23:25:29',NULL,'941',1,'  国家权力机构','eb640627-1777-4a6e-916d-0f64f6f89c0a'),('4113a5bd-8664-451b-934f-8f8e588abaaa','2013-04-17 23:25:29',NULL,'332',1,'  贵金属冶炼','eb640627-1777-4a6e-916d-0f64f6f89c0a'),('41145465-58ce-486a-a3b7-c40d44f2ea96','2013-04-17 23:25:29',NULL,'9230',1,'  休闲健身娱乐活动','aa8769d0-59e8-49be-8dab-188d170d48ef'),('412f9e3a-c402-46e1-a117-9b209df0f517','2013-04-17 23:25:29',NULL,'9060',1,'  烈士陵园、纪念馆','aa8769d0-59e8-49be-8dab-188d170d48ef'),('41417d7b-95ae-4221-8153-1e59ee9695e7','2013-04-17 23:25:29',NULL,'2644',1,'    染料制造','aa8769d0-59e8-49be-8dab-188d170d48ef'),('416fa105-56dc-48cb-a98d-4bb793ab0ce7','2013-04-17 23:25:29',NULL,'6599',1,'    其他未列明的零售','aa8769d0-59e8-49be-8dab-188d170d48ef'),('41a2c7b0-2249-4a97-9f46-f8a0f3ea97ea','2013-04-17 23:25:29',NULL,'2040',1,'  竹、藤、棕、草制品制造','aa8769d0-59e8-49be-8dab-188d170d48ef'),('41b67188-3085-4530-8412-4e75926839ec','2013-04-17 23:25:29',NULL,'0915',1,'    锑矿采选','aa8769d0-59e8-49be-8dab-188d170d48ef'),('41eaaf6b-c6ac-4a56-8987-eb10958fb76e','2013-04-17 23:25:29',NULL,'0919',1,'    其他常用有色金属矿采选','aa8769d0-59e8-49be-8dab-188d170d48ef'),('41f1ee69-b12c-45fd-89db-17cee8057bfc','2013-04-17 23:25:29',NULL,'294',1,'  再生橡胶制造','eb640627-1777-4a6e-916d-0f64f6f89c0a'),('4237410d-f12c-477d-a511-5264ae081d83','2013-04-17 23:25:29',NULL,'1439',1,'    方便面及其他方便食品制造','aa8769d0-59e8-49be-8dab-188d170d48ef'),('425a059e-35c6-4758-a807-436ab305890c','2013-03-21 21:56:03',NULL,'customer',1,'用户权限','d310b390-8c97-4936-a32a-e23f5ff03aca'),('427ab837-93e2-400b-a9ad-d26a4607c39d','2013-04-17 23:25:29',NULL,'7314',1,'    计算机及通讯设备租赁','aa8769d0-59e8-49be-8dab-188d170d48ef'),('4289eb4e-fb6d-430f-a5c8-876fc2f1f705','2013-04-17 23:25:29',NULL,'372',1,'  汽车制造','eb640627-1777-4a6e-916d-0f64f6f89c0a'),('428dc0bc-a1b7-4946-a658-022860288c2b','2013-04-17 23:25:29',NULL,' ',1,'畜牧业','eb640627-1777-4a6e-916d-0f64f6f89c0a'),('42a6d45a-393a-4a78-a207-a9897f4cbb68','2013-04-17 23:25:29',NULL,'3692',1,'    地质勘查专用设备制造','aa8769d0-59e8-49be-8dab-188d170d48ef'),('42a855e3-d355-4920-9ecd-990db6aaf95d','2013-04-17 23:25:29',NULL,' ',1,'建筑装饰业','aa8769d0-59e8-49be-8dab-188d170d48ef'),('42bf167c-f195-4525-b318-dddd5b453507','2013-04-17 23:25:29',NULL,'6720',1,'  快餐服务','aa8769d0-59e8-49be-8dab-188d170d48ef'),('42ef48d8-9e38-49dd-b64f-265990c75302','2013-04-17 23:25:29',NULL,'7311',1,'    汽车租赁','aa8769d0-59e8-49be-8dab-188d170d48ef'),('43028592-b30b-4b16-b298-c12976e86e7f','2013-04-17 23:25:29',NULL,'162',1,'  卷烟制造','eb640627-1777-4a6e-916d-0f64f6f89c0a'),('43190573-085a-4e84-8287-18845e9ca4ea','2013-04-18 13:24:06',NULL,'12',1,'字符','c3dd5124-17e0-4e86-839c-ba9d032cd443'),('431eb44e-a2e3-4de2-bbc7-3f0a5381e5c4','2013-04-17 23:25:29',NULL,'292',1,'  橡胶板、管、带的制造','eb640627-1777-4a6e-916d-0f64f6f89c0a'),('43284b8e-026c-4629-87e6-be393e08c3de','2013-04-17 23:25:29',NULL,'4710',1,'  房屋工程建筑','aa8769d0-59e8-49be-8dab-188d170d48ef'),('43442742-dda6-43e8-b18c-b1de2a79ce8b','2013-04-17 23:25:29',NULL,'7220',1,'  物业管理','aa8769d0-59e8-49be-8dab-188d170d48ef'),('43dffb3c-bf56-4962-a661-75cedfe0cf1a','2013-04-17 23:25:29',NULL,'3220',1,'  炼钢','aa8769d0-59e8-49be-8dab-188d170d48ef'),('4408f81d-5b66-4bae-8c91-8d348786db7e','2013-04-18 13:24:23',NULL,'93',1,'时间','c3dd5124-17e0-4e86-839c-ba9d032cd443'),('44195df4-dae3-4681-ba8b-e12bde22040f','2013-04-17 23:25:29',NULL,'1012',1,'    建筑装饰用石开采','aa8769d0-59e8-49be-8dab-188d170d48ef'),('443c737c-c5b7-4549-b7e0-538a202fd375','2013-04-17 23:25:29',NULL,'9422',1,'    对外事务管理机构','aa8769d0-59e8-49be-8dab-188d170d48ef'),('446aca37-dc7f-42cd-863a-8fd76f239a00','2013-04-17 23:25:29',NULL,'012',1,'  蔬菜、园艺作物的种植','eb640627-1777-4a6e-916d-0f64f6f89c0a'),('4480d98b-025b-4db5-a048-2f48e4f98e92','2013-04-17 23:25:29',NULL,'53',1,'城市公共交通业','90acee91-24d5-45ba-8f6d-57b03abccbf5'),('44a124bf-2a11-4d3a-b880-7b0f76251e2b','2013-04-17 23:25:29',NULL,'3141',1,'    平板玻璃制造','aa8769d0-59e8-49be-8dab-188d170d48ef'),('44caac5e-64c2-41e5-9a22-6a57e9788362','2013-04-17 23:25:29',NULL,'146',1,'  调味品、发酵制品制造','eb640627-1777-4a6e-916d-0f64f6f89c0a'),('450a115e-4e45-46c5-9ffb-d1ba90216e96','2013-04-17 13:43:49',NULL,'190',1,'其他内资企业','29f43137-3a78-4889-be22-49e1b75f22ca'),('4525d5f7-b3fd-4575-bd65-16e385bf2412','2013-04-17 23:25:29',NULL,'3912',1,'    电动机制造','aa8769d0-59e8-49be-8dab-188d170d48ef'),('45260ea8-f83a-4b09-b9ab-27fb2ca95aad','2013-04-17 23:25:29',NULL,'502',1,'    提供施工设备服务','eb640627-1777-4a6e-916d-0f64f6f89c0a'),('45358ee4-a938-4aa1-8160-cd917b40a297','2013-04-17 23:25:29',NULL,'312',1,'  水泥及石膏制品制造','eb640627-1777-4a6e-916d-0f64f6f89c0a'),('456b70cd-59fa-492e-9301-c3192b6b74d6','2013-04-17 23:25:29',NULL,'C',1,'制造业','0d8869f8-d746-40a5-8606-76899fbee826'),('457ff0fe-89b3-446b-ad3c-6b081c1cb213','2013-04-17 23:25:29',NULL,'7921',1,'    水库管理','aa8769d0-59e8-49be-8dab-188d170d48ef'),('45970ab5-6f5b-4d7d-848e-ae5e083a96e5','2013-04-17 23:25:29',NULL,'0117',1,'    糖料的种植','aa8769d0-59e8-49be-8dab-188d170d48ef'),('45ea07ab-999a-42f5-872e-01ef4fb89f25','2013-04-17 23:25:29',NULL,'633',1,'  纺织、服装及日用品批发','eb640627-1777-4a6e-916d-0f64f6f89c0a'),('45f81fd1-a320-44d7-86cc-adf38f45ca79','2013-04-17 23:25:29',NULL,' ',1,'建筑安装业','eb640627-1777-4a6e-916d-0f64f6f89c0a'),('46271863-c191-4f12-a8c1-88aac801ff85','2013-04-17 23:25:29',NULL,'0390',1,'  其他畜牧业','aa8769d0-59e8-49be-8dab-188d170d48ef'),('4654203f-47fa-49de-ab64-75db66da14ed','2013-04-17 23:25:29',NULL,'971',1,'  社区自治组织','eb640627-1777-4a6e-916d-0f64f6f89c0a'),('4660efcd-414d-43c7-b085-db6606f14e45','2013-04-17 23:25:29',NULL,'8514',1,'    民族医院','aa8769d0-59e8-49be-8dab-188d170d48ef'),('4669f88c-400f-409d-9203-733fdd0206bd','2013-04-17 23:25:29',NULL,'7660',1,'  环境监测','aa8769d0-59e8-49be-8dab-188d170d48ef'),('467038fc-60a4-4d23-b8de-463129d1876b','2013-04-17 23:25:29',NULL,'4122',1,'    汽车及其他用计数仪表制造','aa8769d0-59e8-49be-8dab-188d170d48ef'),('46ad5f9e-0980-4798-be22-53a2c937d444','2013-04-17 23:25:29',NULL,' ',1,'其他建筑业','eb640627-1777-4a6e-916d-0f64f6f89c0a'),('4704f2a1-1533-4aed-86b5-9254d7c777f3','2013-04-17 23:25:29',NULL,'1932',1,'    毛皮服装加工','aa8769d0-59e8-49be-8dab-188d170d48ef'),('470e664a-e219-4aea-992b-8d4aeeb47105','2013-04-17 23:25:29',NULL,'2021',1,'    胶合板制造','aa8769d0-59e8-49be-8dab-188d170d48ef'),('4762b942-e691-459a-8f83-efd5a6f8bde4','2013-04-17 23:25:29',NULL,' ',1,'    其他未列明的建筑活动','90acee91-24d5-45ba-8f6d-57b03abccbf5'),('4771c5df-ace7-47ea-8980-73b1a4b1c2f7','2013-04-17 23:25:29',NULL,'3514',1,'    水轮机及辅机制造','aa8769d0-59e8-49be-8dab-188d170d48ef'),('4787d021-4246-424c-bc71-2986e3306d51','2013-04-17 23:25:29',NULL,'1756',1,'    纺织带和帘子布制造','aa8769d0-59e8-49be-8dab-188d170d48ef'),('478cbd73-b379-4dd7-b87d-247fb0209f43','2013-04-17 23:25:29',NULL,'368',1,'  医疗仪器设备及器械制造','eb640627-1777-4a6e-916d-0f64f6f89c0a'),('478dd51e-4ca6-414e-a355-3c1a3b4bf27a','2013-04-17 23:25:29',NULL,'822',1,'  托儿所','eb640627-1777-4a6e-916d-0f64f6f89c0a'),('47a43866-0e91-4cc1-9ec1-b4ed49233df7','2013-04-17 23:25:29',NULL,'3961',1,'    燃气、太阳能及类似能源的器具制造','aa8769d0-59e8-49be-8dab-188d170d48ef'),('483240c8-dc5d-4e12-aa5e-b4c5f3309ed0','2012-12-27 13:37:05',NULL,'true',1,'是','2cb9c8ec-2649-4568-b0a5-17ab20182e87'),('483ac8f7-837d-409f-a80f-3ab9f8f33c42','2013-04-12 12:33:00',NULL,'2',1,'高级','4d4d69c7-238d-48dc-a3c2-95151abfe361'),('48433cf7-a87c-4d9c-afc0-79c7292b396e','2013-04-17 23:25:29',NULL,'872',1,'  不提供住宿的社会福利','eb640627-1777-4a6e-916d-0f64f6f89c0a'),('486e7948-19b2-4881-ab37-f3f7dff975a8','2013-04-17 23:25:29',NULL,'902',1,'  艺术表演场馆','eb640627-1777-4a6e-916d-0f64f6f89c0a'),('48abe82e-5f41-48fc-add1-74d397e7535c','2013-04-17 23:25:29',NULL,'35',1,'通用设备制造业','90acee91-24d5-45ba-8f6d-57b03abccbf5'),('48cbf3a7-78a3-450f-b138-a62f3eaf86b8','2013-04-17 23:25:29',NULL,'50',1,'其他建筑业','90acee91-24d5-45ba-8f6d-57b03abccbf5'),('48db95cc-97ae-4408-a71a-63f923d421e8','2013-04-17 23:25:29',NULL,'49',1,'建筑装饰业','90acee91-24d5-45ba-8f6d-57b03abccbf5'),('48f5122a-519f-429a-b3a3-6925de27658c','2013-04-17 23:25:29',NULL,'7990',1,'  其他水利管理','aa8769d0-59e8-49be-8dab-188d170d48ef'),('49449a72-9612-478d-8c5d-26567107820d','2013-04-17 23:25:29',NULL,'2824',1,'    维纶纤维制造','aa8769d0-59e8-49be-8dab-188d170d48ef'),('4980f557-07be-4a48-8d5d-31bfad9790ae','2013-04-17 23:25:29',NULL,'266',1,'  专用化学产品制造','eb640627-1777-4a6e-916d-0f64f6f89c0a'),('4a08c92f-7c88-47fe-b54f-0f6690be5da2','2013-04-17 23:25:29',NULL,'3422',1,'    手工具制造','aa8769d0-59e8-49be-8dab-188d170d48ef'),('4a0a446c-3d8f-41b7-bc90-ec67651409dd','2013-04-17 23:25:29',NULL,'59',1,'邮政业','90acee91-24d5-45ba-8f6d-57b03abccbf5'),('4a0ddbbd-4d4a-435e-819f-35de74a7fb50','2013-04-17 23:25:29',NULL,'2829',1,'    其他合成纤维制造','aa8769d0-59e8-49be-8dab-188d170d48ef'),('4a23f777-484c-4f82-aa3a-12efc5f57352','2013-04-17 23:25:29',NULL,'5439',1,'    其他水上运输辅助活动','aa8769d0-59e8-49be-8dab-188d170d48ef'),('4a2cde35-d248-4aff-af61-f3b1e5ce41bd','2013-04-17 23:25:29',NULL,'2642',1,'    油墨及类似产品制造','aa8769d0-59e8-49be-8dab-188d170d48ef'),('4a4713e8-002e-411c-9b64-62d8e83e6c52','2013-04-17 23:25:29',NULL,'7530',1,'  农业科学研究与试验发展','aa8769d0-59e8-49be-8dab-188d170d48ef'),('4b1476f9-3eed-4d5c-af24-7a3fad86bb17','2013-04-17 23:25:29',NULL,' ',1,'    其他水上运输辅助活动','eb640627-1777-4a6e-916d-0f64f6f89c0a'),('4b1d62f8-0bf5-43bb-a90a-d78d000f8125','2013-04-17 23:25:29',NULL,'6374',1,'    家用电器批发','aa8769d0-59e8-49be-8dab-188d170d48ef'),('4b8a0690-8a9a-44df-aeee-11bd3b83a0ff','2013-04-17 23:25:29',NULL,'1753',1,'    麻制品制造','aa8769d0-59e8-49be-8dab-188d170d48ef'),('4ba6cd12-6c30-4304-9fb9-cc6d5362314c','2013-04-17 23:25:29',NULL,'293',1,'  橡胶零件制造','eb640627-1777-4a6e-916d-0f64f6f89c0a'),('4c12837a-be6e-486c-bb59-aed4a4250d16','2013-04-17 23:25:29',NULL,'1451',1,'    肉、禽类罐头制造','aa8769d0-59e8-49be-8dab-188d170d48ef'),('4c22f58e-6eed-405d-a2bd-ab2121e5df9e','2013-04-17 23:25:29',NULL,'204',1,'  竹、藤、棕、草制品制造','eb640627-1777-4a6e-916d-0f64f6f89c0a'),('4c304140-45ec-4a0d-ad77-e33a1add0966','2013-04-17 23:25:29',NULL,'0913',1,'    镍钴矿采选','aa8769d0-59e8-49be-8dab-188d170d48ef'),('4c36a1b3-abf8-4c1d-a7f5-5ea96f40742d','2013-04-17 23:25:29',NULL,'2190',1,'  其他家具制造','aa8769d0-59e8-49be-8dab-188d170d48ef'),('4c7047ca-fbe8-4e17-9c79-58fe3e44a223','2013-04-17 23:25:29',NULL,'304',1,'  泡沫塑料制造','eb640627-1777-4a6e-916d-0f64f6f89c0a'),('4c768d0d-034a-40d7-a0de-204125ae77e7','2013-04-17 23:25:29',NULL,'2012',1,'    木片加工','aa8769d0-59e8-49be-8dab-188d170d48ef'),('4cce3ddc-9672-4085-a27c-e0e4ad5c8cb2','2013-04-17 23:25:29',NULL,'401',1,'  通信设备制造','eb640627-1777-4a6e-916d-0f64f6f89c0a'),('4ce33b32-7881-474c-b134-24b9377e8c3a','2013-04-17 23:25:29',NULL,'3615',1,'    冶金专用设备制造    ','aa8769d0-59e8-49be-8dab-188d170d48ef'),('4cf7ff18-e92a-493c-bccd-1362daade45f','2013-04-17 23:25:29',NULL,'7140',1,'  邮政储蓄','aa8769d0-59e8-49be-8dab-188d170d48ef'),('4d45d48a-771b-425c-add9-120b3479d851','2013-04-17 23:25:29',NULL,'365',1,'  纺织、服装和皮革工业专用设备制造','eb640627-1777-4a6e-916d-0f64f6f89c0a'),('4db9df77-bd3b-4a05-86c2-9b42db8d7287','2013-04-17 23:25:29',NULL,'032',1,'  猪的饲养','eb640627-1777-4a6e-916d-0f64f6f89c0a'),('4dc79ee6-7269-4109-8e78-e4337e3195d7','2013-04-17 23:25:29',NULL,'857',1,'  疾病预防控制及防疫活动','eb640627-1777-4a6e-916d-0f64f6f89c0a'),('4dcf444f-8de8-4a6f-a46a-8b5e9252a8cc','2013-04-17 23:25:29',NULL,'7412',1,'    投资与资产管理','aa8769d0-59e8-49be-8dab-188d170d48ef'),('4de9de96-82d3-435d-adcc-4c781211679c','2013-04-17 23:25:29',NULL,'1510',1,'  酒精制造','aa8769d0-59e8-49be-8dab-188d170d48ef'),('4df47f1d-d6a7-45cf-99df-0f5b940d4ba1','2013-04-17 23:25:29',NULL,'9520',1,'  民主党派','aa8769d0-59e8-49be-8dab-188d170d48ef'),('4e64785a-f681-42a3-bdf1-b094149ef600','2013-04-17 23:25:29',NULL,'331',1,'  常用有色金属冶炼','eb640627-1777-4a6e-916d-0f64f6f89c0a'),('4e767d88-18e6-4283-a9d4-4dcaaa73a0af','2013-04-17 23:25:29',NULL,'4610',1,'  自来水的生产和供应','aa8769d0-59e8-49be-8dab-188d170d48ef'),('4e794215-64fe-46e0-aed2-ca235cce313c','2013-04-17 23:25:29',NULL,'763',1,'  海洋服务','eb640627-1777-4a6e-916d-0f64f6f89c0a'),('4ea0c971-d270-4936-b820-163b60bae17d','2013-04-17 23:25:29',NULL,'1099',1,'    其他非金属矿采选','aa8769d0-59e8-49be-8dab-188d170d48ef'),('4ec4646f-338b-4c60-9408-55bb14c5da88','2013-04-17 23:25:29',NULL,'1019',1,'    粘土及其他土砂石开采','aa8769d0-59e8-49be-8dab-188d170d48ef'),('4ee729af-7360-4280-ba5c-7a53e69e6bdf','2013-04-17 23:25:29',NULL,'1522',1,'    啤酒制造','aa8769d0-59e8-49be-8dab-188d170d48ef'),('4ef21477-5e02-4d1c-a9be-d2a06e186c82','2013-04-17 23:25:29',NULL,'0921',1,'    金矿采选','aa8769d0-59e8-49be-8dab-188d170d48ef'),('4f69bb4a-4e27-46a6-ac3e-ff4f3e85d2e5','2013-04-17 23:25:29',NULL,' ',1,'国际组织','aa8769d0-59e8-49be-8dab-188d170d48ef'),('4f7dd1f1-2574-4b98-9bef-e06bf30490fd','2013-04-17 23:25:29',NULL,'4413',1,'    核力发电','aa8769d0-59e8-49be-8dab-188d170d48ef'),('4f9f5953-4215-48a3-8939-be9aa6dff93a','2013-04-17 23:25:29',NULL,'4721',1,'    铁路、道路、隧道和桥梁工程建筑    ','aa8769d0-59e8-49be-8dab-188d170d48ef'),('4fa0a518-695d-4917-bfb1-c6b02cbb71a8','2013-04-17 23:25:29',NULL,'1722',1,'    毛纺织','aa8769d0-59e8-49be-8dab-188d170d48ef'),('50210f84-46d4-475a-a676-e31e187aa847','2013-04-17 23:25:29',NULL,'828',1,'  摄影扩印服务','eb640627-1777-4a6e-916d-0f64f6f89c0a'),('5026ccf4-7856-472d-9dec-30594aa61a50','2013-04-17 23:25:29',NULL,'3313',1,'    镍钴冶炼','aa8769d0-59e8-49be-8dab-188d170d48ef'),('505297bb-1ae6-46fa-b418-41edd7991009','2013-04-17 23:25:29',NULL,'313',1,'  砖瓦、石材及其他建筑材料制造','eb640627-1777-4a6e-916d-0f64f6f89c0a'),('505b63d6-8219-4907-9427-ca10e3901b0c','2013-04-17 13:40:01',NULL,'130',1,'股份合作企业','29f43137-3a78-4889-be22-49e1b75f22ca'),('506738ca-d822-4d36-915a-199cc9d492d9','2013-04-17 23:25:29',NULL,'062',1,'  褐煤的开采洗选','eb640627-1777-4a6e-916d-0f64f6f89c0a'),('5087b5d9-57f4-4969-9bf0-523a239fc42b','2013-04-17 23:25:29',NULL,'3121',1,'    水泥制品制造','aa8769d0-59e8-49be-8dab-188d170d48ef'),('50e8ead0-d205-471a-abcf-4f6f8539e7b1','2013-04-17 23:25:29',NULL,'5413',1,'    内河旅客运输','aa8769d0-59e8-49be-8dab-188d170d48ef'),('50ea357d-539a-40b3-94a0-f4bbc01723b5','2013-04-17 23:25:29',NULL,'9290',1,'  其他娱乐活动','aa8769d0-59e8-49be-8dab-188d170d48ef'),('50fe4ea2-852c-44f0-b9c7-02124deec6b9','2013-04-17 23:25:29',NULL,'2624',1,'    复混肥料制造','aa8769d0-59e8-49be-8dab-188d170d48ef'),('510dbabc-ea8f-49b9-afce-3da280f8d5d1','2013-04-17 23:25:29',NULL,'5232',1,'    公路管理与养护','aa8769d0-59e8-49be-8dab-188d170d48ef'),('515b1e7f-8990-4f60-b6e5-0b75a7248f22','2013-04-17 23:25:29',NULL,'0911',1,'    铜矿采选','aa8769d0-59e8-49be-8dab-188d170d48ef'),('5176c2d6-19b0-4cab-82bb-d9367b12d31d','2013-04-17 23:25:29',NULL,'6391',1,'    再生物资回收与批发','aa8769d0-59e8-49be-8dab-188d170d48ef'),('51b56ba4-cad8-4c0a-b040-47793acdd3a3','2013-04-17 23:25:29',NULL,'8920',1,'  电视','aa8769d0-59e8-49be-8dab-188d170d48ef'),('51c1d10c-a248-4688-a6f6-f7a858c87c0f','2013-04-17 23:25:29',NULL,'3641',1,'    制浆和造纸专用设备制造','aa8769d0-59e8-49be-8dab-188d170d48ef'),('51f744a5-9a95-4d38-a2f0-da410ce5e194','2013-04-17 23:25:29',NULL,'3951',1,'    家用制冷电器具制造','aa8769d0-59e8-49be-8dab-188d170d48ef'),('527756b7-4383-4434-b6db-8594039284ee','2013-04-17 23:25:29',NULL,'0914',1,'    锡矿采选','aa8769d0-59e8-49be-8dab-188d170d48ef'),('52785dee-524a-42a0-abeb-53b739296253','2013-04-17 23:25:29',NULL,'8012',1,'    野生动植物保护','aa8769d0-59e8-49be-8dab-188d170d48ef'),('5281717d-e6ea-4ef1-a05d-9b70480cf6cb','2013-04-17 13:44:46',NULL,'300',1,'外商投资企业','29f43137-3a78-4889-be22-49e1b75f22ca'),('529a9220-13e2-46a2-a025-04aa44d29cc5','2013-04-17 23:25:29',NULL,'78',1,'地质勘查业','90acee91-24d5-45ba-8f6d-57b03abccbf5'),('52ac6263-02a2-4399-ba99-b25adfc02bf8','2013-04-17 23:25:29',NULL,'1523',1,'    黄酒制造','aa8769d0-59e8-49be-8dab-188d170d48ef'),('52ae023d-2169-4a3a-a073-7da28176734f','2013-04-17 23:25:29',NULL,'722',1,'  物业管理','eb640627-1777-4a6e-916d-0f64f6f89c0a'),('53057aa5-5a10-4d05-b996-a399fe8a531a','2013-04-17 23:25:29',NULL,' ',1,'住宿和餐饮业','90acee91-24d5-45ba-8f6d-57b03abccbf5'),('5328da89-99f9-42b8-949d-162e0dc5a92f','2013-04-17 23:25:29',NULL,'2320',1,'  装订及其他印刷服务活动','aa8769d0-59e8-49be-8dab-188d170d48ef'),('53412926-5435-4d8f-8f4c-6f5eb826308d','2013-04-17 23:25:29',NULL,'7312',1,'    农业机械租赁','aa8769d0-59e8-49be-8dab-188d170d48ef'),('5342a36d-02d0-4dd0-abc1-d581687595f4','2013-04-17 23:25:29',NULL,'3122',1,'    砼结构构件制造','aa8769d0-59e8-49be-8dab-188d170d48ef'),('5363a955-4f8d-4a7f-88c8-d91d01b321eb','2013-04-17 23:25:29',NULL,'3321',1,'    金冶炼','aa8769d0-59e8-49be-8dab-188d170d48ef'),('53693ed9-7680-46ad-b758-b4019ba2ae90','2013-04-17 23:25:29',NULL,'144',1,'  液体乳及乳制品制造','eb640627-1777-4a6e-916d-0f64f6f89c0a'),('53732128-1718-41ed-8b01-c4a842eee4e2','2013-04-17 23:25:29',NULL,'194',1,'  羽毛(绒)加工及制品制造','eb640627-1777-4a6e-916d-0f64f6f89c0a'),('5408a662-3f22-42f2-b624-cbf1608b8d12','2013-04-17 23:25:29',NULL,'553',1,'  航空运输辅助活动','eb640627-1777-4a6e-916d-0f64f6f89c0a'),('540aafa9-3bb5-43ba-a887-a7cc835173d3','2013-04-17 23:25:29',NULL,'06',1,'煤炭开采和洗选业','90acee91-24d5-45ba-8f6d-57b03abccbf5'),('54dcf55c-36c1-464a-9aa8-aabc4ac77855','2013-04-17 23:25:29',NULL,'2414',1,'    墨水、墨汁制造','aa8769d0-59e8-49be-8dab-188d170d48ef'),('54e30303-b5a6-4847-8ca3-a44f40b84a8c','2013-04-17 23:25:29',NULL,'1743',1,'    丝印染精加工','aa8769d0-59e8-49be-8dab-188d170d48ef'),('55201d3d-36fb-4343-8803-bd7c4c4a870f','2013-04-17 23:25:29',NULL,'701',1,'  人寿保险','eb640627-1777-4a6e-916d-0f64f6f89c0a'),('553d13a8-af01-4105-946f-b72e1f1e484c','2013-04-17 23:25:29',NULL,'3799',1,'    其他交通运输设备制造','aa8769d0-59e8-49be-8dab-188d170d48ef'),('55490e6e-eadd-4da2-a5b6-8a6f62824404','2013-04-17 23:25:29',NULL,'949',1,'  其他国家机构','eb640627-1777-4a6e-916d-0f64f6f89c0a'),('55cbda30-7718-4e08-a305-76b155c96128','2013-04-17 23:25:29',NULL,'1810',1,'  纺织服装制造','aa8769d0-59e8-49be-8dab-188d170d48ef'),('562d824c-5807-4328-b955-c5eba01f3e70','2013-04-17 23:25:29',NULL,'3972',1,'    照明灯具制造','aa8769d0-59e8-49be-8dab-188d170d48ef'),('568e3b52-638f-4427-9f08-aab2ac060b86','2013-01-05 10:11:13',NULL,'3',1,'集团部门','fac28ae6-17b4-47c1-90c5-8796757bba3d'),('56ab7d5c-19da-45da-b98f-62ab55dcfbc7','2013-04-17 23:25:29',NULL,'827',1,'  殡葬服务','eb640627-1777-4a6e-916d-0f64f6f89c0a'),('56b7a253-8f26-4ac2-ad35-f49e91424dbb','2013-04-17 23:25:29',NULL,'213',1,'  金属家具制造','eb640627-1777-4a6e-916d-0f64f6f89c0a'),('56ec242c-9160-41d4-997a-900fda9b73a6','2013-04-17 23:25:29',NULL,'3421',1,'    切削工具制造','aa8769d0-59e8-49be-8dab-188d170d48ef'),('5702f267-ef56-4c9f-ad38-3a4cb7b3ae7f','2013-04-17 23:25:29',NULL,'071',1,'  天然原油和天然气开采','eb640627-1777-4a6e-916d-0f64f6f89c0a'),('574a4682-b7bf-4530-8704-8512ecf4464b','2013-04-17 23:25:29',NULL,'6364',1,'    金属及金属矿批发','aa8769d0-59e8-49be-8dab-188d170d48ef'),('57a38eac-5ab6-4596-985f-74a339430773','2013-04-17 23:25:29',NULL,'4229',1,'    其他日用杂品制造','aa8769d0-59e8-49be-8dab-188d170d48ef'),('57b7e6e0-bdbb-4174-b889-bdd54c2e30c3','2013-04-17 23:25:29',NULL,'9031',1,'    图书馆','aa8769d0-59e8-49be-8dab-188d170d48ef'),('57f6d5a5-c64c-47c7-82aa-49e915324eee','2013-04-17 23:25:29',NULL,'424',1,'  核辐射加工','eb640627-1777-4a6e-916d-0f64f6f89c0a'),('57fa61f2-e6a3-4728-beba-d33f6c82b73e','2013-04-17 23:25:29',NULL,'3541',1,'    泵及真空设备制造','aa8769d0-59e8-49be-8dab-188d170d48ef'),('58054f70-454e-4b6e-b2be-033dcc0c590c','2013-04-17 23:25:29',NULL,' ',1,'    农用薄膜批发','eb640627-1777-4a6e-916d-0f64f6f89c0a'),('580d9c76-f255-4ed9-98b6-eeae3c07d8fc','2013-04-17 23:25:29',NULL,' ',1,'    应用软件服务','eb640627-1777-4a6e-916d-0f64f6f89c0a'),('5812ed37-b2c3-4967-90e3-ea957a15ad4b','2013-04-17 23:25:29',NULL,'811',1,'  市政公共设施管理','eb640627-1777-4a6e-916d-0f64f6f89c0a'),('584c11b9-7fcb-4ce7-8694-c09448d52c7a','2013-04-17 23:25:29',NULL,'21',1,'家具制造业','90acee91-24d5-45ba-8f6d-57b03abccbf5'),('585c86dc-4e85-4b61-9e0f-13588e6ba63e','2013-04-17 23:25:29',NULL,'512',1,'  铁路货物运输','eb640627-1777-4a6e-916d-0f64f6f89c0a'),('58ae686d-84b8-4626-8ef8-3bc4bba313fe','2013-04-17 23:25:29',NULL,'782',1,'  基础地质勘查','eb640627-1777-4a6e-916d-0f64f6f89c0a'),('58f0d6f8-9dd2-4410-9e51-c5a946bc0477','2013-04-17 23:25:29',NULL,'151',1,'  酒精制造','eb640627-1777-4a6e-916d-0f64f6f89c0a'),('58f79d97-f9ff-427f-b9af-960d1be60b23','2013-04-17 23:25:29',NULL,'2990',1,'  其他橡胶制品制造','aa8769d0-59e8-49be-8dab-188d170d48ef'),('590c595d-1ba8-41b1-a049-a8e7881b2a4d','2013-04-17 23:25:29',NULL,'89',1,'广播、电视、电影和音像业','90acee91-24d5-45ba-8f6d-57b03abccbf5'),('59445319-d909-46bc-980c-c40a3b11b022','2013-04-17 23:25:29',NULL,'659',1,'  无店铺及其他零售','eb640627-1777-4a6e-916d-0f64f6f89c0a'),('59549c77-88dd-4966-bb87-942521239fa4','2013-04-17 23:25:29',NULL,'2221',1,'    机制纸及纸板制造','aa8769d0-59e8-49be-8dab-188d170d48ef'),('595f2178-f4a3-44ea-aa0f-9c2d88b560ea','2013-04-17 23:25:29',NULL,'3070',1,'  塑料零件制造','aa8769d0-59e8-49be-8dab-188d170d48ef'),('5965d5d1-6170-4bfa-b18b-2fb8f9ede9f8','2013-04-17 23:25:29',NULL,'3686',1,'    假肢、人工器官及植（介）入器械制造','aa8769d0-59e8-49be-8dab-188d170d48ef'),('596ecc69-5dbb-438e-88f1-10aefcc4c57d','2013-04-17 23:25:29',NULL,'061',1,'  烟煤和无烟煤的开采洗选','eb640627-1777-4a6e-916d-0f64f6f89c0a'),('59b67210-8bd3-4669-877a-40bd454157f1','2013-04-17 23:25:29',NULL,'376',1,'  航空航天器制造','eb640627-1777-4a6e-916d-0f64f6f89c0a'),('59be1740-d0a8-42f7-bb3d-273da03f4090','2013-04-17 23:25:29',NULL,'6524',1,'    肉、禽、蛋及水产品零售','aa8769d0-59e8-49be-8dab-188d170d48ef'),('5a0533cf-09a4-4f3b-bca3-d44ab9a06b48','2013-04-17 23:25:29',NULL,'1757',1,'    无纺布制造','aa8769d0-59e8-49be-8dab-188d170d48ef'),('5a65fc9d-e3b1-4905-a792-baf3c1fe7628','2013-04-17 23:25:29',NULL,'0931',1,'    钨钼矿采选','aa8769d0-59e8-49be-8dab-188d170d48ef'),('5a74d72b-e8ad-4fb8-8ffd-1a91dd1b49a0','2013-04-17 23:25:29',NULL,'7673',1,'    规划管理','aa8769d0-59e8-49be-8dab-188d170d48ef'),('5ab0f6c8-a850-4421-9ab0-7f8925f9972f','2013-04-17 23:25:29',NULL,'462',1,'  污水处理及其再生利用','eb640627-1777-4a6e-916d-0f64f6f89c0a'),('5ab4db40-a776-48ac-87d5-15517fe700b4','2013-04-17 23:25:29',NULL,'6335',1,'    化妆品及卫生用品批发','aa8769d0-59e8-49be-8dab-188d170d48ef'),('5ab823a7-2008-4738-b1fc-e8e4f19ac120','2013-04-17 23:25:29',NULL,'6329',1,'    其他食品批发','aa8769d0-59e8-49be-8dab-188d170d48ef'),('5ab9d306-3926-46c4-a870-12a23774578e','2013-04-17 23:25:29',NULL,'3169',1,'    耐火陶瓷制品及其他耐火材料制造','aa8769d0-59e8-49be-8dab-188d170d48ef'),('5ac183e9-4735-4091-8143-55ab93823eaf','2013-04-17 23:25:29',NULL,'3499',1,'    其他未列明的金属制品制造','aa8769d0-59e8-49be-8dab-188d170d48ef'),('5acdbfe1-a2e2-4293-bfeb-89feda232d51','2013-04-17 23:25:29',NULL,'136',1,'  水产品加工','eb640627-1777-4a6e-916d-0f64f6f89c0a'),('5ad9775a-9037-48f6-a219-1a6e48e742c1','2013-04-17 23:25:29',NULL,'3761',1,'    飞机制造及修理','aa8769d0-59e8-49be-8dab-188d170d48ef'),('5b1a8eab-a984-4f6d-b7f3-06b8f28e731c','2013-04-17 23:25:29',NULL,'2623',1,'    钾肥制造','aa8769d0-59e8-49be-8dab-188d170d48ef'),('5b7cb40b-dc26-46e9-b284-d2dc1aa5d49d','2013-04-17 23:25:29',NULL,'3123',1,'    石棉水泥制品制造','aa8769d0-59e8-49be-8dab-188d170d48ef'),('5be694bf-4fb5-497e-b75c-95693b96f4b3','2013-04-17 23:25:29',NULL,'8712',1,'    收养收容服务','aa8769d0-59e8-49be-8dab-188d170d48ef'),('5bf8caf0-b5ba-406a-9521-d40c9995a41e','2013-04-17 23:25:29',NULL,'3331',1,'    钨钼冶炼','aa8769d0-59e8-49be-8dab-188d170d48ef'),('5c98090e-9ece-4569-9340-1ab8f7762e4f','2013-04-17 23:25:29',NULL,'571',1,'  装卸搬运','eb640627-1777-4a6e-916d-0f64f6f89c0a'),('5ce538a4-7f84-451a-8cde-f2e11b17091a','2013-04-17 23:25:29',NULL,'26',1,'化学原料及化学制品制造业','90acee91-24d5-45ba-8f6d-57b03abccbf5'),('5d68bfd7-2d7f-447e-aca3-4e5d868f51df','2013-04-17 23:25:29',NULL,'139',1,'  其他农副食品加工  ','eb640627-1777-4a6e-916d-0f64f6f89c0a'),('5d82fb52-1749-4a8b-bbfe-fc65027d95bf','2013-04-17 23:25:29',NULL,'2631',1,'    化学农药制造','aa8769d0-59e8-49be-8dab-188d170d48ef'),('5da8a42d-ea66-4e49-b093-3adfbd8b570e','2013-04-17 23:25:29',NULL,'031',1,'  牲畜的饲养','eb640627-1777-4a6e-916d-0f64f6f89c0a'),('5dc79d74-e6e3-44ec-a459-2264a186a44e','2013-04-17 23:25:29',NULL,'0922',1,'    银矿采选','aa8769d0-59e8-49be-8dab-188d170d48ef'),('5dd244ef-7869-4e5c-b361-ebc5cb2a5b87','2013-04-17 23:25:29',NULL,' ',1,'    其他文化用品批发','90acee91-24d5-45ba-8f6d-57b03abccbf5'),('5ddd17bf-adcb-4fcd-bb5e-59628da088f8','2013-04-17 23:25:29',NULL,'6542',1,'    体育用品零售','aa8769d0-59e8-49be-8dab-188d170d48ef'),('5de5b676-9241-400d-8202-3e3275e7b2d3','2013-04-17 23:25:29',NULL,'3693',1,'    邮政专用机械及器材制造','aa8769d0-59e8-49be-8dab-188d170d48ef'),('5e1b62b6-8275-4a64-af67-7b0227454481','2013-04-17 23:25:29',NULL,'6519',1,'    其他综合零售','aa8769d0-59e8-49be-8dab-188d170d48ef'),('5e40bf5a-443f-4ed7-b492-c3e146dd0e2d','2013-04-17 23:25:29',NULL,'8029',1,'    其他环境治理 ','aa8769d0-59e8-49be-8dab-188d170d48ef'),('5e4ba1ae-5977-4ada-8233-270f4e5e8573','2013-04-17 23:25:29',NULL,'2940',1,'  再生橡胶制造','aa8769d0-59e8-49be-8dab-188d170d48ef'),('5e4ca532-6a3a-4dab-8843-04624f9d31f3','2013-04-17 23:25:29',NULL,'3339',1,'    其他稀有金属冶炼','aa8769d0-59e8-49be-8dab-188d170d48ef'),('5e592218-4895-4ae0-be22-b5b1b42d50ef','2013-04-17 23:25:29',NULL,'7812',1,'    固体矿产地质勘查','aa8769d0-59e8-49be-8dab-188d170d48ef'),('5f29ae3e-cedc-4683-87aa-b42c3df4bcc6','2013-04-17 23:25:29',NULL,'6311',1,'    谷物、豆及薯类批发','aa8769d0-59e8-49be-8dab-188d170d48ef'),('5f4c3ef2-aa62-4f9f-a7eb-f870d3f293da','2013-04-17 23:25:29',NULL,'783',1,'  地质勘查技术服务','eb640627-1777-4a6e-916d-0f64f6f89c0a'),('5f5e5db0-4f34-44cf-a932-3465cddeacba','2013-04-17 23:25:29',NULL,'764',1,'  测绘服务','eb640627-1777-4a6e-916d-0f64f6f89c0a'),('5f816eda-2113-4c33-8ec3-79d4548a2f5e','2013-04-17 23:25:29',NULL,'3573',1,'    制冷、空调设备制造','aa8769d0-59e8-49be-8dab-188d170d48ef'),('5fc396f8-e00d-4d52-9ef1-e4aab8a94688','2013-04-17 23:25:29',NULL,'392',1,'  输配电及控制设备制造','eb640627-1777-4a6e-916d-0f64f6f89c0a'),('600a3830-12a2-4d76-9eb2-97b99c759360','2013-04-17 23:25:29',NULL,'5210',1,'  公路旅客运输','aa8769d0-59e8-49be-8dab-188d170d48ef'),('602ee82b-54a0-463a-bc42-fc9e46f89af3','2013-04-17 23:25:29',NULL,'3581',1,'    金属密封件制造','aa8769d0-59e8-49be-8dab-188d170d48ef'),('604b0f7b-09ec-4ca8-87da-1ccb105a1f9b','2013-04-17 23:25:29',NULL,'356',1,'  烘炉、熔炉及电炉制造','eb640627-1777-4a6e-916d-0f64f6f89c0a'),('604ca31c-ba15-4f9a-bd7e-75a52e831b8e','2013-04-17 23:25:29',NULL,'9423',1,'    公共安全管理机构','aa8769d0-59e8-49be-8dab-188d170d48ef'),('60a801cc-5bc4-469c-99ff-749281c5aac6','2013-04-17 23:25:29',NULL,'6710',1,'  正餐服务','aa8769d0-59e8-49be-8dab-188d170d48ef'),('60b8a39e-aa07-464c-80bb-84458afbdbac','2013-04-17 23:25:29',NULL,' ',1,'  图书馆与档案馆','90acee91-24d5-45ba-8f6d-57b03abccbf5'),('60e6ad0f-0f40-4ec5-830c-533f96955cdc','2013-04-17 13:43:57',NULL,'200',1,'港、澳、台商投资企业','29f43137-3a78-4889-be22-49e1b75f22ca'),('60fb160b-ec81-4085-b0a9-d549778620c7','2013-04-17 23:25:29',NULL,'98',1,'国际组织','90acee91-24d5-45ba-8f6d-57b03abccbf5'),('61138724-eceb-4a7c-b496-75ed32f359b6','2013-04-17 23:25:29',NULL,'3726',1,'    汽车修理','aa8769d0-59e8-49be-8dab-188d170d48ef'),('613807e9-2b24-423a-88a1-9cd272ef5f46','2013-04-17 23:25:29',NULL,'S',1,'公共管理和社会组织','0d8869f8-d746-40a5-8606-76899fbee826'),('616a2a2c-3139-4418-8098-3e6bccafbfa5','2013-04-17 23:25:29',NULL,'65',1,'零售业','90acee91-24d5-45ba-8f6d-57b03abccbf5'),('616af851-c3b6-416f-89d2-b57a19077faf','2013-04-17 23:25:29',NULL,'6552',1,'    医疗用品及器材零售','aa8769d0-59e8-49be-8dab-188d170d48ef'),('618c6121-5faa-41e7-9f9c-ffdffe2c3978','2013-04-17 23:25:29',NULL,'3459',1,'    其他建筑、安全用金属制品制造','aa8769d0-59e8-49be-8dab-188d170d48ef'),('6198f1f1-f4f0-4bd2-a53f-af09f7a16ad1','2013-04-17 23:25:29',NULL,'1763',1,'    丝针织品及编织品制造','aa8769d0-59e8-49be-8dab-188d170d48ef'),('61db6c7f-f705-4a48-9429-97d3e17b1741','2013-04-17 23:25:29',NULL,'1535',1,'    固体饮料制造','aa8769d0-59e8-49be-8dab-188d170d48ef'),('61f4ebba-0931-46ac-ae32-aea207ebea4e','2013-04-17 23:25:29',NULL,'314',1,'  玻璃及玻璃制品制造','eb640627-1777-4a6e-916d-0f64f6f89c0a'),('6205e73b-c09f-40ad-82bd-545e14643e0c','2013-04-17 23:25:29',NULL,'6531',1,'    纺织品及针织品零售','aa8769d0-59e8-49be-8dab-188d170d48ef'),('624cae55-4fa8-4e04-8720-ee9903e19688','2013-04-17 23:25:29',NULL,'2611',1,'    无机酸制造','aa8769d0-59e8-49be-8dab-188d170d48ef'),('624ed95e-5d6d-4868-b15c-fa3a075de4a0','2013-04-17 23:25:29',NULL,'1370',1,'  蔬菜、水果和坚果加工','aa8769d0-59e8-49be-8dab-188d170d48ef'),('628afa58-50d5-4b16-9b85-97fba56a488e','2013-04-17 23:25:29',NULL,'306',1,'  塑料包装箱及容器制造','eb640627-1777-4a6e-916d-0f64f6f89c0a'),('628d5324-842a-4e26-b4c8-b72276a24a7d','2013-04-17 23:25:29',NULL,'37',1,'交通运输设备制造业','90acee91-24d5-45ba-8f6d-57b03abccbf5'),('6294e412-93b9-4457-a1ee-a8dca281aee5','2013-04-17 23:25:29',NULL,'671',1,'  正餐服务','eb640627-1777-4a6e-916d-0f64f6f89c0a'),('629a3700-6d29-454b-a4a7-ef6d04313531','2013-04-17 23:25:29',NULL,'277',1,'  卫生材料及医药用品制造','eb640627-1777-4a6e-916d-0f64f6f89c0a'),('62af69bf-553f-4854-b019-6ea9bc593334','2013-04-17 23:25:29',NULL,'6321',1,'    米、面制品及食用油批发','aa8769d0-59e8-49be-8dab-188d170d48ef'),('62c5e43d-3bd1-4a8b-9de6-65e0a997470f','2013-04-17 23:25:29',NULL,'97',1,'基层群众自治组织','90acee91-24d5-45ba-8f6d-57b03abccbf5'),('62fb2ce5-befb-4574-978d-6c8cb889a701','2013-04-17 23:25:29',NULL,'87',1,'社会福利业','90acee91-24d5-45ba-8f6d-57b03abccbf5'),('62fbcffd-d232-4292-a791-f0ee5781e95f','2013-04-17 23:25:29',NULL,'3151',1,'    卫生陶瓷制品制造','aa8769d0-59e8-49be-8dab-188d170d48ef'),('6355617c-2c9c-4644-997a-d491231d2006','2013-04-17 23:25:29',NULL,'3696',1,'    交通安全及管制专用设备制造','aa8769d0-59e8-49be-8dab-188d170d48ef'),('6382e766-583b-4868-a9fa-ca7cfaa08102','2013-04-17 23:25:29',NULL,'01',1,'农业','90acee91-24d5-45ba-8f6d-57b03abccbf5'),('63bec38d-bf0d-45b5-9c6e-86d4f256045c','2013-04-17 23:25:29',NULL,'3957',1,'    家用电力器具专用配件制造','aa8769d0-59e8-49be-8dab-188d170d48ef'),('63e1bdf3-9021-419b-9826-14eb357a050b','2013-04-17 23:25:29',NULL,'7492',1,'    包装服务','aa8769d0-59e8-49be-8dab-188d170d48ef'),('63e46b97-8540-45b7-bf9d-3bbe1d75817c','2013-04-17 23:25:29',NULL,'91',1,'体育','90acee91-24d5-45ba-8f6d-57b03abccbf5'),('63fb09d7-be75-41bf-9c87-caddc8467f47','2013-04-17 23:25:29',NULL,'62',1,'软件业','90acee91-24d5-45ba-8f6d-57b03abccbf5'),('643d9554-912e-4b3c-bb55-9a428eba24cd','2012-11-27 21:09:16',NULL,'false',1,'女','7de555da-3a02-489a-9b0f-c5ad3e9b8a33'),('64594042-8a4f-46dc-b8d6-aa8fbf7b77b5','2013-04-17 23:25:29',NULL,'7620',1,'  地震服务','aa8769d0-59e8-49be-8dab-188d170d48ef'),('64597e24-decc-4e35-b4b3-ba977d5138f1','2013-04-17 23:25:29',NULL,'1331',1,'    食用植物油加工','aa8769d0-59e8-49be-8dab-188d170d48ef'),('647a08af-d2a6-46c0-810a-590c0ca95b0d','2013-04-17 23:25:29',NULL,'24',1,'文教体育用品制造业','90acee91-24d5-45ba-8f6d-57b03abccbf5'),('64ae92e1-0961-48e1-b4a6-c5a25006e02f','2013-04-17 23:25:29',NULL,'3991',1,'    车辆专用照明及电气信号设备装置制造','aa8769d0-59e8-49be-8dab-188d170d48ef'),('64bceb25-3451-467f-a8d3-4ad40ed9b1ed','2013-04-17 23:25:29',NULL,'4126',1,'    教学专用仪器制造','aa8769d0-59e8-49be-8dab-188d170d48ef'),('64c0b977-df0b-40d2-93fd-7ef6b043fc27','2013-04-17 23:25:29',NULL,'4019',1,'    其他通信设备制造','aa8769d0-59e8-49be-8dab-188d170d48ef'),('64e3da7b-4466-4dba-bc11-689fcf8a7e65','2013-04-17 23:25:29',NULL,'542',1,'  水上货物运输','eb640627-1777-4a6e-916d-0f64f6f89c0a'),('64eccff7-4f95-4c38-838e-473a50f45eba','2013-04-17 23:25:29',NULL,'4039',1,'    应用电视设备及其他广播电视设备制造','aa8769d0-59e8-49be-8dab-188d170d48ef'),('65523b87-be10-4109-b93f-04237cb3defa','2013-04-17 23:25:29',NULL,'0422',1,'    内陆捕捞','aa8769d0-59e8-49be-8dab-188d170d48ef'),('6557ef91-38c6-4a87-8b3a-000ac3bb96ea','2013-04-17 23:25:29',NULL,'9220',1,'  游乐园','aa8769d0-59e8-49be-8dab-188d170d48ef'),('65cc2034-1f39-4105-a4d2-dd465511a8c3','2013-04-17 23:25:29',NULL,'421',1,'  工艺美术品制造','eb640627-1777-4a6e-916d-0f64f6f89c0a'),('65f460ff-e407-41dc-9751-0bc6f01c7147','2013-04-17 23:25:29',NULL,'821',1,'  家庭服务','eb640627-1777-4a6e-916d-0f64f6f89c0a'),('65fb0220-2f14-4b75-a4f0-c0fbebcc2363','2013-04-17 23:25:29',NULL,'3955',1,'    家用清洁卫生电器具制造','aa8769d0-59e8-49be-8dab-188d170d48ef'),('660ea54d-174a-44a9-b226-51f1b44ecd0b','2013-04-17 23:25:29',NULL,'1532',1,'    瓶（罐）装饮用水制造','aa8769d0-59e8-49be-8dab-188d170d48ef'),('66488154-8dc1-4e25-a8aa-db64026b2015','2013-04-17 23:25:29',NULL,'3429',1,'    其他金属工具制造','aa8769d0-59e8-49be-8dab-188d170d48ef'),('6654363c-8fd0-4cb0-a639-6948f98c32dc','2013-04-17 23:25:29',NULL,'1011',1,'    石灰石、石膏开采','aa8769d0-59e8-49be-8dab-188d170d48ef'),('666dd25d-0942-4703-8a2d-62694388d64b','2013-04-17 23:25:29',NULL,'9630',1,'  宗教组织','aa8769d0-59e8-49be-8dab-188d170d48ef'),('6673721f-e084-47c7-aa97-42e6cd6b7e2a','2013-04-17 23:25:29',NULL,'7319',1,'    其他机械与设备租赁','aa8769d0-59e8-49be-8dab-188d170d48ef'),('66a09b2b-1b5d-40fd-9bbd-5a0d5db4ab1e','2013-04-17 23:25:29',NULL,'023',1,'  林产品的采集','eb640627-1777-4a6e-916d-0f64f6f89c0a'),('66b9ec33-3949-4d41-afab-373d9fcc0b14','2013-04-17 23:25:29',NULL,'3661',1,'    电工机械专用设备制造','aa8769d0-59e8-49be-8dab-188d170d48ef'),('66dc522f-7d94-467c-a394-40fbaedf65a2','2013-04-17 23:25:29',NULL,'4419',1,'    其他能源发电','aa8769d0-59e8-49be-8dab-188d170d48ef'),('66e2bc16-8017-4ea3-b191-3f68bb8779f5','2013-04-17 23:25:29',NULL,'662',1,'  一般旅馆','eb640627-1777-4a6e-916d-0f64f6f89c0a'),('6787e202-6fe6-476e-954e-52cc89a4479f','2013-04-17 23:25:29',NULL,'3440',1,'  金属丝绳及其制品的制造','aa8769d0-59e8-49be-8dab-188d170d48ef'),('67bb0d8b-8590-4dc6-a089-34b75800c82e','2013-04-17 23:25:29',NULL,'3633',1,'    饲料生产专用设备制造','aa8769d0-59e8-49be-8dab-188d170d48ef'),('67d1a421-ecf1-4164-aabc-488977aca94e','2013-04-17 23:25:29',NULL,'66',1,'住宿业','90acee91-24d5-45ba-8f6d-57b03abccbf5'),('682a2698-707b-4a15-ae3a-8827d5463654','2013-04-17 23:25:29',NULL,'6544',1,'    报刊零售 ','aa8769d0-59e8-49be-8dab-188d170d48ef'),('683544ef-9a6b-4059-bce9-0dba6cc88f1a','2013-04-17 23:25:29',NULL,'6522',1,'    糕点、面包零售','aa8769d0-59e8-49be-8dab-188d170d48ef'),('68507800-c656-47ee-86ed-6845ce9a7e6d','2013-04-17 23:25:29',NULL,'1922',1,'    皮革服装制造','aa8769d0-59e8-49be-8dab-188d170d48ef'),('687781df-0b21-4371-9b1c-10ae71f160b9','2013-04-17 23:25:29',NULL,'3621',1,'    炼油、化工生产专用设备制造','aa8769d0-59e8-49be-8dab-188d170d48ef'),('688c98d8-c934-4084-a055-1713b4e8ddbd','2013-04-17 23:25:29',NULL,'92',1,'娱乐业','90acee91-24d5-45ba-8f6d-57b03abccbf5'),('691643b4-95c8-46a9-91a0-4e667ca2c1b6','2013-04-17 13:43:21',NULL,'172',1,'私营合伙企业','29f43137-3a78-4889-be22-49e1b75f22ca'),('69327481-615a-4c85-9c10-89c8da8505f9','2013-04-17 23:25:29',NULL,'4213',1,'    漆器工艺品制造','aa8769d0-59e8-49be-8dab-188d170d48ef'),('6936e072-fd1a-4d42-addb-91193447f72a','2013-04-17 23:25:29',NULL,'2039',1,'    软木制品及其他木制品制造','aa8769d0-59e8-49be-8dab-188d170d48ef'),('69440a4a-32d4-4a91-bbc1-ebfe56337b60','2013-04-17 23:25:29',NULL,' ',1,'  图书馆与档案馆','aa8769d0-59e8-49be-8dab-188d170d48ef'),('695843b5-4d2f-464c-b52d-ab03e2e82cb4','2013-04-17 23:25:29',NULL,'755',1,'  社会人文科学研究与试验发展','eb640627-1777-4a6e-916d-0f64f6f89c0a'),('6979f9c3-8cd0-46e1-a70b-b63d9e256f32','2013-04-17 23:25:29',NULL,'3199',1,'    其他非金属矿物制品制造','aa8769d0-59e8-49be-8dab-188d170d48ef'),('6996881c-15e1-4047-a6c1-abc1821fabe6','2013-04-17 23:25:29',NULL,'3144',1,'    玻璃仪器制造','aa8769d0-59e8-49be-8dab-188d170d48ef'),('69b44e3d-76d2-4c81-98f5-3c3b141afe9c','2013-04-17 23:25:29',NULL,'301',1,'  塑料薄膜制造','eb640627-1777-4a6e-916d-0f64f6f89c0a'),('69bbf6f9-890f-4a30-b6f9-1d5a1ebe57fa','2013-04-17 23:25:29',NULL,'6379',1,'    其他机械设备及电子产品批发','aa8769d0-59e8-49be-8dab-188d170d48ef'),('69e226c4-0fc5-4c76-82f1-8faf32d01f38','2013-04-17 23:25:29',NULL,'2913',1,'    轮胎翻新加工','aa8769d0-59e8-49be-8dab-188d170d48ef'),('6a4747a9-a925-41bf-a01c-8198c38b7395','2013-04-17 23:25:29',NULL,'4190',1,'  其他仪器仪表的制造及修理','aa8769d0-59e8-49be-8dab-188d170d48ef'),('6a52e9e2-a6f9-4136-86b8-6a84114949c4','2013-04-17 23:25:29',NULL,'552',1,'  通用航空服务','eb640627-1777-4a6e-916d-0f64f6f89c0a'),('6a6affe3-cce8-4743-b014-bd27adc288f6','2013-04-17 23:25:29',NULL,'681',1,'  中央银行','eb640627-1777-4a6e-916d-0f64f6f89c0a'),('6aa899df-850a-4923-beb8-fa6cdf614d4f','2013-04-17 23:25:29',NULL,'3311',1,'    铜冶炼','aa8769d0-59e8-49be-8dab-188d170d48ef'),('6ac07a32-631f-4937-8248-082fab6958ea','2013-04-17 23:25:29',NULL,'2740',1,'  中成药制造','aa8769d0-59e8-49be-8dab-188d170d48ef'),('6ac645d0-5c8e-4ff1-8910-2bcea7ef05c1','2013-04-17 23:25:29',NULL,'4240',1,'  核辐射加工','aa8769d0-59e8-49be-8dab-188d170d48ef'),('6aee9747-427d-47c3-85bf-6a907e53ecb8','2013-04-17 23:25:29',NULL,' ',1,'    电影制作与发行','eb640627-1777-4a6e-916d-0f64f6f89c0a'),('6af33d3d-fabd-49fe-a31a-3927a9c7ae44','2013-04-17 23:25:29',NULL,'4690',1,'  其他水的处理、利用与分配','aa8769d0-59e8-49be-8dab-188d170d48ef'),('6b6dca3d-2eac-4a2c-ad86-bcbe0b2b4b54','2013-04-17 23:25:29',NULL,'033',1,'  家禽的饲养','eb640627-1777-4a6e-916d-0f64f6f89c0a'),('6b7cf969-baf5-4972-8331-65cf3f164383','2013-04-17 23:25:29',NULL,'1499',1,'    其他未列明的食品制造','aa8769d0-59e8-49be-8dab-188d170d48ef'),('6b93bde1-fc85-46e8-86eb-c7b14abb9c24','2013-04-12 12:31:11',NULL,'1',1,'个人','96a8bbf9-7fef-4437-a7e1-ae65422de37a'),('6be8df29-637a-4822-b7a9-3e7219c0fad8','2013-04-17 23:25:29',NULL,'6365',1,'    建材批发  ','aa8769d0-59e8-49be-8dab-188d170d48ef'),('6bfca9d3-fb9f-444e-87c0-4c0f1b516bea','2013-04-17 23:25:29',NULL,'171',1,'  棉、化纤纺织及印染精加工','eb640627-1777-4a6e-916d-0f64f6f89c0a'),('6c15f5e4-915b-4718-8479-c49cce2a03f5','2013-04-17 23:25:29',NULL,'1013',1,'    耐火土石开采','aa8769d0-59e8-49be-8dab-188d170d48ef'),('6c38c936-9293-45b8-98ae-060bd8263c33','2013-04-17 23:25:29',NULL,'657',1,'  家用电器及电子产品专门零售 ','eb640627-1777-4a6e-916d-0f64f6f89c0a'),('6c84877f-12f3-4fc7-86df-3fb12b308291','2013-04-17 23:25:29',NULL,'909',1,'  其他文化艺术','eb640627-1777-4a6e-916d-0f64f6f89c0a'),('6cafcfb7-df1f-4332-afcd-558503cfb812','2013-04-17 23:25:29',NULL,'393',1,'  电线、电缆、光缆及电工器材制造','eb640627-1777-4a6e-916d-0f64f6f89c0a'),('6cffef0f-5bcd-4d85-9d55-792b09db6eb9','2013-04-17 23:25:29',NULL,'3572',1,'    气体、液体分离及纯净设备制造','aa8769d0-59e8-49be-8dab-188d170d48ef'),('6d56fd38-b6c0-4b79-b2bd-079058b0e866','2013-04-17 23:25:29',NULL,'1769',1,'    其他针织品及编织品制造','aa8769d0-59e8-49be-8dab-188d170d48ef'),('6d945bb0-5b9a-45c4-b3c8-f179e86c9632','2013-04-17 23:25:29',NULL,'3931',1,'    电线电缆制造','aa8769d0-59e8-49be-8dab-188d170d48ef'),('6dd3ed06-16eb-4019-a047-0298b1cf09eb','2013-04-17 23:25:29',NULL,'8711',1,'    干部休养所','aa8769d0-59e8-49be-8dab-188d170d48ef'),('6dec4419-cfa5-4bef-a8fa-23deba4cc906','2013-04-17 23:25:29',NULL,'8433',1,'    中等专业教育','aa8769d0-59e8-49be-8dab-188d170d48ef'),('6dedb500-00a0-4594-b8d0-bcaf354a4975','2013-04-17 23:25:29',NULL,'9010',1,'  文艺创作与表演','aa8769d0-59e8-49be-8dab-188d170d48ef'),('6e183e4f-2a38-45f2-88f5-812509d9430e','2013-04-17 23:25:29',NULL,'2419',1,'    其他文化用品制造','aa8769d0-59e8-49be-8dab-188d170d48ef'),('6e7eaa2a-7882-458f-8100-ad44f324b51c','2012-11-28 19:24:54',NULL,'3',1,'丧偶','22a41c6d-a8d0-4eb4-8dab-fa2db1fbcef5'),('6e8947a0-265d-40e1-ab6c-bda10dcb439f','2013-04-17 23:25:29',NULL,'1469',1,'    其他调味品、发酵制品制造','aa8769d0-59e8-49be-8dab-188d170d48ef'),('6e963d3e-0580-4902-a35e-9a6c1bdb23b1','2013-04-17 23:25:29',NULL,'7010',1,'  人寿保险','aa8769d0-59e8-49be-8dab-188d170d48ef'),('6eb46737-5ffd-4136-9360-b102bd84cc36','2013-04-17 23:25:29',NULL,'9300',1,'  中国共产党机关','aa8769d0-59e8-49be-8dab-188d170d48ef'),('6eb9d6c1-e095-4e54-ba1c-52d1d8acef46','2013-04-17 23:25:29',NULL,'752',1,'  工程和技术研究与试验发展','eb640627-1777-4a6e-916d-0f64f6f89c0a'),('6ec37d83-e8b6-4a43-9c03-bc4b96525415','2013-04-17 23:25:29',NULL,'363',1,'  食品、饮料、烟草及饲料生产专用设备制造　　　','eb640627-1777-4a6e-916d-0f64f6f89c0a'),('6f0227e1-7d70-4627-8b40-b9db7bc2c2df','2013-04-17 23:25:29',NULL,'2663',1,'    林产化学产品制造','aa8769d0-59e8-49be-8dab-188d170d48ef'),('6f438bf0-db30-43b1-8b4b-386594e5ebd0','2013-04-17 23:25:29',NULL,'952',1,'  民主党派','eb640627-1777-4a6e-916d-0f64f6f89c0a'),('6f6dd107-aa63-4639-89d4-1dd20083c102','2013-04-17 23:25:29',NULL,'2679',1,'    其他日用化学产品制造','aa8769d0-59e8-49be-8dab-188d170d48ef'),('6f98b3b5-f3f2-4914-ad21-0e090cf3f241','2013-04-17 23:25:29',NULL,'43',1,'废弃资源和废旧材料回收加工业','90acee91-24d5-45ba-8f6d-57b03abccbf5'),('6fa28ceb-5f8e-4082-865a-91b76383c841','2013-04-17 23:25:29',NULL,'802',1,'  环境治理','eb640627-1777-4a6e-916d-0f64f6f89c0a'),('6fa8249e-dcf8-43b8-a7e7-9889f84db0fd','2013-04-17 23:25:29',NULL,'1690',1,'  其他烟草制品加工','aa8769d0-59e8-49be-8dab-188d170d48ef'),('6fb676b4-ccf7-4429-a19b-95a9960098c6','2013-04-17 23:25:29',NULL,'882',1,'  出版业','eb640627-1777-4a6e-916d-0f64f6f89c0a'),('6fbf08e1-1e3a-45f6-910d-45fcc0e9d410','2013-04-17 23:25:29',NULL,'4020',1,'  雷达及配套设备制造','aa8769d0-59e8-49be-8dab-188d170d48ef'),('6fcfca8c-9970-422f-8c54-f2dfd9b0027e','2013-04-17 23:25:29',NULL,'281',1,'  纤维素纤维原料及纤维制造','eb640627-1777-4a6e-916d-0f64f6f89c0a'),('7014f443-395d-4ad1-b16b-2df20bfbdf8b','2013-04-17 23:25:29',NULL,'333',1,'  稀有稀土金属冶炼','eb640627-1777-4a6e-916d-0f64f6f89c0a'),('7015692a-b63b-453e-be68-62e5929de89d','2013-04-17 23:25:29',NULL,'9425',1,'    经济事务管理机构','aa8769d0-59e8-49be-8dab-188d170d48ef'),('7033f3e2-cbb7-4440-b139-d5a7511867be','2013-04-17 23:25:29',NULL,'682',1,'  商业银行','eb640627-1777-4a6e-916d-0f64f6f89c0a'),('7044998d-e03a-4b65-9004-778c25ce5689','2013-04-17 23:25:29',NULL,'244',1,'  玩具制造','eb640627-1777-4a6e-916d-0f64f6f89c0a'),('70e8ff53-4d8d-4d00-bce7-e56ea6cfd820','2013-04-17 23:25:29',NULL,'I',1,'住宿和餐饮业','0d8869f8-d746-40a5-8606-76899fbee826'),('70f2f947-1293-404e-a920-49a5b70a01aa','2013-04-17 23:25:29',NULL,'404',1,'  电子计算机制造','eb640627-1777-4a6e-916d-0f64f6f89c0a'),('712a405a-4b94-4b3c-8e57-886023860149','2013-04-17 23:25:29',NULL,'6120',1,'  数据处理','aa8769d0-59e8-49be-8dab-188d170d48ef'),('71659fe5-4fc4-4ae5-af94-617c440656bf','2013-04-17 23:25:29',NULL,'3479',1,'    搪瓷日用品及其他搪瓷制品制造','aa8769d0-59e8-49be-8dab-188d170d48ef'),('716c7017-50fa-42aa-a70e-4a1f64ce09fc','2013-04-17 23:25:29',NULL,'3191',1,'    石墨及碳素制品制造','aa8769d0-59e8-49be-8dab-188d170d48ef'),('7171ab0e-e13e-468d-bcbf-ea5bedb3af64','2013-04-17 23:25:29',NULL,'963',1,'  宗教组织','eb640627-1777-4a6e-916d-0f64f6f89c0a'),('71d76d51-0c1f-424f-8f64-841fab6b43ac','2013-04-17 23:25:29',NULL,'2632',1,'    生物化学农药及微生物农药制造','aa8769d0-59e8-49be-8dab-188d170d48ef'),('723b8d5b-a191-4fd5-bec4-9607a16f6158','2013-04-17 23:25:29',NULL,'779',1,'  其他科技服务','eb640627-1777-4a6e-916d-0f64f6f89c0a'),('7258d97c-fd71-485b-b17c-1af643ac867e','2013-04-17 23:25:29',NULL,'3131',1,'    粘土砖瓦及建筑砌块制造','aa8769d0-59e8-49be-8dab-188d170d48ef'),('72f3d6f2-fb15-466b-9325-01214100e4f1','2013-04-17 23:25:29',NULL,'69',1,'证券业','90acee91-24d5-45ba-8f6d-57b03abccbf5'),('731c90ef-53a7-49fd-bb04-7f8bd7cd1890','2013-04-17 23:25:29',NULL,'4723',1,'    工矿工程建筑','aa8769d0-59e8-49be-8dab-188d170d48ef'),('7355d29a-3172-49f3-83ce-c546483503fa','2013-04-17 23:25:29',NULL,'169',1,'  其他烟草制品加工','eb640627-1777-4a6e-916d-0f64f6f89c0a'),('73772868-7bfb-46d8-867c-720ea5b574c1','2013-04-17 23:25:29',NULL,'3652',1,'    皮革、毛皮及其制品加工专用设备制造','aa8769d0-59e8-49be-8dab-188d170d48ef'),('741ca5c3-74b2-4792-b418-d6facc38db2a','2013-04-17 23:25:29',NULL,'1830',1,'  制帽','aa8769d0-59e8-49be-8dab-188d170d48ef'),('74200817-5f43-4217-96e5-8024f6a40cfc','2013-04-17 23:25:29',NULL,'0123',1,'    其他园艺作物的种植','aa8769d0-59e8-49be-8dab-188d170d48ef'),('746fcdea-103c-4815-9fce-83f384de0d50','2013-04-17 23:25:29',NULL,'7671',1,'    工程管理服务','aa8769d0-59e8-49be-8dab-188d170d48ef'),('7477c2f9-fd32-4550-ac11-589942663122','2013-04-17 23:25:29',NULL,' ',1,'    工程管理服务','eb640627-1777-4a6e-916d-0f64f6f89c0a'),('747bd553-f8a8-4b1b-9213-c529a039b6c6','2013-04-17 23:25:29',NULL,'367',1,'  农、林、牧、渔专用机械制造','eb640627-1777-4a6e-916d-0f64f6f89c0a'),('74837e25-394c-4c15-b5b8-ae735b8268f5','2013-04-17 23:25:29',NULL,'5600',1,'  管道运输业','aa8769d0-59e8-49be-8dab-188d170d48ef'),('74907856-f9db-4f2b-a871-6c39ed187a36','2013-04-17 23:25:29',NULL,'929',1,'  其他娱乐活动','eb640627-1777-4a6e-916d-0f64f6f89c0a'),('74d3609e-6cff-4d21-b994-385799f5e695','2013-04-17 23:25:29',NULL,'5432',1,'    货运港口','aa8769d0-59e8-49be-8dab-188d170d48ef'),('74eb33e5-2032-4393-891f-d6e30ccd0da6','2013-04-17 23:25:29',NULL,'5131',1,'    客运火车站','aa8769d0-59e8-49be-8dab-188d170d48ef'),('74ebc5ae-3ecd-467b-996d-f8e4d90bd4b4','2013-04-17 23:25:29',NULL,'1411',1,'    糕点、面包制造','aa8769d0-59e8-49be-8dab-188d170d48ef'),('755bfc38-eebc-4b4f-92d9-954a954fe825','2013-04-17 23:25:29',NULL,'4059',1,'    光电子器件及其他电子器件制造','aa8769d0-59e8-49be-8dab-188d170d48ef'),('75930a32-52bc-4664-9feb-ad8035d7724c','2013-04-17 23:25:29',NULL,'8220',1,'  托儿所','aa8769d0-59e8-49be-8dab-188d170d48ef'),('759b7965-d0e2-4a4d-b7fa-b8b60d2eb6f4','2013-04-17 23:25:29',NULL,'7120',1,'  金融租赁','aa8769d0-59e8-49be-8dab-188d170d48ef'),('75a745a8-3fa3-41f6-856a-d577c04551bd','2013-04-17 23:25:29',NULL,'3695',1,'    社会公共安全设备及器材制造','aa8769d0-59e8-49be-8dab-188d170d48ef'),('75a9d142-b836-452a-810e-d3b50d63f9de','2013-04-17 23:25:29',NULL,'219',1,'  其他家具制造','eb640627-1777-4a6e-916d-0f64f6f89c0a'),('75be3243-eecc-4a21-89ca-f840254df011','2013-04-17 23:25:29',NULL,'832',1,'  清洁服务','eb640627-1777-4a6e-916d-0f64f6f89c0a'),('75d62243-dd6d-46c0-835a-e8245b0aca98','2013-04-17 23:25:29',NULL,'3699',1,'    其他专用设备制造','aa8769d0-59e8-49be-8dab-188d170d48ef'),('760f4dab-79d8-4902-a2af-6d205918aade','2013-04-17 23:25:29',NULL,'7540',1,'  医学研究与试验发展','aa8769d0-59e8-49be-8dab-188d170d48ef'),('7631e641-7cac-47fc-9510-4dde7e570254','2013-04-17 23:25:29',NULL,'1020',1,'  化学矿采选','aa8769d0-59e8-49be-8dab-188d170d48ef'),('76abd5b6-3ede-4ad3-9538-0c5eed71b519','2013-04-17 23:25:29',NULL,'3979',1,'    灯用电器附件及其他照明器具制造','aa8769d0-59e8-49be-8dab-188d170d48ef'),('76efcb19-2f37-409b-a519-e1945841f01c','2013-04-17 23:25:29',NULL,'6344',1,'    报刊批发','aa8769d0-59e8-49be-8dab-188d170d48ef'),('7710a327-f74a-498b-a55b-e77b28ab0537','2013-04-17 23:25:29',NULL,'2422',1,'    体育器材及配件制造','aa8769d0-59e8-49be-8dab-188d170d48ef'),('774403d8-a0fd-41cf-b8b2-cac1f1a0d993','2013-04-17 23:25:29',NULL,' ',1,'人民政协和民主党派','eb640627-1777-4a6e-916d-0f64f6f89c0a'),('77d17750-9044-4b68-9dd3-ce8324f4fe7a','2013-04-17 23:25:29',NULL,'412',1,'  专用仪器仪表制造','eb640627-1777-4a6e-916d-0f64f6f89c0a'),('77f86f59-89e5-4101-8a11-577096b2d2c1','2013-04-17 23:25:29',NULL,'J',1,'金融业','0d8869f8-d746-40a5-8606-76899fbee826'),('7812630a-4fda-4762-9943-cfd7471608e3','2013-04-17 23:25:29',NULL,'175',1,'  纺织制成品制造','eb640627-1777-4a6e-916d-0f64f6f89c0a'),('7819d0a5-8e16-4a58-8e60-aac5d820e0dd','2013-04-17 23:25:29',NULL,'1030',1,'  采盐','aa8769d0-59e8-49be-8dab-188d170d48ef'),('7834cc81-e044-4f1d-b5c2-f4e19de4697e','2013-04-17 23:25:29',NULL,'3082',1,'    日用塑料杂品制造','aa8769d0-59e8-49be-8dab-188d170d48ef'),('78366881-cb84-4fdc-99cf-b641076db913','2013-04-17 23:25:29',NULL,'3671',1,'    拖拉机制造','aa8769d0-59e8-49be-8dab-188d170d48ef'),('784411a8-4fc2-4644-9513-ca82cf26afbd','2013-04-17 23:25:29',NULL,'3939',1,'    其他电工器材制造','aa8769d0-59e8-49be-8dab-188d170d48ef'),('78654aca-48ba-4c99-93b4-3316d71776cc','2013-04-17 23:25:29',NULL,'3162',1,'    云母制品制造  ','aa8769d0-59e8-49be-8dab-188d170d48ef'),('78695ae1-afc7-4c8c-b38d-8250e5d8f328','2013-04-17 23:25:29',NULL,'3124',1,'    轻质建筑材料制造','aa8769d0-59e8-49be-8dab-188d170d48ef'),('78766c2e-20cb-4287-bfd9-6c35a17fdbf7','2013-04-17 23:25:29',NULL,'8420',1,'  初等教育','aa8769d0-59e8-49be-8dab-188d170d48ef'),('788adeb4-32fd-4348-802a-7e2e182c339f','2013-04-17 13:43:41',NULL,'174',1,'私营股份有限公司','29f43137-3a78-4889-be22-49e1b75f22ca'),('78bbdf55-cde2-443b-b7ab-764db3bde214','2013-04-17 23:25:29',NULL,'3669',1,'    航空、航天及其他专用设备制造','aa8769d0-59e8-49be-8dab-188d170d48ef'),('790df105-19de-422f-a640-5eb94bb499e7','2013-04-17 23:25:29',NULL,'8511',1,'    综合医院','aa8769d0-59e8-49be-8dab-188d170d48ef'),('791e8d23-961c-4bf9-9d28-e907d5f06bcc','2013-04-17 23:25:29',NULL,'10',1,'非金属矿采选业  ','90acee91-24d5-45ba-8f6d-57b03abccbf5'),('7993876c-5d37-44ad-947f-ec5bd9de9058','2013-04-17 23:25:29',NULL,'1091',1,'    石棉、云母矿采选','aa8769d0-59e8-49be-8dab-188d170d48ef'),('79db1811-f9dc-4db6-b526-dc0f0aea0313','2013-04-17 23:25:29',NULL,' ',1,'基层群众自治组织','eb640627-1777-4a6e-916d-0f64f6f89c0a'),('79e0c105-3e7d-4977-b72b-56e8a1fce895','2013-04-17 23:25:29',NULL,'6020',1,'    互联网信息服务','aa8769d0-59e8-49be-8dab-188d170d48ef'),('79ec2661-c850-4a7e-95bf-95e10e84962a','2013-04-17 23:25:29',NULL,'731',1,'  机械设备租赁','eb640627-1777-4a6e-916d-0f64f6f89c0a'),('79fb95a0-24e9-49f1-a0d4-13b327307b26','2013-04-17 13:39:37',NULL,'110',1,'国有企业','29f43137-3a78-4889-be22-49e1b75f22ca'),('7a0a2632-ca92-4e06-81e3-1cff9f42bfff','2013-04-17 23:25:29',NULL,'632',1,'  食品、饮料及烟草制品批发','eb640627-1777-4a6e-916d-0f64f6f89c0a'),('7a4af7b8-fded-428c-aae5-710737c5ea7d','2013-04-17 23:25:29',NULL,'5120',1,'  铁路货物运输','aa8769d0-59e8-49be-8dab-188d170d48ef'),('7a7cdb7c-6d24-43b7-8702-e48def417500','2013-04-17 23:25:29',NULL,'1363',1,'    水产饲料制造','aa8769d0-59e8-49be-8dab-188d170d48ef'),('7a95124e-742f-4f7a-832d-b869b0062ee2','2013-04-17 23:25:29',NULL,'3351',1,'    常用有色金属压延加工','aa8769d0-59e8-49be-8dab-188d170d48ef'),('7ab9821c-dca1-421c-86e7-cfcc238ed4d2','2013-04-17 23:25:29',NULL,'9710',1,'  社区自治组织','aa8769d0-59e8-49be-8dab-188d170d48ef'),('7abd5209-f2f6-4e93-8ba9-4a60ba6a4d8b','2013-04-17 23:25:29',NULL,'134',1,'  制糖','eb640627-1777-4a6e-916d-0f64f6f89c0a'),('7ac1dc59-87d1-4f13-98fc-198da9a55302','2013-04-17 23:25:29',NULL,'5330',1,'  出租车客运','aa8769d0-59e8-49be-8dab-188d170d48ef'),('7b14e17d-51ac-497c-9dc5-7216a3f4a294','2013-04-17 23:25:29',NULL,'3923',1,'    配电开关控制设备制造','aa8769d0-59e8-49be-8dab-188d170d48ef'),('7b15223e-ee21-4b33-b781-d7e90665d4c4','2013-04-17 23:25:29',NULL,'2665',1,'    信息化学品制造','aa8769d0-59e8-49be-8dab-188d170d48ef'),('7b2011e6-a558-4b93-93c5-c68ca4303fea','2013-04-17 23:25:29',NULL,'0230',1,'  林产品的采集','aa8769d0-59e8-49be-8dab-188d170d48ef'),('7ba9abaa-7a51-4492-928c-342883f2f562','2013-04-17 23:25:29',NULL,'6549',1,'    其他文化用品零售','aa8769d0-59e8-49be-8dab-188d170d48ef'),('7baaa74e-dac3-435b-a69b-aad3b1b8edee','2013-04-17 23:25:29',NULL,'6326',1,'    饮料及茶叶批发','aa8769d0-59e8-49be-8dab-188d170d48ef'),('7bef4f33-0be3-42bd-9305-6ed5748946f9','2013-04-17 23:25:29',NULL,'1431',1,'    米、面制品制造','aa8769d0-59e8-49be-8dab-188d170d48ef'),('7bfc232c-43d0-464d-b9d1-85efab5babfc','2013-04-17 23:25:29',NULL,'R',1,'文化、体育和娱乐业','0d8869f8-d746-40a5-8606-76899fbee826'),('7cf051ca-1245-4c51-b2ae-22dd93c44153','2013-04-17 23:25:29',NULL,'05',1,'农、林、牧、渔服务业','90acee91-24d5-45ba-8f6d-57b03abccbf5'),('7d15960a-84b3-47e3-9880-cda8d99a760e','2013-04-17 23:25:29',NULL,'4290',1,'  其他未列明的制造业','aa8769d0-59e8-49be-8dab-188d170d48ef'),('7d32a33e-dd89-467b-9ba6-7297f7179532','2013-04-17 23:25:29',NULL,'81',1,'公共设施管理业','90acee91-24d5-45ba-8f6d-57b03abccbf5'),('7d644488-2ca9-4088-8e1c-2397495c7b62','2013-04-17 23:25:29',NULL,'4128',1,'    电子测量仪器制造 ','aa8769d0-59e8-49be-8dab-188d170d48ef'),('7d66edef-f406-42df-ad5f-708e0e8ef3e8','2013-04-17 23:25:29',NULL,'14',1,'食品制造业','90acee91-24d5-45ba-8f6d-57b03abccbf5'),('7d8c45bf-26e0-4521-b080-6a16f12761ee','2013-04-17 23:25:29',NULL,'46',1,'水的生产和供应业','90acee91-24d5-45ba-8f6d-57b03abccbf5'),('7dfa7e34-bc77-4af7-a09b-9d1ef41aed35','2013-04-17 23:25:29',NULL,'0912',1,'    铅锌矿采选','aa8769d0-59e8-49be-8dab-188d170d48ef'),('7dfacac8-5f29-4df5-a5a5-0544f77ef322','2013-04-17 23:25:29',NULL,'602',1,'    互联网信息服务','eb640627-1777-4a6e-916d-0f64f6f89c0a'),('7e08290c-6ad4-4a6b-a3c0-0c179c58254b','2013-04-17 23:25:29',NULL,'9421',1,'    综合事务管理机构','aa8769d0-59e8-49be-8dab-188d170d48ef'),('7e24eec7-278c-40c9-962a-af0429a25fdc','2013-04-17 23:25:29',NULL,'3932',1,'    光纤、光缆制造','aa8769d0-59e8-49be-8dab-188d170d48ef'),('7e496a0a-36c1-4ae2-9442-509d4c792dfd','2013-04-17 23:25:29',NULL,'2812',1,'    人造纤维（纤维素纤维）制造','aa8769d0-59e8-49be-8dab-188d170d48ef'),('7e6ebbf2-c49c-4c20-9f47-3d5683064222','2013-04-17 23:25:29',NULL,'2912',1,'    力车胎制造','aa8769d0-59e8-49be-8dab-188d170d48ef'),('7e8d7b7a-289f-4375-9f71-153159d1a111','2013-04-17 23:25:29',NULL,'9629',1,'    其他社会团体','aa8769d0-59e8-49be-8dab-188d170d48ef'),('7f0628a8-862d-4ff7-ac46-3da482dd5527','2013-04-17 23:25:29',NULL,'3753',1,'    娱乐船和运动船的建造和修理','aa8769d0-59e8-49be-8dab-188d170d48ef'),('7f54e985-5641-45b0-b10b-8913aede03ef','2013-04-17 23:25:29',NULL,'4430',1,'  热力生产和供应','aa8769d0-59e8-49be-8dab-188d170d48ef'),('7f636e7b-11a6-4fa2-84eb-280a4dcec3b8','2013-04-17 23:25:29',NULL,'31',1,'非金属矿物制品业','90acee91-24d5-45ba-8f6d-57b03abccbf5'),('7ff609c5-5eb2-4f6e-b84b-a9f6d4ceb459','2013-04-17 23:25:29',NULL,'2239',1,'    其他纸制品制造','aa8769d0-59e8-49be-8dab-188d170d48ef'),('8006ae7d-740d-426f-b286-8fb425eb92c5','2013-04-17 23:25:29',NULL,'2440',1,'  玩具制造','aa8769d0-59e8-49be-8dab-188d170d48ef'),('80088246-6546-400b-9ac2-823929d0e3a1','2013-04-17 23:25:29',NULL,' ',1,'    计算机、软件及辅助设备批发','90acee91-24d5-45ba-8f6d-57b03abccbf5'),('801e1fdf-f5fe-4fe8-a0d8-a1b5260149e1','2013-04-17 23:25:29',NULL,'3732',1,'    摩托车零部件及配件制造','aa8769d0-59e8-49be-8dab-188d170d48ef'),('8044dced-0def-44cf-9b8e-40c01271f52d','2013-04-17 23:25:29',NULL,'3513',1,'    汽轮机及辅机制造','aa8769d0-59e8-49be-8dab-188d170d48ef'),('8063b641-e840-4355-81d0-8df23ca03ff2','2013-04-17 23:25:29',NULL,'2664',1,'    炸药及火工产品制造','aa8769d0-59e8-49be-8dab-188d170d48ef'),('807522f8-ded0-4d5a-9eed-01df950d5e0a','2013-04-17 23:25:29',NULL,'322',1,'  炼钢','eb640627-1777-4a6e-916d-0f64f6f89c0a'),('8076f1f1-adb8-46ac-b0f7-9c3dcf68dc5b','2013-04-17 23:25:29',NULL,'3148',1,'    玻璃纤维增强塑料制品制造','aa8769d0-59e8-49be-8dab-188d170d48ef'),('80fa3288-2d8b-4d55-bada-c19ae499e2c0','2013-04-17 23:25:29',NULL,'6369',1,'    其他化工产品批发  ','aa8769d0-59e8-49be-8dab-188d170d48ef'),('81156104-e4d7-4b19-a358-97720c9e504a','2013-04-17 23:25:29',NULL,'069',1,'  其他煤炭采选','eb640627-1777-4a6e-916d-0f64f6f89c0a'),('811642e1-42f1-4ed7-be5f-51b0b6f57da7','2013-04-17 23:25:29',NULL,'263',1,'  农药制造','eb640627-1777-4a6e-916d-0f64f6f89c0a'),('819e9cfb-37f8-4e23-80c7-ab7a2e179cfe','2013-04-17 23:25:29',NULL,'8590',1,'  其他卫生活动','aa8769d0-59e8-49be-8dab-188d170d48ef'),('81af6ef5-73b4-42e7-9d1c-29d5bb4599dc','2013-04-17 23:25:29',NULL,'8120',1,'  城市绿化管理','aa8769d0-59e8-49be-8dab-188d170d48ef'),('81c8a15c-2610-405f-8a34-de144511443f','2013-04-17 23:25:29',NULL,'801',1,'  自然保护','eb640627-1777-4a6e-916d-0f64f6f89c0a'),('81d7ac20-6fac-482d-b308-afa11e471a37','2013-04-17 23:25:29',NULL,'1761',1,'    棉、化纤针织品及编织品制造','aa8769d0-59e8-49be-8dab-188d170d48ef'),('81e8b48a-96ef-480a-88b8-83bf5ff89b99','2013-04-17 23:25:29',NULL,'173',1,'  麻纺织','eb640627-1777-4a6e-916d-0f64f6f89c0a'),('8210083e-5e88-405e-ba2a-f35c7ea94c49','2013-04-17 23:25:29',NULL,'8439',1,'    其他中等教育','aa8769d0-59e8-49be-8dab-188d170d48ef'),('82432838-f3ce-471b-b6b2-7f8dd57e584e','2013-04-17 23:25:29',NULL,'8515',1,'    专科医院','aa8769d0-59e8-49be-8dab-188d170d48ef'),('8248ba36-7c54-4002-a390-d7ead5d43383','2013-04-17 23:25:29',NULL,'3959',1,'    其他家用电力器具制造','aa8769d0-59e8-49be-8dab-188d170d48ef'),('825deb55-8cf0-4b8b-9f98-22dcb6ab5029','2013-04-17 23:25:29',NULL,'0690',1,'  其他煤炭采选','aa8769d0-59e8-49be-8dab-188d170d48ef'),('82b12881-eab3-4057-84b8-90446055e292','2013-04-17 23:25:29',NULL,'6212',1,'    应用软件服务','aa8769d0-59e8-49be-8dab-188d170d48ef'),('82b99baf-6097-40ff-b196-408e0df2fff2','2013-04-17 23:25:29',NULL,'3544',1,'    液压和气压动力机械及元件制造','aa8769d0-59e8-49be-8dab-188d170d48ef'),('82d7c4b3-7a6e-4d45-90b1-87ad9a515e65','2013-04-17 23:25:29',NULL,'5539',1,'    其他航空运输辅助活动','aa8769d0-59e8-49be-8dab-188d170d48ef'),('8322cb5d-de42-4e2c-901a-49a7385e017b','2013-04-17 23:25:29',NULL,'7411',1,'    企业管理机构','aa8769d0-59e8-49be-8dab-188d170d48ef'),('8330a3d7-8e6a-448e-ac0e-7f4c11de2571','2013-04-17 23:25:29',NULL,'1320',1,'  饲料加工     ','aa8769d0-59e8-49be-8dab-188d170d48ef'),('8358aec0-f79e-415e-8753-0177de7fd1bc','2013-04-17 23:25:29',NULL,'3646',1,'    玻璃、陶瓷和搪瓷制品生产专用设备制造','aa8769d0-59e8-49be-8dab-188d170d48ef'),('8395b056-242a-4728-9247-d3aa9d6cb8d0','2013-04-17 23:25:29',NULL,'2411',1,'    文具制造','aa8769d0-59e8-49be-8dab-188d170d48ef'),('83b0bd06-b277-4466-9213-e5c5bd4e1e8e','2013-04-17 23:25:29',NULL,'589',1,'  其他仓储','eb640627-1777-4a6e-916d-0f64f6f89c0a'),('83ce82bf-dceb-4751-a2d6-03e7d87b18b9','2013-04-17 23:25:29',NULL,'7020',1,'  非人寿保险','aa8769d0-59e8-49be-8dab-188d170d48ef'),('83f0182c-02dc-414d-8c11-474f84c9c561','2013-04-17 23:25:29',NULL,'829',1,'  其他居民服务','eb640627-1777-4a6e-916d-0f64f6f89c0a'),('8400ff3e-4452-4ec2-9f37-c98e7e60895b','2013-04-17 23:25:29',NULL,'262',1,'  肥料制造','eb640627-1777-4a6e-916d-0f64f6f89c0a'),('8418f882-262b-4471-98cd-b1243cd581ce','2013-04-17 23:25:29',NULL,'8560',1,'  专科疾病防治活动','aa8769d0-59e8-49be-8dab-188d170d48ef'),('843e9f5b-fb97-4c66-a806-d22c364b8ee0','2013-01-05 10:11:04',NULL,'2',1,'部门','fac28ae6-17b4-47c1-90c5-8796757bba3d'),('84b07a4b-49d9-4966-ad4d-85241f52a6f3','2013-04-17 13:44:55',NULL,'310',1,'中外合资经营企业','29f43137-3a78-4889-be22-49e1b75f22ca'),('84c9f83b-6da9-4c5d-9a7c-8c2723c84c4e','2013-04-17 23:25:29',NULL,'3134',1,'    防水建筑材料制造','aa8769d0-59e8-49be-8dab-188d170d48ef'),('84e7730f-ba09-4ee0-b611-6330c5870ed4','2013-04-17 23:25:29',NULL,'0520',1,'  林业服务业','aa8769d0-59e8-49be-8dab-188d170d48ef'),('84e90cb7-db0f-4ebc-9250-29afb5a52821','2013-04-17 23:25:29',NULL,'8280',1,'  摄影扩印服务','aa8769d0-59e8-49be-8dab-188d170d48ef'),('851453b2-2ada-4d16-94e4-4e4f75397f8f','2013-04-17 23:25:29',NULL,'32',1,'黑色金属冶炼及压延加工业','90acee91-24d5-45ba-8f6d-57b03abccbf5'),('8527e26c-7354-48fc-878d-a51cc20e1c26','2013-04-17 23:25:29',NULL,'201',1,'  锯材、木片加工','eb640627-1777-4a6e-916d-0f64f6f89c0a'),('8532040d-0a81-4202-a296-177d8dd12526','2013-04-17 23:25:29',NULL,'5512',1,'    航空货物运输','aa8769d0-59e8-49be-8dab-188d170d48ef'),('854353f7-7bf0-40f7-94d0-1c778517fe6a','2013-04-17 23:25:29',NULL,'4900',1,'  建筑装饰业','aa8769d0-59e8-49be-8dab-188d170d48ef'),('85467937-eea5-4446-b684-0ea326451a61','2013-04-17 23:25:29',NULL,'3452',1,'    建筑装饰及水暖管道零件制造','aa8769d0-59e8-49be-8dab-188d170d48ef'),('85586ae9-2361-4297-8fa7-e332e760b51e','2013-04-17 13:42:19',NULL,'150',1,'有限责任公司','29f43137-3a78-4889-be22-49e1b75f22ca'),('8571aa58-1ff1-47df-8a50-22b69bb5dbe3','2013-04-17 23:25:29',NULL,'6314',1,'    牲畜批发','aa8769d0-59e8-49be-8dab-188d170d48ef'),('85823ac5-881f-4d29-b120-47231723b364','2013-04-17 23:25:29',NULL,'5132',1,'    货运火车站','aa8769d0-59e8-49be-8dab-188d170d48ef'),('8584980f-433d-435c-b203-db35e9da388c','2013-04-17 23:25:29',NULL,'824',1,'  理发及美容保健服务','eb640627-1777-4a6e-916d-0f64f6f89c0a'),('85ac908a-2760-45e3-97d5-f057f5209bd5','2013-04-17 23:25:29',NULL,'8021',1,'    城市市容管理','aa8769d0-59e8-49be-8dab-188d170d48ef'),('863acc5a-8861-4206-82c2-7eca79e59b67','2013-04-17 23:25:29',NULL,'0213',1,'    林木的抚育和管理','aa8769d0-59e8-49be-8dab-188d170d48ef'),('86bd0849-4727-49e2-81dd-fe224428755d','2013-04-17 23:25:29',NULL,'3622',1,'    橡胶加工专用设备制造','aa8769d0-59e8-49be-8dab-188d170d48ef'),('87151c04-320d-4c77-8245-4b14c67f12b6','2013-04-17 23:25:29',NULL,'823',1,'  洗染服务','eb640627-1777-4a6e-916d-0f64f6f89c0a'),('872d989e-7f6e-4d07-b771-73ed0222d255','2013-04-17 23:25:29',NULL,'2822',1,'    涤纶纤维制造','aa8769d0-59e8-49be-8dab-188d170d48ef'),('87585656-ed25-46c7-97b4-d704a589a5cc','2013-04-17 23:25:29',NULL,'3523',1,'    铸造机械制造','aa8769d0-59e8-49be-8dab-188d170d48ef'),('8759028e-9351-4b85-95cd-db3ad11ca35b','2013-04-17 23:25:29',NULL,'2671',1,'    肥皂及合成洗涤剂制造','aa8769d0-59e8-49be-8dab-188d170d48ef'),('876daf85-34df-4ae7-996b-59e188bba9e3','2013-04-17 23:25:29',NULL,'6325',1,'    盐及调味品批发','aa8769d0-59e8-49be-8dab-188d170d48ef'),('877dc839-e0cd-4601-806e-a17c4388cef9','2013-04-17 23:25:29',NULL,'6539',1,'    其他日用品零售','aa8769d0-59e8-49be-8dab-188d170d48ef'),('87837485-b186-4743-9a4c-4a19ac5a0e08','2013-04-17 23:25:29',NULL,'9611',1,'    工会','aa8769d0-59e8-49be-8dab-188d170d48ef'),('87a16f2f-0b1b-431b-ada7-68fe1bac0dd8','2013-04-17 23:25:29',NULL,'3653',1,'    缝纫机械制造','aa8769d0-59e8-49be-8dab-188d170d48ef'),('87a25193-465b-4778-b279-620c0f1b262e','2013-04-17 23:25:29',NULL,' ',1,'建筑安装业','aa8769d0-59e8-49be-8dab-188d170d48ef'),('87a949ae-8b9d-4e82-a7a5-bd59347a118a','2013-04-17 23:25:29',NULL,'551',1,'  航空客货运输','eb640627-1777-4a6e-916d-0f64f6f89c0a'),('87cfbeac-3c5a-45d5-aab3-a89c552a0931','2013-04-17 13:42:28',NULL,'151',1,'国有独资公司','29f43137-3a78-4889-be22-49e1b75f22ca'),('87fc7cee-71a6-4812-974b-b9b8a33437a8','2013-04-17 23:25:29',NULL,'33',1,'有色金属冶炼及压延加工业','90acee91-24d5-45ba-8f6d-57b03abccbf5'),('880c638c-2e8e-4035-9aa9-e513f4663805','2013-04-17 23:25:29',NULL,'5239',1,'    其他道路运输辅助活动','aa8769d0-59e8-49be-8dab-188d170d48ef'),('885de59d-7ea2-4347-bf89-4f2b35ecd6de','2013-04-17 23:25:29',NULL,'8329',1,'    其他清洁服务','aa8769d0-59e8-49be-8dab-188d170d48ef'),('88610688-4d5d-4877-a441-fce0dde59017','2013-04-17 23:25:29',NULL,'07',1,'石油和天然气开采业','90acee91-24d5-45ba-8f6d-57b03abccbf5'),('88630b74-9d49-405c-900a-b0e630450f72','2013-04-18 13:24:46',NULL,'8',1,'小数','c3dd5124-17e0-4e86-839c-ba9d032cd443'),('88a1d813-dd07-4a85-aa3f-1349a0683d13','2013-04-17 23:25:29',NULL,'271',1,'  化学药品原药制造','eb640627-1777-4a6e-916d-0f64f6f89c0a'),('88cf527e-2e3e-40ba-a524-6820fa937870','2013-04-17 23:25:29',NULL,'3725',1,'    汽车零部件及配件制造','aa8769d0-59e8-49be-8dab-188d170d48ef'),('89265765-a1be-42c4-bb34-cf519853eabb','2013-04-17 23:25:29',NULL,'5532',1,'    空中交通管理','aa8769d0-59e8-49be-8dab-188d170d48ef'),('89420484-aa3e-4467-82e5-8505636af53c','2013-04-17 23:25:29',NULL,'0212',1,'    造林','aa8769d0-59e8-49be-8dab-188d170d48ef'),('895b7c80-bb9b-4f5a-af7a-f76619893316','2013-04-17 23:25:29',NULL,'307',1,'  塑料零件制造','eb640627-1777-4a6e-916d-0f64f6f89c0a'),('899e0b53-c9d3-4cfd-848c-446d3741b138','2013-04-17 23:25:29',NULL,'1711',1,'    棉、化纤纺织加工','aa8769d0-59e8-49be-8dab-188d170d48ef'),('89e7a07f-93b7-4293-94e1-c45cc07d4b31','2013-04-17 23:25:29',NULL,'O',1,'居民服务和其他服务业','0d8869f8-d746-40a5-8606-76899fbee826'),('89fe069c-b224-48e5-9ee1-a9dc9f00d287','2013-04-17 23:25:29',NULL,'1759',1,'    其他纺织制成品制造','aa8769d0-59e8-49be-8dab-188d170d48ef'),('8a058bb5-16ab-43ca-8e09-66d84248de8a','2013-04-17 23:25:29',NULL,'3929',1,'    其他输配电及控制设备制造','aa8769d0-59e8-49be-8dab-188d170d48ef'),('8a281cae-0be0-4d8b-ab0e-0843d25750bf','2013-04-17 23:25:29',NULL,'532',1,'  轨道交通','eb640627-1777-4a6e-916d-0f64f6f89c0a'),('8a7cd48e-49eb-4593-a127-185a7d2a1942','2013-04-17 23:25:29',NULL,'3574',1,'    风动和电动工具制造','aa8769d0-59e8-49be-8dab-188d170d48ef'),('8aa4e3aa-f0a4-44ed-baa8-2890c554eb91','2013-04-17 23:25:29',NULL,'4722',1,'    水利和港口工程建筑','aa8769d0-59e8-49be-8dab-188d170d48ef'),('8abf39f9-5535-4983-995a-4e85a4e4fdc1','2013-04-17 23:25:29',NULL,'771',1,'  技术推广服务','eb640627-1777-4a6e-916d-0f64f6f89c0a'),('8ac92a75-d7e1-432a-a5d7-b3c11dabe286','2013-04-17 23:25:29',NULL,'3683',1,'    实验室及医用消毒设备和器具的制造','aa8769d0-59e8-49be-8dab-188d170d48ef'),('8b172d85-24f2-4151-833e-c76f66ea7df8','2013-04-17 23:25:29',NULL,'9032',1,'    档案馆','aa8769d0-59e8-49be-8dab-188d170d48ef'),('8b3395d5-163a-41a8-b8d3-0726307373b3','2013-04-17 23:25:29',NULL,'5010',1,'  工程准备','aa8769d0-59e8-49be-8dab-188d170d48ef'),('8b485c17-48bd-4add-98ae-9a4126d44a69','2013-04-12 12:31:26',NULL,'2',1,'党政机关','96a8bbf9-7fef-4437-a7e1-ae65422de37a'),('8b6a0fe7-3e9d-4bc4-98ef-05dd27031cb1','2013-04-17 23:25:29',NULL,'137',1,'  蔬菜、水果和坚果加工','eb640627-1777-4a6e-916d-0f64f6f89c0a'),('8bc79560-cbc9-493b-b81c-e2423b68e726','2013-04-17 23:25:29',NULL,'721',1,'  房地产开发经营','eb640627-1777-4a6e-916d-0f64f6f89c0a'),('8bef9e22-8d11-4b14-8594-32dce142ee9d','2013-04-17 23:25:29',NULL,'407',1,'  家用视听设备制造','eb640627-1777-4a6e-916d-0f64f6f89c0a'),('8c0f8805-3b1f-4b47-9f54-960ca5ffca68','2013-04-17 23:25:29',NULL,'4042',1,'    计算机网络设备制造','aa8769d0-59e8-49be-8dab-188d170d48ef'),('8c4fbbdc-f863-4009-bb4c-376800756bd3','2013-04-17 23:25:29',NULL,'7710',1,'  技术推广服务','aa8769d0-59e8-49be-8dab-188d170d48ef'),('8c5a977b-a5a6-45b5-82f5-5f7a37665232','2013-04-17 23:25:29',NULL,'612',1,'  数据处理','eb640627-1777-4a6e-916d-0f64f6f89c0a'),('8c5e6fdd-2a39-48b9-9238-1e7b38d26ff2','2013-04-17 23:25:29',NULL,'3433',1,'    金属包装容器制造','aa8769d0-59e8-49be-8dab-188d170d48ef'),('8cf30626-808a-471e-bc4f-73d0a1cb2249','2013-04-17 23:25:29',NULL,'6373',1,'    五金、交电批发','aa8769d0-59e8-49be-8dab-188d170d48ef'),('8d2d23c4-6d5a-44d0-b236-bece2638b659','2013-04-17 23:25:29',NULL,'8822',1,'    报纸出版','aa8769d0-59e8-49be-8dab-188d170d48ef'),('8d4fe09e-dab1-4a4a-b2ac-fbb4da2ddb4c','2013-04-17 23:25:29',NULL,'3319',1,'    其他常用有色金属冶炼','aa8769d0-59e8-49be-8dab-188d170d48ef'),('8dc91f9e-fafd-4cc7-a0d1-356f3ddcb0f7','2013-04-17 23:25:29',NULL,'3956',1,'    家用美容、保健电器具制造','aa8769d0-59e8-49be-8dab-188d170d48ef'),('8e057c0b-d9a7-4782-a8ae-4b581169c03b','2013-04-17 23:25:29',NULL,'47',1,'房屋和土木工程建筑业','90acee91-24d5-45ba-8f6d-57b03abccbf5'),('8e148f7f-2024-443a-9da8-45c4c307946a','2013-04-17 23:25:29',NULL,'88',1,'新闻出版业','90acee91-24d5-45ba-8f6d-57b03abccbf5'),('8e984030-0058-456f-9d85-b3a36512225d','2013-04-17 23:25:29',NULL,'1942',1,'    羽毛(绒)制品加工','aa8769d0-59e8-49be-8dab-188d170d48ef'),('8ebe5434-5b6d-4ad5-b6ea-4fab3e3589d2','2013-04-17 23:25:29',NULL,'679',1,'  其他餐饮服务','eb640627-1777-4a6e-916d-0f64f6f89c0a'),('8ee97ef3-ab7c-462a-9762-b5110286121f','2013-04-17 13:44:35',NULL,'240',1,'港、澳、台商投资股份有限公司','29f43137-3a78-4889-be22-49e1b75f22ca'),('8f12700b-d87d-4715-abcf-0fa79891e3ab','2013-04-17 23:25:29',NULL,'6582',1,'    家具零售','aa8769d0-59e8-49be-8dab-188d170d48ef'),('8f3bf28c-b593-4af2-ad0b-dc2d5fbd471a','2013-04-17 23:25:29',NULL,'395',1,'  家用电力器具制造','eb640627-1777-4a6e-916d-0f64f6f89c0a'),('8f4dafd4-6c76-45f7-95cc-c93854708e07','2013-04-17 23:25:29',NULL,'980',1,'  国际组织','eb640627-1777-4a6e-916d-0f64f6f89c0a'),('8fc13f31-31e4-4699-b010-9df584857b9e','2013-04-17 23:25:29',NULL,'7030',1,'  保险辅助服务','aa8769d0-59e8-49be-8dab-188d170d48ef'),('90051fe7-cf0e-4589-a1f1-f0a5634c2bb6','2013-04-17 23:25:29',NULL,'9619',1,'    其他群众团体','aa8769d0-59e8-49be-8dab-188d170d48ef'),('90174784-d848-414e-8c05-54fefd2afc8f','2013-04-17 23:25:29',NULL,'6031',1,'    有线广播电视传输服务','aa8769d0-59e8-49be-8dab-188d170d48ef'),('902b8b74-3881-42cf-ac66-d3c93ef69f59','2013-04-17 23:25:29',NULL,'509',1,'    其他未列明的建筑活动','eb640627-1777-4a6e-916d-0f64f6f89c0a'),('902c4fdf-2a55-4069-8e52-6fb41647af10','2013-04-17 23:25:29',NULL,'753',1,'  农业科学研究与试验发展','eb640627-1777-4a6e-916d-0f64f6f89c0a'),('90425fea-8e9c-477e-8092-52e34ffff52a','2013-04-17 23:25:29',NULL,'4111',1,'    工业自动控制系统装置制造','aa8769d0-59e8-49be-8dab-188d170d48ef'),('9047060b-9e29-4ccb-8a8b-1b723281cc58','2013-04-17 23:25:29',NULL,'7450',1,'  知识产权服务','aa8769d0-59e8-49be-8dab-188d170d48ef'),('9098a1f9-3ce9-4c76-89cb-e6cc9e3cccd3','2013-04-17 23:25:29',NULL,'16',1,'烟草制品业','90acee91-24d5-45ba-8f6d-57b03abccbf5'),('90a25f1e-4441-49b0-8ad5-17a02fdeb690','2013-04-17 23:25:29',NULL,'0610',1,'  烟煤和无烟煤的开采洗选','aa8769d0-59e8-49be-8dab-188d170d48ef'),('90f6a77e-ae8d-4c9b-827c-43372896fd3b','2013-04-17 13:42:01',NULL,'143',1,'国有与集体联营企业','29f43137-3a78-4889-be22-49e1b75f22ca'),('90fd70b6-67b6-48f3-9b06-9497aa9599d1','2013-04-17 23:25:29',NULL,'133',1,'  植物油加工','eb640627-1777-4a6e-916d-0f64f6f89c0a'),('9106148f-7742-4a5c-847b-cba90ae040c2','2013-04-17 23:25:29',NULL,' ',1,'城市公共交通业','eb640627-1777-4a6e-916d-0f64f6f89c0a'),('9106516d-5110-493f-9749-1a08d0efe7d4','2013-04-17 23:25:29',NULL,' ',1,'公共设施管理业','eb640627-1777-4a6e-916d-0f64f6f89c0a'),('910a6260-5650-4f32-8ec1-fb09dfd1af24','2013-04-17 23:25:29',NULL,'079',1,'  与石油和天然气开采有关的服务活动','eb640627-1777-4a6e-916d-0f64f6f89c0a'),('911f52b4-e26c-4c1d-b385-e198a5494eeb','2013-04-17 23:25:29',NULL,'342',1,'  金属工具制造','eb640627-1777-4a6e-916d-0f64f6f89c0a'),('9187b606-cc45-4dd4-812f-ac6105a85c28','2013-04-17 23:25:29',NULL,'2645',1,'    密封用填料及类似品制造','aa8769d0-59e8-49be-8dab-188d170d48ef'),('91966c97-4f30-40b3-b907-a48dc77392ec','2013-04-17 23:25:29',NULL,'7550',1,'  社会人文科学研究与试验发展','aa8769d0-59e8-49be-8dab-188d170d48ef'),('91b642d0-f7ea-452e-8a34-84c18863a3f5','2013-04-17 23:25:29',NULL,'3632',1,'    农副食品加工专用设备制造','aa8769d0-59e8-49be-8dab-188d170d48ef'),('91ec17c8-916a-4f14-a58f-660b582d9f2d','2013-04-17 23:25:29',NULL,'693',1,'  证券投资','eb640627-1777-4a6e-916d-0f64f6f89c0a'),('91efed45-bfec-477e-941f-807a50449ffe','2013-04-17 23:25:29',NULL,'1362',1,'    鱼糜制品及水产品干腌制加工','aa8769d0-59e8-49be-8dab-188d170d48ef'),('92360ada-7f9d-4ec2-837c-cc0903151b9b','2013-04-17 23:25:29',NULL,'6333',1,'    鞋帽批发','aa8769d0-59e8-49be-8dab-188d170d48ef'),('926940d3-8d99-458d-a61b-61ff5c1c9620','2013-04-17 23:25:29',NULL,'2950',1,'  日用及医用橡胶制品制造','aa8769d0-59e8-49be-8dab-188d170d48ef'),('926acbb4-d6e1-456a-b36c-16c8c044621c','2013-04-17 23:25:29',NULL,'513',1,'  铁路运输辅助活动','eb640627-1777-4a6e-916d-0f64f6f89c0a'),('926f0b23-1296-4a93-9558-b0ff83f133fe','2013-04-17 23:25:29',NULL,'767',1,'  工程技术与规划管理   ','eb640627-1777-4a6e-916d-0f64f6f89c0a'),('928244a7-03d7-4aeb-a1cb-5416fe398672','2013-04-17 23:25:29',NULL,' ',1,'中国共产党机关','eb640627-1777-4a6e-916d-0f64f6f89c0a'),('9292422d-d5de-45d7-a200-b10182454d50','2013-04-17 23:25:29',NULL,'655',1,'  医药及医疗器材专门零售','eb640627-1777-4a6e-916d-0f64f6f89c0a'),('92ab0a34-024b-4375-b874-36c59eb8e7af','2013-04-17 23:25:29',NULL,'75',1,'研究与试验发展','90acee91-24d5-45ba-8f6d-57b03abccbf5'),('92caa649-0fbb-450a-b137-627d84d86fee','2013-04-17 23:25:29',NULL,'2911',1,'    车辆、飞机及工程机械轮胎制造','aa8769d0-59e8-49be-8dab-188d170d48ef'),('9311d9e4-f4b6-453f-b9e3-7a420bb5c612','2015-07-18 22:31:16','博客配置的缩写的描述','outline',1,'200','e1b74a64-a5c8-4586-8485-fc4e7881da6f'),('933c56e0-4ba8-42ab-ace1-60bed0e35a7d','2013-04-17 23:25:29',NULL,'G',1,'信息传输、计算机服务和软件业','0d8869f8-d746-40a5-8606-76899fbee826'),('936df912-9cdd-4b90-b07c-96428f0ca675','2013-04-17 23:25:29',NULL,'4154',1,'    复印和胶印设备制造','aa8769d0-59e8-49be-8dab-188d170d48ef'),('9372cc7b-b84d-40fc-bb43-b3f4fe79b7ad','2013-04-17 23:25:29',NULL,'8823',1,'    期刊出版','aa8769d0-59e8-49be-8dab-188d170d48ef'),('938c8ca3-2515-49a0-aa45-f80ee07a7ba2','2013-04-17 23:25:29',NULL,'6362',1,'    石油及制品批发','aa8769d0-59e8-49be-8dab-188d170d48ef'),('94717363-c8b4-4b69-870f-2dcd95e26853','2013-04-17 23:25:29',NULL,'22',1,'造纸及纸制品业','90acee91-24d5-45ba-8f6d-57b03abccbf5'),('94cf1182-b4fe-455b-af27-94ea654b8ba5','2013-04-17 23:25:29',NULL,'639',1,'  其他批发','eb640627-1777-4a6e-916d-0f64f6f89c0a'),('95348457-e90a-484f-aa77-289a7cfdb433','2013-04-17 23:25:29',NULL,'335',1,'  有色金属压延加工','eb640627-1777-4a6e-916d-0f64f6f89c0a'),('95367fd3-cadb-4d50-adcb-098c703236b9','2013-04-17 23:25:29',NULL,'3530',1,'  起重运输设备制造','aa8769d0-59e8-49be-8dab-188d170d48ef'),('9537dcf3-7d1f-4e54-8be1-f24b7ffa709c','2013-04-17 23:25:29',NULL,'6573',1,'    通信设备零售','aa8769d0-59e8-49be-8dab-188d170d48ef'),('9537eb55-c2bf-4522-92c5-0ddc5f868611','2013-04-17 23:25:29',NULL,'3722',1,'    改装汽车制造','aa8769d0-59e8-49be-8dab-188d170d48ef'),('95579c7b-26ab-4c59-bf2a-e9994733e7a5','2013-04-17 23:25:29',NULL,'7640',1,'  测绘服务','aa8769d0-59e8-49be-8dab-188d170d48ef'),('9557be32-4c4a-45f0-a67f-5e927cdae73f','2013-04-17 23:25:29',NULL,'871',1,'  提供住宿的社会福利','eb640627-1777-4a6e-916d-0f64f6f89c0a'),('95593aea-8bec-48fe-8795-188d6f77fd5c','2013-04-17 23:25:29',NULL,'6323',1,'    果品、蔬菜批发','aa8769d0-59e8-49be-8dab-188d170d48ef'),('9578d29f-bfd0-488f-89bb-0efd3559a755','2013-04-17 23:25:29',NULL,'11',1,'其他采矿业  ','90acee91-24d5-45ba-8f6d-57b03abccbf5'),('95ed97e2-4f6d-4b80-80f5-7435db7870d9','2013-04-17 23:25:29',NULL,'1440',1,'  液体乳及乳制品制造','aa8769d0-59e8-49be-8dab-188d170d48ef'),('96b62c2f-eccf-4de7-815e-911b2b6822b6','2013-04-17 23:25:29',NULL,'212',1,'  竹、藤家具制造','eb640627-1777-4a6e-916d-0f64f6f89c0a'),('971c6bfa-6962-451b-b5b9-818be0b3762b','2013-04-17 23:25:29',NULL,'6561',1,'    汽车零售','aa8769d0-59e8-49be-8dab-188d170d48ef'),('971fa7a0-15f2-4414-af26-7f61dd7ed307','2013-04-17 23:25:29',NULL,'3769',1,'    其他飞行器制造','aa8769d0-59e8-49be-8dab-188d170d48ef'),('97246da9-8a44-41e6-bbbe-a8ccfb20c060','2013-04-17 23:25:29',NULL,'450',1,'  燃气生产和供应业','eb640627-1777-4a6e-916d-0f64f6f89c0a'),('976f2391-4b39-4392-98c0-4c441b2070b2','2013-04-17 23:25:29',NULL,' ',1,'  电信','90acee91-24d5-45ba-8f6d-57b03abccbf5'),('97d37d5a-68e8-4a5f-b5d1-1c02c1707a8f','2013-04-17 23:25:29',NULL,'E',1,'建筑业','0d8869f8-d746-40a5-8606-76899fbee826'),('9846db71-c263-4cce-926a-f96144fdfc3b','2013-04-17 23:25:29',NULL,'04',1,'渔业','90acee91-24d5-45ba-8f6d-57b03abccbf5'),('985e41f4-e400-49c3-8b6a-fb346e2119c1','2013-04-17 23:25:29',NULL,'4041',1,'    电子计算机整机制造','aa8769d0-59e8-49be-8dab-188d170d48ef'),('9860667f-f38a-498d-bf53-4cc6b0ab0268','2013-04-17 23:25:29',NULL,' ',1,'  农畜产品批发','90acee91-24d5-45ba-8f6d-57b03abccbf5'),('989740d3-3019-42ab-a98d-08bb628bbb21','2013-04-17 23:25:29',NULL,'2451',1,'    露天游乐场所游乐设备制造','aa8769d0-59e8-49be-8dab-188d170d48ef'),('98ad0226-455c-4b7a-b2dd-4195075cf160','2013-04-17 23:25:29',NULL,'893',1,'  电影','eb640627-1777-4a6e-916d-0f64f6f89c0a'),('98f10a7f-bba4-4e91-b45b-e5feea0b9c8d','2013-04-17 23:25:29',NULL,'0211',1,'    育种和育苗','aa8769d0-59e8-49be-8dab-188d170d48ef'),('9933a4a0-862b-4d0f-8000-264459017bce','2013-04-17 23:25:29',NULL,' ',1,'    其他文化用品零售','eb640627-1777-4a6e-916d-0f64f6f89c0a'),('9937ea5b-81e0-40b8-bc0e-56b15046f2d8','2013-04-17 23:25:29',NULL,'2011',1,'    锯材加工','aa8769d0-59e8-49be-8dab-188d170d48ef'),('993ea834-4be3-4641-8230-fd1f865b515d','2013-04-17 23:25:29',NULL,'1820',1,'  纺织面料鞋的制造','aa8769d0-59e8-49be-8dab-188d170d48ef'),('994036ff-fa1e-4c5f-8ee2-1c1ef369dbc9','2013-04-17 23:25:29',NULL,' ',1,'  航空客货运输','aa8769d0-59e8-49be-8dab-188d170d48ef'),('9940aad4-50a8-48ad-b848-fa0c6aba585f','2013-04-17 23:25:29',NULL,'9490',1,'  其他国家机构','aa8769d0-59e8-49be-8dab-188d170d48ef'),('9941f02c-7cba-4f27-aeab-49f996527e25','2013-04-17 23:25:29',NULL,'4230',1,'  煤制品制造','aa8769d0-59e8-49be-8dab-188d170d48ef'),('99852f48-9966-429e-ba32-409bca2093d6','2013-04-17 23:25:29',NULL,'143',1,'  方便食品制造','eb640627-1777-4a6e-916d-0f64f6f89c0a'),('99a79271-ef0f-4fea-9a9a-b8b7609de7f1','2013-04-17 23:25:29',NULL,'702',1,'  非人寿保险','eb640627-1777-4a6e-916d-0f64f6f89c0a'),('9a651a5b-674a-4472-9248-21f78abe634e','2013-04-17 23:25:29',NULL,'28',1,'化学纤维制造业','90acee91-24d5-45ba-8f6d-57b03abccbf5'),('9ad6393a-b52b-4c66-89a3-32f8de76c11b','2013-04-17 23:25:29',NULL,'3689',1,'    其他医疗设备及器械制造','aa8769d0-59e8-49be-8dab-188d170d48ef'),('9addd6d0-aa58-4880-981f-a5d1bac2ed7f','2013-04-17 13:41:41',NULL,'141',1,'国有联营企业','29f43137-3a78-4889-be22-49e1b75f22ca'),('9ae0b289-00c3-4f07-b14e-aa0fb1adaede','2013-04-17 23:25:29',NULL,'295',1,'  日用及医用橡胶制品制造','eb640627-1777-4a6e-916d-0f64f6f89c0a'),('9b022285-05f2-415a-ad70-4bb5bc8c7d77','2013-04-17 23:25:29',NULL,'3453',1,'    安全、消防用金属制品制造','aa8769d0-59e8-49be-8dab-188d170d48ef'),('9b0ba96e-c46d-4374-a502-347ebbda02d7','2013-04-17 23:25:29',NULL,' ',1,'建筑装饰业','eb640627-1777-4a6e-916d-0f64f6f89c0a'),('9b2da0de-840e-40ca-bca8-d1d402ef66b0','2013-04-17 23:25:29',NULL,'4620',1,'  污水处理及其再生利用','aa8769d0-59e8-49be-8dab-188d170d48ef'),('9b2fd2eb-6c56-47d9-bcd1-25cb547c15b6','2013-04-17 23:25:29',NULL,'6593',1,'    生活用燃料零售','aa8769d0-59e8-49be-8dab-188d170d48ef'),('9b3a1dc2-6ff3-4ad0-b91b-1f3e84c676ec','2013-04-17 23:25:29',NULL,'3662',1,'    电子工业专用设备制造','aa8769d0-59e8-49be-8dab-188d170d48ef'),('9c33cc0b-4adc-41dc-a52e-7e480fe175b9','2013-04-17 23:25:29',NULL,'7493',1,'    保安服务','aa8769d0-59e8-49be-8dab-188d170d48ef'),('9c44ea55-c79d-4428-8221-3f5ecf53aea9','2013-04-17 23:25:29',NULL,'2643',1,'    颜料制造','aa8769d0-59e8-49be-8dab-188d170d48ef'),('9c5c073d-017c-46e9-8cae-e2461b327698','2013-04-17 23:25:29',NULL,'6349',1,'    其他文化用品批发','aa8769d0-59e8-49be-8dab-188d170d48ef'),('9c9a9c75-aef1-40f7-896e-451860206521','2013-04-17 23:25:29',NULL,'4152',1,'    幻灯及投影设备制造','aa8769d0-59e8-49be-8dab-188d170d48ef'),('9cb51084-992a-47c2-97a8-d202535114b9','2013-04-17 23:25:29',NULL,'5340',1,'  城市轮渡 ','aa8769d0-59e8-49be-8dab-188d170d48ef'),('9d008154-b6db-4200-90b8-b870b7800b5f','2013-04-17 23:25:29',NULL,'9110',1,'  体育组织','aa8769d0-59e8-49be-8dab-188d170d48ef'),('9d0ba2c6-eab0-4518-bef0-b7bba775429e','2013-04-17 23:25:29',NULL,'P',1,'教育','0d8869f8-d746-40a5-8606-76899fbee826'),('9d3f9e27-8380-4225-b28e-aa1c384b9565','2013-04-17 23:25:29',NULL,'922',1,'  游乐园','eb640627-1777-4a6e-916d-0f64f6f89c0a'),('9d43b8e9-4823-4679-9f91-04e118551472','2013-04-17 23:25:29',NULL,'73',1,'租赁业','90acee91-24d5-45ba-8f6d-57b03abccbf5'),('9dbfa776-e33d-49f4-956f-68d13f282379','2013-04-17 23:25:29',NULL,'4320',1,'  非金属废料和碎屑的加工处理','aa8769d0-59e8-49be-8dab-188d170d48ef'),('9dcbe9f1-ccf2-4f5b-83b4-062b893a3293','2013-04-17 23:25:29',NULL,'6589',1,'    其他室内装修材料零售','aa8769d0-59e8-49be-8dab-188d170d48ef'),('9ddb77d4-b717-490a-bfa0-cea9460af2ab','2013-04-17 23:25:29',NULL,'8290',1,'  其他居民服务','aa8769d0-59e8-49be-8dab-188d170d48ef'),('9de2d428-8210-42bd-9370-f224cc0348e5','2013-04-17 23:25:29',NULL,'3352',1,'    贵金属压延加工','aa8769d0-59e8-49be-8dab-188d170d48ef'),('9de6651c-13ce-4ec0-8098-14f5dbbd2d82','2013-04-17 23:25:29',NULL,'014',1,'  中药材的种植','eb640627-1777-4a6e-916d-0f64f6f89c0a'),('9e097963-afc9-4a98-8b5b-f136413fc291','2013-04-17 23:25:29',NULL,'651',1,'  综合零售','eb640627-1777-4a6e-916d-0f64f6f89c0a'),('9e3c8897-b482-4c98-9fe1-adc4fa41819b','2013-04-17 23:25:29',NULL,'1100',1,'  其他采矿业  ','aa8769d0-59e8-49be-8dab-188d170d48ef'),('9e524076-47a4-4355-ad9f-1adf05f3fa22','2013-04-17 23:25:29',NULL,'2821',1,'    锦纶纤维制造','aa8769d0-59e8-49be-8dab-188d170d48ef'),('9ed31b94-bb48-4c18-885e-16bcae75ffb0','2013-04-17 23:25:29',NULL,'1332',1,'    非食用植物油加工','aa8769d0-59e8-49be-8dab-188d170d48ef'),('9f322897-5916-424e-b0d3-15dd958ec709','2013-04-17 23:25:29',NULL,' ',1,'    城市环境卫生管理','eb640627-1777-4a6e-916d-0f64f6f89c0a'),('9f63a73c-8df1-4676-a656-c2217d50d3a8','2013-04-17 23:25:29',NULL,'1340',1,'  制糖','aa8769d0-59e8-49be-8dab-188d170d48ef'),('9fc079a8-7ef9-41d4-b648-4b4a86ef44a6','2013-04-17 23:25:29',NULL,'013',1,'  水果、坚果、饮料和香料作物的种植','eb640627-1777-4a6e-916d-0f64f6f89c0a'),('9fdfde6c-74ce-417b-bd2a-b9382dfb27d8','2013-04-17 23:25:29',NULL,'4412',1,'    水力发电','aa8769d0-59e8-49be-8dab-188d170d48ef'),('9ffaef1b-38f4-424f-b4ed-e9594d943a0d','2013-04-17 23:25:29',NULL,'6543',1,'    图书零售','aa8769d0-59e8-49be-8dab-188d170d48ef'),('a01e5fb6-80ac-4d7e-9638-fb0eab3dff9a','2013-04-17 23:25:29',NULL,'4072',1,'    家用音响设备制造','aa8769d0-59e8-49be-8dab-188d170d48ef'),('a02a2d84-2872-4c41-bc02-73141f8e4e9d','2013-04-17 23:25:29',NULL,'472',1,'  土木工程建筑','eb640627-1777-4a6e-916d-0f64f6f89c0a'),('a0338e2f-bc4e-40a2-b288-c29d3a4f6a20','2013-04-17 23:25:29',NULL,'2619',1,'    其他基础化学原料制造','aa8769d0-59e8-49be-8dab-188d170d48ef'),('a05b389e-82cc-4de3-a77f-90e0bbf28f64','2013-04-17 23:25:29',NULL,'0511',1,'    灌溉服务','aa8769d0-59e8-49be-8dab-188d170d48ef'),('a07bcc3c-6047-4037-878d-2e260170d2aa','2013-04-17 23:25:29',NULL,'7460',1,'  职业中介服务','aa8769d0-59e8-49be-8dab-188d170d48ef'),('a0adf09a-20a9-4009-bffa-4400d4b57aab','2013-04-17 23:25:29',NULL,'092',1,'  贵金属矿采选','eb640627-1777-4a6e-916d-0f64f6f89c0a'),('a10569e1-6ff6-4ff7-8166-38e381f5f410','2013-04-17 23:25:29',NULL,'5390',1,'  其他城市公共交通     ','aa8769d0-59e8-49be-8dab-188d170d48ef'),('a13fa1bb-80f4-4bf3-83ab-88cd557f03d5','2013-04-17 23:25:29',NULL,'5422',1,'    沿海货物运输','aa8769d0-59e8-49be-8dab-188d170d48ef'),('a1bb941e-6c71-4243-8ad5-e2bff9117765','2013-04-17 23:25:29',NULL,'6312',1,'    种子、饲料批发','aa8769d0-59e8-49be-8dab-188d170d48ef'),('a1e82119-04ad-4a03-a9a0-af0f72002d47','2013-04-17 23:25:29',NULL,'7510',1,'  自然科学研究与试验发展','aa8769d0-59e8-49be-8dab-188d170d48ef'),('a20a262f-699c-4c4d-a2a9-1a240bf38ba8','2013-04-17 23:25:29',NULL,'729',1,'  其他房地产活动','eb640627-1777-4a6e-916d-0f64f6f89c0a'),('a23f4e52-797d-42c9-abd5-b56cd1dd161e','2013-04-17 23:25:29',NULL,'754',1,'  医学研究与试验发展','eb640627-1777-4a6e-916d-0f64f6f89c0a'),('a28bc1fa-5866-4d5d-9d1e-fd416fa9e375','2013-04-17 23:25:29',NULL,'85',1,'卫生','90acee91-24d5-45ba-8f6d-57b03abccbf5'),('a2a139a5-ea25-4fe5-bf8b-27dcf46cb230','2013-04-17 23:25:29',NULL,'6564',1,'    机动车燃料零售','aa8769d0-59e8-49be-8dab-188d170d48ef'),('a2d1822a-f800-4ef5-87f9-8b8e87819ced','2013-04-17 23:25:29',NULL,'093',1,'  稀有稀土金属矿采选','eb640627-1777-4a6e-916d-0f64f6f89c0a'),('a2d4993b-42b9-49a5-b1e8-c3da9b0d30e0','2013-04-17 23:25:29',NULL,'3412',1,'    金属门窗制造','aa8769d0-59e8-49be-8dab-188d170d48ef'),('a321227a-caf9-4be0-a773-bc466bec197d','2013-04-17 23:25:29',NULL,'4151',1,'    电影机械制造','aa8769d0-59e8-49be-8dab-188d170d48ef'),('a32317eb-0c02-4347-876f-9c81e73947a8','2013-04-17 23:25:29',NULL,'6548',1,'    照相器材零售','aa8769d0-59e8-49be-8dab-188d170d48ef'),('a33be773-48a9-4351-84cb-dba9a5eaa556','2013-04-17 23:25:29',NULL,'334',1,'  有色金属合金制造','eb640627-1777-4a6e-916d-0f64f6f89c0a'),('a3806664-2bd7-401a-a106-6beb8cb52e12','2013-04-17 23:25:29',NULL,'324',1,'  铁合金冶炼','eb640627-1777-4a6e-916d-0f64f6f89c0a'),('a3d55187-e03d-43d9-97f2-2eadebff53d6','2013-04-17 23:25:29',NULL,'222',1,'  造纸','eb640627-1777-4a6e-916d-0f64f6f89c0a'),('a3fc516c-98c3-4603-b9ed-0e2aaf3163ca','2013-04-17 23:25:29',NULL,'3612',1,'    石油钻采专用设备制造','aa8769d0-59e8-49be-8dab-188d170d48ef'),('a409644a-b242-4892-beb3-3f46f65daa16','2013-04-17 23:25:29',NULL,'972',1,'  村民自治组织','eb640627-1777-4a6e-916d-0f64f6f89c0a'),('a443e6ed-98a9-4c3e-aadb-08c5185b18fa','2013-04-17 23:25:29',NULL,'2433',1,'    电子乐器制造','aa8769d0-59e8-49be-8dab-188d170d48ef'),('a44de9ef-6d09-4f63-8ce3-3a86691959e8','2013-04-17 23:25:29',NULL,'3741',1,'    脚踏自行车及残疾人座车制造','aa8769d0-59e8-49be-8dab-188d170d48ef'),('a48b3efd-b3b5-49b5-9909-e99a17341882','2013-04-17 23:25:29',NULL,' ',1,'    会议及展览服务','eb640627-1777-4a6e-916d-0f64f6f89c0a'),('a48c7f4b-4b53-41b8-b5d1-95bbc5b773f9','2013-04-17 23:25:29',NULL,'6290',1,'  其他软件服务','aa8769d0-59e8-49be-8dab-188d170d48ef'),('a4a0941f-5041-4110-9316-028c59eecb6d','2013-04-17 23:25:29',NULL,'637',1,'  机械设备、五金交电及电子产品批发','eb640627-1777-4a6e-916d-0f64f6f89c0a'),('a4ab38b0-b2a8-43b0-af9d-2341e8bd568a','2013-04-17 23:25:29',NULL,'621',1,'  公共软件服务','eb640627-1777-4a6e-916d-0f64f6f89c0a'),('a4c39437-6a09-4a1a-be95-e24407a5b192','2013-04-17 23:25:29',NULL,'359',1,'  金属铸、锻加工','eb640627-1777-4a6e-916d-0f64f6f89c0a'),('a4eb00a4-ca3a-4d68-b93a-0096b32348cc','2013-04-17 23:25:29',NULL,'3316',1,'    铝冶炼','aa8769d0-59e8-49be-8dab-188d170d48ef'),('a4ebfb40-0e6c-4083-b2f3-0fa62d999fa0','2013-04-17 23:25:29',NULL,'636',1,'  矿产品、建材及化工产品批发','eb640627-1777-4a6e-916d-0f64f6f89c0a'),('a4f80849-8b12-4d3c-af45-45efb107eab0','2013-04-17 23:25:29',NULL,'6339',1,'    其他日用品批发','aa8769d0-59e8-49be-8dab-188d170d48ef'),('a4fe8d9a-e412-4c16-a46b-16b04f09f846','2013-04-17 23:25:29',NULL,'1452',1,'    水产品罐头制造','aa8769d0-59e8-49be-8dab-188d170d48ef'),('a53b05a8-1c99-4544-9750-2b4a58ea869b','2013-04-17 23:25:29',NULL,'6012',1,'    移动电信服务','aa8769d0-59e8-49be-8dab-188d170d48ef'),('a56c645e-a765-43fe-a1f8-f734a573c944','2013-04-17 23:25:29',NULL,'8499',1,'    其他未列明的教育','aa8769d0-59e8-49be-8dab-188d170d48ef'),('a5732902-6863-481c-ada7-38230131e62b','2013-04-17 23:25:29',NULL,'6351',1,'    西药批发','aa8769d0-59e8-49be-8dab-188d170d48ef'),('a578d95a-3ea0-476e-8417-9b593cc717c3','2013-04-17 23:25:29',NULL,'6211',1,'    基础软件服务','aa8769d0-59e8-49be-8dab-188d170d48ef'),('a584b27d-9e5e-471d-bf64-75aa95cd173b','2013-04-17 23:25:29',NULL,'2629',1,'    其他肥料制造','aa8769d0-59e8-49be-8dab-188d170d48ef'),('a599baf7-c470-450b-a30a-1b066706a640','2013-04-17 23:25:29',NULL,' ',1,'  其他批发','aa8769d0-59e8-49be-8dab-188d170d48ef'),('a5a1d7d1-3943-451c-8011-53d5e783812c','2013-04-17 13:39:24',NULL,'100',1,'内资企业','29f43137-3a78-4889-be22-49e1b75f22ca'),('a5c8cec1-9387-4db3-a791-8b20c7126192','2013-04-17 23:25:29',NULL,'6930',1,'  证券投资','aa8769d0-59e8-49be-8dab-188d170d48ef'),('a5cffb6c-9d68-4b24-b0cb-3d7b38479771','2013-04-17 23:25:29',NULL,'25',1,'石油加工、炼焦及核燃料加工业','90acee91-24d5-45ba-8f6d-57b03abccbf5'),('a5e1427b-0ed1-4870-b45e-360a388f61aa','2012-11-28 19:24:54',NULL,'0',1,'单身','22a41c6d-a8d0-4eb4-8dab-fa2db1fbcef5'),('a5efb79d-ae59-4885-a334-25a986cc66c7','2013-04-17 23:25:29',NULL,'8390',1,'  其他未列明的服务','aa8769d0-59e8-49be-8dab-188d170d48ef'),('a60a6bb2-6877-4009-ba07-fffba52a8d81','2013-04-17 23:25:29',NULL,'903',1,'  图书馆与档案馆','eb640627-1777-4a6e-916d-0f64f6f89c0a'),('a6226ae7-2759-4eec-87af-919d58c0bc20','2013-04-17 23:25:29',NULL,'3629',1,'    其他非金属加工专用设备制造','aa8769d0-59e8-49be-8dab-188d170d48ef'),('a64313e7-e80f-4476-9777-7357e529ec46','2013-04-17 23:25:29',NULL,'2811',1,'    化纤浆粕制造','aa8769d0-59e8-49be-8dab-188d170d48ef'),('a685f5cd-5577-43e6-b49b-ea519731a482','2013-04-17 23:25:29',NULL,'1491',1,'    营养、保健食品制造','aa8769d0-59e8-49be-8dab-188d170d48ef'),('a69778c5-8530-4037-8dae-c557558b45e4','2013-04-17 23:25:29',NULL,'2652',1,'    合成橡胶制造','aa8769d0-59e8-49be-8dab-188d170d48ef'),('a6e2afbb-212e-4b2e-af2c-15d653aa1465','2013-04-17 23:25:29',NULL,'6690',1,'  其他住宿服务','aa8769d0-59e8-49be-8dab-188d170d48ef'),('a6fa35da-4f3e-4584-ac56-187ae04b3074','2013-04-17 23:25:29',NULL,'48',1,'建筑安装业','90acee91-24d5-45ba-8f6d-57b03abccbf5'),('a72c41f1-baba-4f7d-8051-3ec6c8f16322','2013-04-17 23:25:29',NULL,'2032',1,'    木容器制造','aa8769d0-59e8-49be-8dab-188d170d48ef'),('a7c51512-b787-4004-98ef-905580aa6303','2013-04-17 23:25:29',NULL,'4061',1,'    电子元件及组件制造\n\n','aa8769d0-59e8-49be-8dab-188d170d48ef'),('a7ebfa26-c798-490d-b8f2-624de5579443','2013-04-17 23:25:29',NULL,'0122',1,'    花卉的种植','aa8769d0-59e8-49be-8dab-188d170d48ef'),('a7f0359f-a634-4275-81d3-2ca094219857','2013-04-17 23:25:29',NULL,'4420',1,'  电力供应','aa8769d0-59e8-49be-8dab-188d170d48ef'),('a7f90f92-e9e1-4489-af75-081b00ccd74a','2013-04-17 23:25:29',NULL,'3521',1,'    金属切削机床制造','aa8769d0-59e8-49be-8dab-188d170d48ef'),('a7fcb1ea-ae59-47b8-93f7-88a34729ed5b','2013-04-17 23:25:29',NULL,' ',1,'    调水、引水管理','eb640627-1777-4a6e-916d-0f64f6f89c0a'),('a811ef3e-1cd5-4848-8e59-de8526fcc630','2013-04-17 23:25:29',NULL,'2520',1,'  炼焦','aa8769d0-59e8-49be-8dab-188d170d48ef'),('a81dfc7a-4946-45e0-93aa-7d01c341c9e3','2013-04-17 23:25:29',NULL,'358',1,'  通用零部件制造及机械修理','eb640627-1777-4a6e-916d-0f64f6f89c0a'),('a81eedf9-db6c-4ac8-889a-17c0bfa51743','2013-04-17 23:25:29',NULL,'2023',1,'    刨花板制造','aa8769d0-59e8-49be-8dab-188d170d48ef'),('a85e6cdc-ce8a-487a-b62e-09470612e483','2013-04-17 23:25:29',NULL,'852',1,'  卫生院及社区医疗活动','eb640627-1777-4a6e-916d-0f64f6f89c0a'),('a87b0c9c-d48a-4e43-9414-01aed5cf00f3','2013-04-17 23:25:29',NULL,'560',1,'  管道运输业','eb640627-1777-4a6e-916d-0f64f6f89c0a'),('a8aa7437-932a-45c4-a92d-a813a5052531','2013-04-17 23:25:29',NULL,'3081',1,'    塑料鞋制造','aa8769d0-59e8-49be-8dab-188d170d48ef'),('a8b3a81d-4199-4e30-9015-0c5bedcc4b3b','2013-04-17 13:43:03',NULL,'170',1,'私营企业','29f43137-3a78-4889-be22-49e1b75f22ca'),('a8e80b08-b160-40e4-b261-66b029be1bdf','2013-04-17 23:25:29',NULL,'80',1,'环境管理业','90acee91-24d5-45ba-8f6d-57b03abccbf5'),('a90e5eaa-4d5d-4b7f-bb86-891d7c325473','2013-04-17 23:25:29',NULL,'0131',1,'    水果、坚果的种植','aa8769d0-59e8-49be-8dab-188d170d48ef'),('a989f991-15ce-4a10-aebf-63c898c34b00','2013-04-17 23:25:29',NULL,'051',1,'  农业服务业','eb640627-1777-4a6e-916d-0f64f6f89c0a'),('a9930296-31b1-4867-9377-066763ac9ded','2013-04-17 23:25:29',NULL,'908',1,'  文化艺术经纪代理','eb640627-1777-4a6e-916d-0f64f6f89c0a'),('aa4adf5d-d029-49e1-bc53-4d3bc3caceea','2013-04-17 23:25:29',NULL,'3625',1,'    模具制造','aa8769d0-59e8-49be-8dab-188d170d48ef'),('aa63e873-a6aa-4394-b4a7-096a64adbfa4','2013-04-17 23:25:29',NULL,'3489',1,'    其他日用金属制品制造','aa8769d0-59e8-49be-8dab-188d170d48ef'),('aab69fab-bfa8-49c8-8606-c545d3e54655','2013-04-17 23:25:29',NULL,'744',1,'  广告业','eb640627-1777-4a6e-916d-0f64f6f89c0a'),('aad14125-3da8-46e6-840b-803e6a377730','2013-04-17 23:25:29',NULL,'2312',1,'    本册印制','aa8769d0-59e8-49be-8dab-188d170d48ef'),('aaf80e65-33f4-4b45-baae-f6b2674b03f5','2013-04-17 23:25:29',NULL,'3711',1,'    铁路机车车辆及动车组制造','aa8769d0-59e8-49be-8dab-188d170d48ef'),('ab0630ba-d5e2-43dd-a581-c98ba62348aa','2013-04-17 23:25:29',NULL,'812',1,'  城市绿化管理','eb640627-1777-4a6e-916d-0f64f6f89c0a'),('ab0a8d40-0e74-453a-826e-e869e35b393a','2013-04-17 23:25:29',NULL,'4052',1,'    半导体分立器件制造','aa8769d0-59e8-49be-8dab-188d170d48ef'),('ab9ed224-7148-454c-b93c-8fb3fc8a172c','2013-04-17 23:25:29',NULL,'1422',1,'    蜜饯制作','aa8769d0-59e8-49be-8dab-188d170d48ef'),('abc77374-432f-443d-a54e-b29fea9eed52','2013-04-17 23:25:29',NULL,'3651',1,'    纺织专用设备制造 ','aa8769d0-59e8-49be-8dab-188d170d48ef'),('ac1a9ac6-4d04-42d5-9822-2d628a01351a','2013-04-17 23:25:29',NULL,'3571',1,'    风机、风扇制造','aa8769d0-59e8-49be-8dab-188d170d48ef'),('ac348692-3d91-49aa-8893-e23af4371f5f','2013-04-17 23:25:29',NULL,'8011',1,'    自然保护区管理','aa8769d0-59e8-49be-8dab-188d170d48ef'),('aca2c053-da18-4f5f-be78-f8548af0b4a5','2013-04-17 23:25:29',NULL,'1721',1,'    毛条加工','aa8769d0-59e8-49be-8dab-188d170d48ef'),('aca49f93-f959-4406-8d67-f99b4b98ee1e','2013-04-17 23:25:29',NULL,' ',1,'专用设备制造业','eb640627-1777-4a6e-916d-0f64f6f89c0a'),('ad0b460e-070f-47a9-aec3-8646b7540de6','2013-04-17 23:25:29',NULL,'041',1,'  海洋渔业','eb640627-1777-4a6e-916d-0f64f6f89c0a'),('ad0cc2c1-4c95-42b3-8c11-bc15e1b2511c','2013-04-17 23:25:29',NULL,'183',1,'  制帽','eb640627-1777-4a6e-916d-0f64f6f89c0a'),('ad2a21f8-9d06-423e-9af1-0e54fe9fe071','2013-04-17 23:25:29',NULL,'211',1,'  木质家具制造','eb640627-1777-4a6e-916d-0f64f6f89c0a'),('adb64e6b-2668-4c92-9136-5aa57d9d780a','2013-04-17 23:25:29',NULL,'3040',1,'  泡沫塑料制造','aa8769d0-59e8-49be-8dab-188d170d48ef'),('add5a577-298b-488e-9b48-22416bf7829c','2013-04-17 23:25:29',NULL,'8321',1,'    建筑物清洁服务','aa8769d0-59e8-49be-8dab-188d170d48ef'),('ae007354-8520-4bb9-85d5-8dee8e45c9a5','2013-04-17 23:25:29',NULL,'039',1,'  其他畜牧业','eb640627-1777-4a6e-916d-0f64f6f89c0a'),('ae34f816-8ffc-491d-b4df-21e99c7aa9db','2013-04-17 23:25:29',NULL,'654',1,'  文化、体育用品及器材专门零售','eb640627-1777-4a6e-916d-0f64f6f89c0a'),('ae45df3f-2db8-4d83-8f04-6d4d4ef83a68','2013-04-17 23:25:29',NULL,'0540',1,'  渔业服务业','aa8769d0-59e8-49be-8dab-188d170d48ef'),('ae486999-96d2-4720-8a98-a5407cbd0397','2013-04-17 23:25:29',NULL,'7690',1,'  其他专业技术服务','aa8769d0-59e8-49be-8dab-188d170d48ef'),('ae4fcd2e-4393-4238-9663-c68ab0016645','2013-04-17 23:25:29',NULL,' ',1,'    其他机械设备及电子产品批发','eb640627-1777-4a6e-916d-0f64f6f89c0a'),('ae5eea38-6333-410a-a958-56008d74cdbb','2013-04-17 23:25:29',NULL,'765',1,'  技术检测','eb640627-1777-4a6e-916d-0f64f6f89c0a'),('ae72776f-07de-4e58-bc70-ca2d68e7810c','2013-04-17 23:25:29',NULL,'7720',1,'  科技中介服务','aa8769d0-59e8-49be-8dab-188d170d48ef'),('ae876a9e-ed2b-4ffe-b4df-d7547f0dd0d3','2013-04-17 23:25:29',NULL,'6535',1,'    化妆品及卫生用品零售','aa8769d0-59e8-49be-8dab-188d170d48ef'),('aeac68e5-0966-4c0c-9a4e-5669db80483a','2013-04-17 23:25:29',NULL,'379',1,'  交通器材及其他交通运输设备制造','eb640627-1777-4a6e-916d-0f64f6f89c0a'),('aed8b174-d1c9-45b7-8565-b345b29a46ae','2013-04-17 23:25:29',NULL,'2431',1,'    中乐器制造','aa8769d0-59e8-49be-8dab-188d170d48ef'),('aedeb3ed-cc7f-42c0-8ff7-9decb358df3e','2013-04-17 23:25:29',NULL,'849',1,'  其他教育','eb640627-1777-4a6e-916d-0f64f6f89c0a'),('aeea3347-2f68-4614-924f-7f7b49b3a725','2013-04-17 23:25:29',NULL,'15',1,'饮料制造业','90acee91-24d5-45ba-8f6d-57b03abccbf5'),('af1b4c85-50b3-48f4-bfa6-6000424201c5','2013-04-17 23:25:29',NULL,'5020',1,'    提供施工设备服务','aa8769d0-59e8-49be-8dab-188d170d48ef'),('af40c496-2d20-4c4a-9885-b741509cd654','2013-04-17 23:25:29',NULL,'3940',1,'  电池制造','aa8769d0-59e8-49be-8dab-188d170d48ef'),('af44e258-f2fb-4d24-88d6-59f35041c640','2013-04-17 23:25:29',NULL,'109',1,'  石棉及其他非金属矿采选','eb640627-1777-4a6e-916d-0f64f6f89c0a'),('af5cd4ee-2b02-4ee7-9abc-d4625572ce21','2013-04-17 23:25:29',NULL,'901',1,'  文艺创作与表演','eb640627-1777-4a6e-916d-0f64f6f89c0a'),('af7405e5-3fb9-4541-bbb1-d8933358ae61','2013-04-17 23:25:29',NULL,'9080',1,'  文化艺术经纪代理','aa8769d0-59e8-49be-8dab-188d170d48ef'),('afbeb487-9260-4eb6-a66c-9367cb7c8993','2013-04-17 23:25:29',NULL,'2661',1,'    化学试剂和助剂制造','aa8769d0-59e8-49be-8dab-188d170d48ef'),('afc80984-20e1-490b-a6c6-14e6ce2b0707','2013-04-17 23:25:29',NULL,'9427',1,'    行政监督检查机构','aa8769d0-59e8-49be-8dab-188d170d48ef'),('b022ce32-3c84-424f-998a-0e2c278b701f','2013-04-17 23:25:29',NULL,'192',1,'  皮革制品制造','eb640627-1777-4a6e-916d-0f64f6f89c0a'),('b029b8d0-811b-40e3-a7c5-d09c039462dc','2013-04-17 23:25:29',NULL,'6512',1,'    超级市场零售','aa8769d0-59e8-49be-8dab-188d170d48ef'),('b040c0ed-a125-41e5-9295-0ed872b36f13','2013-04-17 23:25:29',NULL,'4115',1,'    试验机制造','aa8769d0-59e8-49be-8dab-188d170d48ef'),('b04e3657-3614-493b-8740-e00744db300d','2013-04-17 23:25:29',NULL,'02',1,'林业','90acee91-24d5-45ba-8f6d-57b03abccbf5'),('b08b2f1f-f339-439f-964e-b0ec0a3f784f','2013-04-17 23:25:29',NULL,'7922',1,'    调水、引水管理','aa8769d0-59e8-49be-8dab-188d170d48ef'),('b0b3b224-9e8b-4930-bdff-85426ae8289e','2013-04-17 23:25:29',NULL,'634',1,'  文化、体育用品及器材批发','eb640627-1777-4a6e-916d-0f64f6f89c0a'),('b0db7737-9ee0-45f4-95d0-dcaa9663ba60','2013-04-17 23:25:29',NULL,'2666',1,'    环境污染处理专用药剂材料制造','aa8769d0-59e8-49be-8dab-188d170d48ef'),('b1091132-c5bc-4f8f-a30d-0b5b12bd1087','2013-04-17 23:25:29',NULL,'3240',1,'  铁合金冶炼','aa8769d0-59e8-49be-8dab-188d170d48ef'),('b10b1e4d-01ca-44fa-832e-1b7f43fa6469','2013-04-17 23:25:29',NULL,'6352',1,'    中药材及中成药批发','aa8769d0-59e8-49be-8dab-188d170d48ef'),('b122e806-e4ba-4eaf-9538-707525d56909','2013-04-17 23:25:29',NULL,'3933',1,'    绝缘制品制造','aa8769d0-59e8-49be-8dab-188d170d48ef'),('b177be1c-06be-4dba-87fb-aab2d4a3420a','2013-04-17 23:25:29',NULL,'397',1,'  照明器具制造','eb640627-1777-4a6e-916d-0f64f6f89c0a'),('b193b9c2-dd3c-4209-965a-720f8b4259eb','2013-04-17 23:25:29',NULL,'921',1,'  室内娱乐活动','eb640627-1777-4a6e-916d-0f64f6f89c0a'),('b1a485b5-2c43-4b40-8e5a-41b945abe246','2013-04-17 23:25:29',NULL,'2319',1,'    包装装潢及其他印刷','aa8769d0-59e8-49be-8dab-188d170d48ef'),('b1f809c1-503c-4c06-91b7-bd5bc0b3f0f2','2013-04-17 23:25:29',NULL,'411',1,'  通用仪器仪表制造','eb640627-1777-4a6e-916d-0f64f6f89c0a'),('b21d0557-38a8-43d7-8b7c-5bb732e1cbee','2013-04-17 23:25:29',NULL,'193',1,'  毛皮鞣制及制品加工','eb640627-1777-4a6e-916d-0f64f6f89c0a'),('b22144c2-08c3-4902-97bf-5afb14b929c6','2013-04-17 23:25:29',NULL,'94',1,'国家机构','90acee91-24d5-45ba-8f6d-57b03abccbf5'),('b2514949-9073-46e7-9304-040456baba0c','2013-04-17 23:25:29',NULL,'343',1,'  集装箱及金属包装容器制造','eb640627-1777-4a6e-916d-0f64f6f89c0a'),('b2587f67-5ca4-4404-8b17-8ce78ad4e20d','2013-04-17 23:25:29',NULL,'619',1,'  其他计算机服务','eb640627-1777-4a6e-916d-0f64f6f89c0a'),('b278f24e-54f9-441c-8c15-d82a102a4e58','2013-04-17 23:25:29',NULL,'311',1,'  水泥、石灰和石膏的制造','eb640627-1777-4a6e-916d-0f64f6f89c0a'),('b2883936-fdb2-420f-9111-647f668e09c6','2013-04-17 23:25:29',NULL,'7110',1,'  金融信托与管理 ','aa8769d0-59e8-49be-8dab-188d170d48ef'),('b2d86611-6878-4de2-9b8a-cd53b166abcc','2013-04-17 23:25:29',NULL,'432',1,'  非金属废料和碎屑的加工处理','eb640627-1777-4a6e-916d-0f64f6f89c0a'),('b2ef1758-1ee9-41f2-a29c-03240f3d7aab','2013-04-17 23:25:29',NULL,'1610',1,'  烟叶复烤','aa8769d0-59e8-49be-8dab-188d170d48ef'),('b3395753-9a9f-4a05-8bf7-ca3baf95844f','2013-04-17 23:25:29',NULL,'3112',1,'    石灰和石膏制造','aa8769d0-59e8-49be-8dab-188d170d48ef'),('b3698934-0f25-4c15-9216-93b6c816431a','2013-04-17 23:25:29',NULL,'391',1,'  电机制造','eb640627-1777-4a6e-916d-0f64f6f89c0a'),('b390e1a7-ce09-4c70-ab24-08b0d25b525c','2013-04-17 23:25:29',NULL,'4012',1,'    通信交换设备制造','aa8769d0-59e8-49be-8dab-188d170d48ef'),('b397233c-be40-46dd-b8db-731da36d52cf','2013-04-17 23:25:29',NULL,'5990',1,'  其他寄递服务','aa8769d0-59e8-49be-8dab-188d170d48ef'),('b3da0ded-08fd-4cf4-80ae-41d27441ff69','2013-04-17 23:25:29',NULL,'243',1,'  乐器制造','eb640627-1777-4a6e-916d-0f64f6f89c0a'),('b40a4f64-ee43-40a8-9565-544f14054e1d','2013-04-17 23:25:29',NULL,'413',1,'  钟表与计时仪器制造','eb640627-1777-4a6e-916d-0f64f6f89c0a'),('b424c059-ef9c-4206-8bb1-b0d7ed38c5b5','2013-04-17 23:25:29',NULL,'3694',1,'    商业、饮食、服务业专用设备制造','aa8769d0-59e8-49be-8dab-188d170d48ef'),('b441507d-5cec-444e-8e2d-e663e8a30ac1','2013-04-17 23:25:29',NULL,'3645',1,'    照明器具生产专用设备制造','aa8769d0-59e8-49be-8dab-188d170d48ef'),('b491f330-3b64-4670-93f3-da8d4fe2f9fe','2013-04-17 23:25:29',NULL,'9050',1,'  博物馆','aa8769d0-59e8-49be-8dab-188d170d48ef'),('b4920944-d750-4799-b168-72b689739d47','2013-04-17 23:25:29',NULL,'2920',1,'  橡胶板、管、带的制造','aa8769d0-59e8-49be-8dab-188d170d48ef'),('b4b79685-69ee-4a33-97fb-553fe214763c','2013-04-17 23:25:29',NULL,'719',1,'  其他未列明的金融活动','eb640627-1777-4a6e-916d-0f64f6f89c0a'),('b4e92a44-1378-4c1e-aa5a-3c3d4740f3c8','2013-04-17 23:25:29',NULL,'0916',1,'    铝矿采选','aa8769d0-59e8-49be-8dab-188d170d48ef'),('b52d394b-2ba6-4f35-8a84-d9f6c87870dc','2013-04-17 23:25:29',NULL,'629',1,'  其他软件服务','eb640627-1777-4a6e-916d-0f64f6f89c0a'),('b57ad752-c86e-413c-a9c0-333691e030bb','2013-04-17 23:25:29',NULL,'3623',1,'    塑料加工专用设备制造','aa8769d0-59e8-49be-8dab-188d170d48ef'),('b5cbd3d3-77f5-4945-bcbb-07fd9aa6a01e','2013-04-17 23:25:29',NULL,'349',1,'  其他金属制品制造','eb640627-1777-4a6e-916d-0f64f6f89c0a'),('b5eeac60-da8e-4716-8ea2-4b9dd945b377','2013-04-17 23:25:29',NULL,'4222',1,'    鬃毛加工、制刷及清扫工具的制造','aa8769d0-59e8-49be-8dab-188d170d48ef'),('b5ffb0e7-7e6e-4edd-b260-6404cdd365fb','2013-04-17 23:25:29',NULL,'534',1,'  城市轮渡 ','eb640627-1777-4a6e-916d-0f64f6f89c0a'),('b60d3e04-067d-46ea-acc2-ef173bad3262','2013-04-17 23:25:29',NULL,'769',1,'  其他专业技术服务','eb640627-1777-4a6e-916d-0f64f6f89c0a'),('b61ff770-be7e-41b9-b80c-84e33ed0025e','2013-04-17 23:25:29',NULL,'533',1,'  出租车客运','eb640627-1777-4a6e-916d-0f64f6f89c0a'),('b64a141f-fffb-45c9-a750-4e45ea086895','2013-04-17 23:25:29',NULL,'3659',1,'    其他服装加工专用设备制造','aa8769d0-59e8-49be-8dab-188d170d48ef'),('b69b7af9-b36e-4a8d-a357-368312be9330','2013-04-17 23:25:29',NULL,'362',1,'  化工、木材、非金属加工专用设备制造','eb640627-1777-4a6e-916d-0f64f6f89c0a'),('b71e465e-cd02-448b-b2b9-eb6d61d6079b','2013-04-17 23:25:29',NULL,'3589',1,'    其他通用零部件制造','aa8769d0-59e8-49be-8dab-188d170d48ef'),('b799d0bc-1d38-49e6-8c2d-431a00c59bc8','2013-04-17 23:25:29',NULL,'1421',1,'    糖果、巧克力制造','aa8769d0-59e8-49be-8dab-188d170d48ef'),('b7bb7d7b-c545-416c-a49a-270606c916c7','2013-04-17 23:25:29',NULL,'191',1,'  皮革鞣制加工','eb640627-1777-4a6e-916d-0f64f6f89c0a'),('b7e66944-2ef5-4267-b8a1-80a7c7ff4215','2013-04-17 23:25:29',NULL,'6525',1,'    饮料及茶叶零售','aa8769d0-59e8-49be-8dab-188d170d48ef'),('b7ea58b1-3c24-41c1-a775-1ad03df3e54c','2013-04-17 23:25:29',NULL,'344',1,'  金属丝绳及其制品的制造','eb640627-1777-4a6e-916d-0f64f6f89c0a'),('b7f1c4c6-d6a8-46a9-94a9-bf24131e1ce9','2013-04-17 23:25:29',NULL,'2674',1,'    香料、香精制造','aa8769d0-59e8-49be-8dab-188d170d48ef'),('b7f280eb-61f6-4735-8b29-c05608dd7fff','2013-04-17 23:25:29',NULL,'276',1,'  生物、生化制品的制造','eb640627-1777-4a6e-916d-0f64f6f89c0a'),('b819b76e-ef46-4edb-8fc6-4f9898d926b6','2013-04-17 23:25:29',NULL,'8022',1,'    城市环境卫生管理','aa8769d0-59e8-49be-8dab-188d170d48ef'),('b82fd1cd-1dff-4f83-8abb-6916ba5b0ae3','2013-04-17 23:25:29',NULL,'6380',1,'  贸易经纪与代理','aa8769d0-59e8-49be-8dab-188d170d48ef'),('b87f5bce-efdc-40c7-894c-0160b2221cec','2013-04-17 23:25:29',NULL,'541',1,'  水上旅客运输','eb640627-1777-4a6e-916d-0f64f6f89c0a'),('b889aada-7f45-48c5-b2c2-e0015777d8a2','2013-04-17 23:25:29',NULL,'854',1,'  计划生育技术服务活动','eb640627-1777-4a6e-916d-0f64f6f89c0a'),('b8d7d28d-5c77-4e81-8ded-1c36a6d5c87a','2013-04-17 23:25:29',NULL,'1524',1,'    葡萄酒制造','aa8769d0-59e8-49be-8dab-188d170d48ef'),('b8dd0f29-5f73-4ef4-94e8-632adb604533','2013-04-17 23:25:29',NULL,'8520',1,'  卫生院及社区医疗活动','aa8769d0-59e8-49be-8dab-188d170d48ef'),('b8e6f42a-3df5-4efd-8ee1-eeebe1fe9593','2013-04-17 23:25:29',NULL,'2651',1,'    初级形态的塑料及合成树脂制造','aa8769d0-59e8-49be-8dab-188d170d48ef'),('b9419a7a-d063-4067-ad21-2571ef15a647','2013-04-17 23:25:29',NULL,'703',1,'  保险辅助服务','eb640627-1777-4a6e-916d-0f64f6f89c0a'),('b9a35af9-7eba-4182-8d9f-d03dbbed67d4','2013-04-17 23:25:29',NULL,'364',1,'  印刷、制药、日化生产专用设备制造','eb640627-1777-4a6e-916d-0f64f6f89c0a'),('b9dd9874-1056-46d2-8d48-e9be9b61efa5','2013-04-17 23:25:29',NULL,'6541',1,'    文具用品零售','aa8769d0-59e8-49be-8dab-188d170d48ef'),('b9eab344-07e9-43b1-a18f-8df02bfca49e','2013-04-17 23:25:29',NULL,'296',1,'  橡胶靴鞋制造','eb640627-1777-4a6e-916d-0f64f6f89c0a'),('ba10a9b8-0521-410b-adaf-4550cbca7022','2013-04-17 23:25:29',NULL,'2452',1,'    游艺用品及室内游艺器材制造','aa8769d0-59e8-49be-8dab-188d170d48ef'),('ba216d69-52de-4b3d-9eb4-2a6eb351581d','2013-04-17 23:25:29',NULL,'3159',1,'    园林、陈设艺术及其他陶瓷制品制造','aa8769d0-59e8-49be-8dab-188d170d48ef'),('ba53d2e3-42b6-44db-82fc-0a5ef67cb0c1','2013-04-17 23:25:29',NULL,'L',1,'租赁和商务服务业','0d8869f8-d746-40a5-8606-76899fbee826'),('ba8189b6-2228-4196-93fd-015f8b84b088','2013-04-17 13:42:55',NULL,'160',1,'股份有限公司','29f43137-3a78-4889-be22-49e1b75f22ca'),('bad42478-75a5-4c77-998f-1049640449bd','2013-04-17 23:25:29',NULL,' ',1,'    米、面制品及食用油批发','eb640627-1777-4a6e-916d-0f64f6f89c0a'),('baf4c327-1002-4f8d-b0d9-19297b2ef869','2013-04-17 23:25:29',NULL,'3754',1,'    船用配套设备制造','aa8769d0-59e8-49be-8dab-188d170d48ef'),('bb3f684f-a540-4758-a937-93c5f7a7ed74','2013-04-17 23:25:29',NULL,'9621',1,'    专业性团体','aa8769d0-59e8-49be-8dab-188d170d48ef'),('bb473e53-23b6-44b2-9467-34b4901e45cc','2013-04-17 23:25:29',NULL,'267',1,'  日用化学产品制造','eb640627-1777-4a6e-916d-0f64f6f89c0a'),('bbb01817-5a9c-4a38-8514-1dc35cb6f021','2013-04-17 23:25:29',NULL,'591',1,'  国家邮政','eb640627-1777-4a6e-916d-0f64f6f89c0a'),('bbc74090-3437-4352-bf6d-2418512ccdff','2013-04-17 23:25:29',NULL,'539',1,'  其他城市公共交通     ','eb640627-1777-4a6e-916d-0f64f6f89c0a'),('bc3febe9-3fb5-4e95-a3cb-8f79236229fc','2013-04-17 23:25:29',NULL,'022',1,'  木材和竹材的采运','eb640627-1777-4a6e-916d-0f64f6f89c0a'),('bc614f6b-5c92-4048-8f8f-bb7d44442ac2','2013-04-17 23:25:29',NULL,'2130',1,'  金属家具制造','aa8769d0-59e8-49be-8dab-188d170d48ef'),('bcbea85f-3258-4af4-9308-c0ec1a636c31','2013-04-17 23:25:29',NULL,'8230',1,'  洗染服务','aa8769d0-59e8-49be-8dab-188d170d48ef'),('bcd0caea-608f-473a-9177-cdfadd301433','2013-04-17 23:25:29',NULL,'6345',1,'    音像制品及电子出版物批发','aa8769d0-59e8-49be-8dab-188d170d48ef'),('bcd97c9d-4822-4ab1-90a3-79f4430f2c01','2013-04-17 23:25:29',NULL,'6594',1,'    花卉零售','aa8769d0-59e8-49be-8dab-188d170d48ef'),('bcedca7b-0947-45c5-8dee-8556cdf31563','2013-04-17 23:25:29',NULL,'635',1,'  医药及医疗器材批发','eb640627-1777-4a6e-916d-0f64f6f89c0a'),('bcf983bb-8a93-4025-aabe-810158f93dd1','2013-04-17 23:25:29',NULL,'1529',1,'    其他酒制造','aa8769d0-59e8-49be-8dab-188d170d48ef'),('bd21c3a1-285e-4749-b0dc-4b6f2af2a52d','2013-04-17 23:25:29',NULL,'572',1,'  运输代理服务','eb640627-1777-4a6e-916d-0f64f6f89c0a'),('bd5cc6ae-83ed-4b37-9a60-5a111770b849','2013-04-17 13:42:42',NULL,'159',1,'其他有限责任公司','29f43137-3a78-4889-be22-49e1b75f22ca'),('bd627b46-6649-4c1f-a441-2302c5e69cca','2013-04-17 23:25:29',NULL,'694',1,'  证券分析与咨询','eb640627-1777-4a6e-916d-0f64f6f89c0a'),('bd63b4bd-4de6-4aa1-abae-2bb6aa44e08e','2013-04-17 23:25:29',NULL,'N',1,'水利、环境和公共设施管理业','0d8869f8-d746-40a5-8606-76899fbee826'),('bd6f93d3-5691-4667-9e20-4eafd6037507','2013-04-17 23:25:29',NULL,'305',1,'  塑料人造革、合成革制造','eb640627-1777-4a6e-916d-0f64f6f89c0a'),('bd702c63-2185-4631-bed8-f4df921ccd1c','2013-04-17 23:25:29',NULL,'8910',1,'  广播','aa8769d0-59e8-49be-8dab-188d170d48ef'),('bdbd16eb-2d4a-4317-8f9e-aa075568adca','2013-04-17 23:25:29',NULL,'2730',1,'  中药饮片加工','aa8769d0-59e8-49be-8dab-188d170d48ef'),('bdc79a26-5570-4ab2-b13a-5b9aedffb95e','2013-04-17 23:25:29',NULL,'603',1,'  广播电视传输服务','eb640627-1777-4a6e-916d-0f64f6f89c0a'),('bdc7f594-7cdc-47be-8e92-16af73a47129','2013-04-17 23:25:29',NULL,'907',1,'  群众文化活动','eb640627-1777-4a6e-916d-0f64f6f89c0a'),('bddbf844-da8f-406a-af89-ed7ffbc400bd','2013-04-17 23:25:29',NULL,'732',1,'  文化及日用品出租','eb640627-1777-4a6e-916d-0f64f6f89c0a'),('bddc4160-1042-4c04-9b50-61c33e4aa35d','2013-04-17 23:25:29',NULL,'2612',1,'    无机碱制造','aa8769d0-59e8-49be-8dab-188d170d48ef'),('bddc5d42-c609-4e0f-ab23-efe0b55b2a12','2013-04-17 23:25:29',NULL,'2662',1,'    专项化学用品制造','aa8769d0-59e8-49be-8dab-188d170d48ef'),('be0132ed-8293-499d-b90b-2bfcc0b32832','2013-04-17 23:25:29',NULL,'3691',1,'    环境污染防治专用设备制造','aa8769d0-59e8-49be-8dab-188d170d48ef'),('be020d28-ba8f-4ec9-8ceb-322e500e4840','2013-04-17 23:25:29',NULL,'6361',1,'    煤炭及制品批发','aa8769d0-59e8-49be-8dab-188d170d48ef'),('be1383ff-45fe-4c74-949f-3daf50e16921','2013-04-17 23:25:29',NULL,'3050',1,'  塑料人造革、合成革制造','aa8769d0-59e8-49be-8dab-188d170d48ef'),('be39deae-9042-44ac-a9db-5515afcfda55','2013-04-17 13:43:11',NULL,'171',1,'私营独资企业','29f43137-3a78-4889-be22-49e1b75f22ca'),('be54d2fd-0088-4aa8-9281-e0750c69ce76','2013-04-17 23:25:29',NULL,'772',1,'  科技中介服务','eb640627-1777-4a6e-916d-0f64f6f89c0a'),('be7dd2da-350c-449f-a817-ec9a3e726194','2013-04-17 23:25:29',NULL,'251',1,'  精炼石油产品的制造','eb640627-1777-4a6e-916d-0f64f6f89c0a'),('bec3f6b1-0a3f-4d7f-8e23-393003bdeba0','2013-04-17 23:25:29',NULL,'3613',1,'    建筑工程用机械制造','aa8769d0-59e8-49be-8dab-188d170d48ef'),('bedd0dab-27d7-4fe8-9302-a238d2cab183','2013-04-17 23:25:29',NULL,'2621',1,'    氮肥制造','aa8769d0-59e8-49be-8dab-188d170d48ef'),('bee48f71-6866-4917-a962-1148246b56e9','2013-04-17 23:25:29',NULL,'132',1,'  饲料加工     ','eb640627-1777-4a6e-916d-0f64f6f89c0a'),('bf5172dd-aca1-4a30-9d02-ddd4d2b192a5','2013-04-17 23:25:29',NULL,'8600',1,'  社会保障业','aa8769d0-59e8-49be-8dab-188d170d48ef'),('bf94b6c4-882a-412e-b61d-592cd446b565','2013-04-17 23:25:29',NULL,'9090',1,'  其他文化艺术','aa8769d0-59e8-49be-8dab-188d170d48ef'),('bfad37dc-f0ec-489f-b1bb-e84f92cbaf6d','2013-04-17 23:25:29',NULL,'480',1,'  建筑安装业','eb640627-1777-4a6e-916d-0f64f6f89c0a'),('bff6014e-cf36-4364-a41b-8acb57bde356','2013-04-17 23:25:29',NULL,'7439',1,'    其他专业咨询','aa8769d0-59e8-49be-8dab-188d170d48ef'),('bffd1c1d-fd49-4b9a-adc6-138fefe311ae','2013-04-17 23:25:29',NULL,'781',1,'  矿产地质勘查','eb640627-1777-4a6e-916d-0f64f6f89c0a'),('c03d35f3-b42a-4319-8411-c4b8b1b63e97','2013-04-17 23:25:29',NULL,'9720',1,'  村民自治组织','aa8769d0-59e8-49be-8dab-188d170d48ef'),('c04d04ec-beed-41c6-ba13-4dcc21053f43','2013-04-17 23:25:29',NULL,'369',1,'  环保、社会公共安全及其他专用设备制造','eb640627-1777-4a6e-916d-0f64f6f89c0a'),('c0636539-f6d5-4e83-95ea-adf1c743a9fe','2013-04-17 23:25:29',NULL,'8210',1,'  家庭服务','aa8769d0-59e8-49be-8dab-188d170d48ef'),('c079f0ee-353f-4587-9f3b-f7e91dc91631','2013-04-17 13:44:26',NULL,'230',1,'港、澳、台商独资经营企业','29f43137-3a78-4889-be22-49e1b75f22ca'),('c0bea4a0-cc8d-42ba-a9bb-5d873c0cf00b','2013-04-17 23:25:29',NULL,'17',1,'纺织业','90acee91-24d5-45ba-8f6d-57b03abccbf5'),('c0e88c5a-0e65-478c-973b-734bfa06b926','2013-04-17 23:25:29',NULL,'1533',1,'    果菜汁及果菜汁饮料制造','aa8769d0-59e8-49be-8dab-188d170d48ef'),('c121935f-e78b-477d-ae39-79826a5b5c76','2013-04-17 23:25:29',NULL,'0790',1,'  与石油和天然气开采有关的服务活动','aa8769d0-59e8-49be-8dab-188d170d48ef'),('c13d7770-2b25-4e2b-a1b1-37e5037bd399','2013-04-17 23:25:29',NULL,'1540',1,'  精制茶加工','aa8769d0-59e8-49be-8dab-188d170d48ef'),('c13dc398-54f4-464a-8667-809762eefe6f','2013-04-17 23:25:29',NULL,'8132',1,'    公园管理','aa8769d0-59e8-49be-8dab-188d170d48ef'),('c158b8fc-d268-4605-88b2-2b5e670cfbca','2013-04-17 23:25:29',NULL,'2672',1,'    化妆品制造','aa8769d0-59e8-49be-8dab-188d170d48ef'),('c192787c-f755-4172-a79f-889a78d2b010','2013-04-17 23:25:29',NULL,'7313',1,'    建筑工程机械与设备租赁','aa8769d0-59e8-49be-8dab-188d170d48ef'),('c1be553f-f4d0-40f7-b78c-492a4b3985e2','2013-04-17 23:25:29',NULL,'1399',1,'    其他未列明的农副食品加工  ','aa8769d0-59e8-49be-8dab-188d170d48ef'),('c1c6960f-0bcd-4ed7-a076-1f78c4bd454c','2013-04-17 23:25:29',NULL,'131',1,'  谷物磨制','eb640627-1777-4a6e-916d-0f64f6f89c0a'),('c1c826b6-0bc6-4b56-82e3-622061d8a733','2013-04-17 23:25:29',NULL,'4053',1,'    集成电路制造','aa8769d0-59e8-49be-8dab-188d170d48ef'),('c1e876cd-bd58-429e-a84e-1347ede28829','2013-04-17 23:25:29',NULL,'63',1,'批发业','90acee91-24d5-45ba-8f6d-57b03abccbf5'),('c210415f-4307-40ce-9e7e-8ddb3f8efffe','2013-04-17 23:25:29',NULL,'1752',1,'    毛制品制造','aa8769d0-59e8-49be-8dab-188d170d48ef'),('c28d3b00-f821-44f5-af10-ebb2a63392b1','2013-04-17 23:25:29',NULL,'18',1,'纺织服装、鞋、帽制造业','90acee91-24d5-45ba-8f6d-57b03abccbf5'),('c298f9c4-a8ff-4edb-a395-8a0fd2e18605','2013-04-17 23:25:29',NULL,'743',1,'  咨询与调查','eb640627-1777-4a6e-916d-0f64f6f89c0a'),('c2a8f82e-307e-4304-9d55-0d06cc64954b','2013-04-17 23:25:29',NULL,'6399',1,'    其他未列明的批发','aa8769d0-59e8-49be-8dab-188d170d48ef'),('c317ca09-1249-46f2-a6fc-ec4d29ca60ea','2013-04-17 23:25:29',NULL,'3329',1,'    其他贵金属冶炼','aa8769d0-59e8-49be-8dab-188d170d48ef'),('c3213271-b0d7-4074-a7b4-b577e07a0b63','2013-04-17 23:25:29',NULL,'161',1,'  烟叶复烤','eb640627-1777-4a6e-916d-0f64f6f89c0a'),('c37996d7-094b-4f0a-902e-ff6ae7d1f071','2013-04-17 23:25:29',NULL,'0310',1,'  牲畜的饲养','aa8769d0-59e8-49be-8dab-188d170d48ef'),('c381e52b-9c8d-42c2-993d-4c7e6daf937d','2013-04-17 23:25:29',NULL,' ',1,'    服装批发','90acee91-24d5-45ba-8f6d-57b03abccbf5'),('c3b14f53-a751-4604-97b2-a676e90bddd2','2013-04-17 23:25:29',NULL,'4090',1,'  其他电子设备制造','aa8769d0-59e8-49be-8dab-188d170d48ef'),('c3d4a1ae-f0bb-45a2-9cc0-036684e7bf0b','2013-04-17 23:25:29',NULL,'443',1,'  热力生产和供应','eb640627-1777-4a6e-916d-0f64f6f89c0a'),('c3f5ddda-75ab-40d9-b204-b52f9b78b15d','2013-04-17 23:25:29',NULL,'9040',1,'  文物及文化保护','aa8769d0-59e8-49be-8dab-188d170d48ef'),('c41cad95-1760-452e-b4da-ddc97a491247','2013-04-17 23:25:29',NULL,'8720',1,'  不提供住宿的社会福利','aa8769d0-59e8-49be-8dab-188d170d48ef'),('c456124d-bac1-4f90-9008-a962b180bfea','2013-04-17 23:25:29',NULL,' ',1,'    其他化工产品批发  ','90acee91-24d5-45ba-8f6d-57b03abccbf5'),('c46ab8f7-6e10-4a70-bbb6-eecdca9107e3','2013-04-17 23:25:29',NULL,'441',1,'  电力生产','eb640627-1777-4a6e-916d-0f64f6f89c0a'),('c47a2242-0cf7-42fa-b69a-1bf7cd01a033','2013-04-17 23:25:29',NULL,'905',1,'  博物馆','eb640627-1777-4a6e-916d-0f64f6f89c0a'),('c48dac28-9127-407d-80a6-2ae079a272db','2013-04-17 23:25:29',NULL,'8442',1,'    成人高等教育','aa8769d0-59e8-49be-8dab-188d170d48ef'),('c49e0add-2b93-4f8b-bac1-81ee7f5f50b6','2013-04-17 23:25:29',NULL,'7820',1,'  基础地质勘查','aa8769d0-59e8-49be-8dab-188d170d48ef'),('c4a11048-f6cc-41b9-8fab-cd2c102d964b','2013-04-17 23:25:29',NULL,'4031',1,'    广播电视节目制作及发射设备制造','aa8769d0-59e8-49be-8dab-188d170d48ef'),('c4ac5b05-c327-4dd2-8fb7-197bbc0ee258','2013-04-17 23:25:29',NULL,'8024',1,'    危险废物治理','aa8769d0-59e8-49be-8dab-188d170d48ef'),('c4bbfacf-04b8-414a-bf08-01b43e38ba84','2013-04-17 23:25:29',NULL,'0133',1,'    香料作物的种植','aa8769d0-59e8-49be-8dab-188d170d48ef'),('c4c4a40c-4b11-4e2b-9bee-811bb7d1ffe3','2013-04-17 23:25:29',NULL,'638',1,'  贸易经纪与代理','eb640627-1777-4a6e-916d-0f64f6f89c0a'),('c4d4cca3-2497-40fb-8c46-55f48940f1d3','2013-04-17 23:25:29',NULL,'396',1,'  非电力家用器具制造','eb640627-1777-4a6e-916d-0f64f6f89c0a'),('c5072a06-3c1e-45b2-a88c-6a07ad1ad745','2013-04-17 23:25:29',NULL,'231',1,'  印刷','eb640627-1777-4a6e-916d-0f64f6f89c0a'),('c5abe62e-8e7e-4b3c-aafd-804e81147c1e','2013-04-17 23:25:29',NULL,'2669',1,'    其他专用化学产品制造','aa8769d0-59e8-49be-8dab-188d170d48ef'),('c5c4e09c-b5da-46ed-b712-fa753327665f','2013-04-17 23:25:29',NULL,'3614',1,'    建筑材料生产专用机械制造','aa8769d0-59e8-49be-8dab-188d170d48ef'),('c5dee582-db3c-4ff0-90cf-740cc4e1797f','2013-04-17 23:25:29',NULL,'6532',1,'    服装零售','aa8769d0-59e8-49be-8dab-188d170d48ef'),('c5f0237c-b968-461e-9a2d-43f5db235a9c','2013-04-17 23:25:29',NULL,'0421',1,'    内陆养殖','aa8769d0-59e8-49be-8dab-188d170d48ef'),('c60ec604-fe5c-4285-8f7d-b7f6f43abeb0','2013-04-17 23:25:29',NULL,'T',1,'国际组织','0d8869f8-d746-40a5-8606-76899fbee826'),('c6598161-ebc9-4bc0-9712-0d06b860b0a2','2013-04-17 23:25:29',NULL,'20',1,'木材加工及木、竹、藤、棕、草制品业','90acee91-24d5-45ba-8f6d-57b03abccbf5'),('c69af654-f3fe-48ce-903e-2840804df1c5','2013-04-17 23:25:29',NULL,'2120',1,'  竹、藤家具制造','aa8769d0-59e8-49be-8dab-188d170d48ef'),('c6ef6bbc-16b6-449b-b7cb-deb4707f7201','2013-04-17 23:25:29',NULL,'303',1,'  塑料丝、绳及编织品的制造','eb640627-1777-4a6e-916d-0f64f6f89c0a'),('c72a145c-c5f6-40e9-986b-831a87b937d5','2013-04-17 23:25:29',NULL,'6319',1,'    其他农畜产品批发','aa8769d0-59e8-49be-8dab-188d170d48ef'),('c74bdf8e-f6e6-4451-94c3-b9c0ad2054bf','2013-04-17 23:25:29',NULL,'2614',1,'    有机化学原料制造','aa8769d0-59e8-49be-8dab-188d170d48ef'),('c74e6f4f-ef45-451b-ac70-f336dd55e4cb','2013-04-17 23:25:29',NULL,'8319',1,'    其他日用品修理','aa8769d0-59e8-49be-8dab-188d170d48ef'),('c76bc4b0-dec3-4e4f-9414-14358388249f','2013-04-17 23:25:29',NULL,'3524',1,'    金属切割及焊接设备制造','aa8769d0-59e8-49be-8dab-188d170d48ef'),('c7a29552-7844-4c9f-b336-4f997a42fd9d','2013-04-17 13:44:18',NULL,'220',1,'合作经营企业（港或澳、台资）','29f43137-3a78-4889-be22-49e1b75f22ca'),('c7bbf91e-b4ae-45d2-93a9-76781358c017','2013-04-17 23:25:29',NULL,'0917',1,'    镁矿采选','aa8769d0-59e8-49be-8dab-188d170d48ef'),('c7ca511d-347f-447e-b485-72fd27ba41ee','2013-04-17 23:25:29',NULL,'4123',1,'    导航、气象及海洋专用仪器制造','aa8769d0-59e8-49be-8dab-188d170d48ef'),('c829342a-2ca2-46d6-8234-6d17d7a00a0c','2013-04-17 23:25:29',NULL,'3755',1,'    船舶修理及拆船','aa8769d0-59e8-49be-8dab-188d170d48ef'),('c82f1c14-101b-47e4-8cd4-f0dcad14ecf2','2013-04-17 23:25:29',NULL,'1730',1,'  麻纺织','aa8769d0-59e8-49be-8dab-188d170d48ef'),('c8b1c12b-eac2-4494-8652-33da162401dd','2013-04-17 23:25:29',NULL,'3731',1,'    摩托车整车制造','aa8769d0-59e8-49be-8dab-188d170d48ef'),('c8cec754-11ba-44a0-abed-5fc2b361e6c7','2013-04-17 23:25:29',NULL,'8550',1,'  妇幼保健活动','aa8769d0-59e8-49be-8dab-188d170d48ef'),('c97e088f-1260-4045-9411-d05a4ffe1b09','2013-04-17 23:25:29',NULL,'6563',1,'    摩托车及零配件零售','aa8769d0-59e8-49be-8dab-188d170d48ef'),('c987ab18-efbc-44ad-9d42-89c745a141c5','2013-04-17 23:25:29',NULL,'374',1,'  自行车制造','eb640627-1777-4a6e-916d-0f64f6f89c0a'),('c9e89aa1-7dd0-4902-aef4-099a9b2c4af7','2013-04-17 23:25:29',NULL,'8824',1,'    音像制品出版','aa8769d0-59e8-49be-8dab-188d170d48ef'),('ca210144-a2af-4c4e-87c4-c9ec7b837c9c','2013-04-17 23:25:29',NULL,'1369',1,'    其他水产品加工','aa8769d0-59e8-49be-8dab-188d170d48ef'),('ca2fc04e-43d3-4c71-ad96-2667c910e4fd','2013-04-17 23:25:29',NULL,'1762',1,'    毛针织品及编织品制造','aa8769d0-59e8-49be-8dab-188d170d48ef'),('ca5245e8-857b-45e2-90e2-e5f2cb443488','2013-04-17 23:25:29',NULL,' ',1,'    文具用品批发','eb640627-1777-4a6e-916d-0f64f6f89c0a'),('ca8ef287-ba56-4e64-8569-244819cc1cb2','2013-04-17 23:25:29',NULL,'272',1,'  化学药品制剂制造','eb640627-1777-4a6e-916d-0f64f6f89c0a'),('ca8f4233-37d2-477f-b810-9f7a1767c7ba','2013-04-12 12:30:58',NULL,'0',1,'公司企业','96a8bbf9-7fef-4437-a7e1-ae65422de37a'),('caa336a3-731b-4426-8146-ff97f55f100a','2013-04-17 23:25:29',NULL,'7929',1,'    其他水资源管理','aa8769d0-59e8-49be-8dab-188d170d48ef'),('cb14fcc6-2870-4159-8189-10516d6a04bd','2013-04-17 23:25:29',NULL,'354',1,'  泵、阀门、压缩机及类似机械的制造','eb640627-1777-4a6e-916d-0f64f6f89c0a'),('cb5d873e-8b1a-4c73-9943-d52f4bf322e7','2013-04-17 23:25:29',NULL,'406',1,'  电子元件制造','eb640627-1777-4a6e-916d-0f64f6f89c0a'),('cb81a0fe-a6e7-48cc-86c2-0967da4b80eb','2013-04-17 23:25:29',NULL,'2330',1,'  记录媒介的复制','aa8769d0-59e8-49be-8dab-188d170d48ef'),('cba7ce16-69f0-440a-baae-622d91c4f20f','2013-04-17 23:25:29',NULL,'7672',1,'    工程勘察设计','aa8769d0-59e8-49be-8dab-188d170d48ef'),('cbb2040d-c5bf-4dc3-9b72-192af1fbf054','2013-04-17 23:25:29',NULL,'6572',1,'    计算机、软件及辅助设备零售','aa8769d0-59e8-49be-8dab-188d170d48ef'),('cbc9d0f0-0561-475b-a772-fdf43c74d6b3','2013-04-17 23:25:29',NULL,'3611',1,'    采矿、采石设备制造','aa8769d0-59e8-49be-8dab-188d170d48ef'),('cc03d48d-b03f-405c-b084-2352346d2fe5','2013-04-17 23:25:29',NULL,'673',1,'  饮料及冷饮服务','eb640627-1777-4a6e-916d-0f64f6f89c0a'),('cc1bfcdb-c300-4a16-ab72-152d8c8cd0f6','2013-04-17 23:25:29',NULL,'6363',1,'    非金属矿及制品批发','aa8769d0-59e8-49be-8dab-188d170d48ef'),('cc372f3e-3999-4558-b48b-30b389a8830e','2013-04-17 23:25:29',NULL,'1310',1,'  谷物磨制','aa8769d0-59e8-49be-8dab-188d170d48ef'),('cc41df8b-3b42-472c-a289-694fe1dcecc8','2013-04-17 23:25:29',NULL,'36',1,'专用设备制造业','90acee91-24d5-45ba-8f6d-57b03abccbf5'),('cc437633-13de-4996-9b38-bae67abc58cd','2013-04-17 23:25:29',NULL,'672',1,'  快餐服务','eb640627-1777-4a6e-916d-0f64f6f89c0a'),('cc97c897-a02b-48cd-bf82-c8d38ea75083','2013-04-17 23:25:29',NULL,'3471',1,'    工业生产配套用搪瓷制品制造','aa8769d0-59e8-49be-8dab-188d170d48ef'),('ccd7c491-818a-4031-8a29-f938f98d9abc','2013-04-17 23:25:29',NULL,'2423',1,'    训练健身器材制造','aa8769d0-59e8-49be-8dab-188d170d48ef'),('cd42b625-bddb-4098-ad57-c3b42eaa00b7','2013-04-17 23:25:29',NULL,'7520',1,'  工程和技术研究与试验发展','aa8769d0-59e8-49be-8dab-188d170d48ef'),('cd8dfff1-c1c1-4744-a6cf-6788d66bf6ee','2013-04-12 12:32:48',NULL,'1',1,'普通','4d4d69c7-238d-48dc-a3c2-95151abfe361'),('ce00bd51-42ad-4f89-96c5-6d068201a8c5','2013-04-17 23:25:29',NULL,'0411',1,'    海水养殖','aa8769d0-59e8-49be-8dab-188d170d48ef'),('ce7caa11-7954-4c5b-8198-7d687f5bc1d6','2013-04-17 23:25:29',NULL,'2530',1,'  核燃料加工','aa8769d0-59e8-49be-8dab-188d170d48ef'),('ce943539-fa06-43af-b278-c12dc87dd07a','2013-04-17 23:25:29',NULL,'6313',1,'    棉、麻批发','aa8769d0-59e8-49be-8dab-188d170d48ef'),('cea3cf17-1f0f-4946-bf83-e8c915e6e58f','2013-04-17 23:25:29',NULL,'357',1,'  风机、衡器、包装设备等通用设备制造','eb640627-1777-4a6e-916d-0f64f6f89c0a'),('ceb6ac89-eba2-41e4-a296-36e7706b67ad','2013-04-17 23:25:29',NULL,'2659',1,'    其他合成材料制造','aa8769d0-59e8-49be-8dab-188d170d48ef'),('cef5e3e0-28ce-467e-8e29-36e7139ad9c1','2013-04-17 23:25:29',NULL,'2720',1,'  化学药品制剂制造','aa8769d0-59e8-49be-8dab-188d170d48ef'),('cf13aa81-4332-4562-9800-acdca42e42a1','2013-04-17 23:25:29',NULL,'2421',1,'    球类制造','aa8769d0-59e8-49be-8dab-188d170d48ef'),('cf45e212-c268-4e77-b0b8-0216107dfbc2','2013-04-17 23:25:29',NULL,'522',1,'  道路货物运输','eb640627-1777-4a6e-916d-0f64f6f89c0a'),('cf582359-f5c6-4cd5-8e60-8a5e37300ec5','2013-04-17 23:25:29',NULL,'826',1,'  婚姻服务','eb640627-1777-4a6e-916d-0f64f6f89c0a'),('cf98139b-55e2-4f4f-869e-7d6951bbb445','2013-04-17 23:25:29',NULL,'7480',1,'  旅行社','aa8769d0-59e8-49be-8dab-188d170d48ef'),('cfaf2736-a6a6-42f3-9eca-fb819a51cb3a','2013-04-17 23:25:29',NULL,'6610',1,'  旅游饭店','aa8769d0-59e8-49be-8dab-188d170d48ef'),('cfdf361b-9af0-4e7c-8956-ce32af37618a','2013-04-17 23:25:29',NULL,'2750',1,'  兽用药品制造','aa8769d0-59e8-49be-8dab-188d170d48ef'),('cfff9cec-9004-4104-83fc-442d94ad6821','2013-04-17 23:25:29',NULL,'3714',1,'    铁路专用设备及器材、配件制造','aa8769d0-59e8-49be-8dab-188d170d48ef'),('d065e789-edec-4975-b633-21df207f69cf','2013-04-17 23:25:29',NULL,'4155',1,'    计算器及货币专用设备制造','aa8769d0-59e8-49be-8dab-188d170d48ef'),('d06808b9-ae76-49db-8a6a-3f5f2ae8bc20','2013-04-17 23:25:29',NULL,'4112',1,'    电工仪器仪表制造','aa8769d0-59e8-49be-8dab-188d170d48ef'),('d0e99a79-8d49-4061-8293-ecf310e19066','2013-04-17 23:25:29',NULL,'653',1,'  纺织、服装及日用品专门零售','eb640627-1777-4a6e-916d-0f64f6f89c0a'),('d0f1943b-0c13-4168-9f2d-9b0e1c04aa59','2013-04-17 23:25:29',NULL,' ',1,'国际组织','eb640627-1777-4a6e-916d-0f64f6f89c0a'),('d1208dee-23d2-4a32-9bec-0dd4d6260a48','2013-04-17 23:25:29',NULL,'71',1,'其他金融活动','90acee91-24d5-45ba-8f6d-57b03abccbf5'),('d14d9c2b-5086-4329-b6de-fdc12bf48ea8','2013-04-17 23:25:29',NULL,'3525',1,'    机床附件制造','aa8769d0-59e8-49be-8dab-188d170d48ef'),('d15873c2-19da-4be1-a1dd-4b7732e93ebd','2013-04-17 23:25:29',NULL,'7422',1,'    公证服务','aa8769d0-59e8-49be-8dab-188d170d48ef'),('d19b671a-48f0-4051-8eb3-9e24607dc91e','2013-04-17 23:25:29',NULL,'2760',1,'  生物、生化制品的制造','aa8769d0-59e8-49be-8dab-188d170d48ef'),('d1cd79ad-9b18-48b3-96d6-9a4514ee8d6d','2013-04-17 23:25:29',NULL,'461',1,'  自来水的生产和供应','eb640627-1777-4a6e-916d-0f64f6f89c0a'),('d1d6bd9d-045a-4711-91d8-08c1350bf5a4','2013-04-17 23:25:29',NULL,'891',1,'  广播','eb640627-1777-4a6e-916d-0f64f6f89c0a'),('d22aae7b-0c01-41a5-96fe-455ffa122b07','2013-04-17 23:25:29',NULL,'1419',1,'    饼干及其他焙烤食品制造','aa8769d0-59e8-49be-8dab-188d170d48ef'),('d22d5cba-48ff-44d8-b90b-c0051be8a76b','2013-04-17 23:25:29',NULL,'6534',1,'    钟表、眼镜零售','aa8769d0-59e8-49be-8dab-188d170d48ef'),('d22d8528-583a-4e94-9b68-5f1dd26ab6ec','2013-04-17 23:25:29',NULL,'0539',1,'    其他畜牧服务','aa8769d0-59e8-49be-8dab-188d170d48ef'),('d23e049a-7f59-4e13-8103-1db136660163','2013-04-17 23:25:29',NULL,'41',1,'仪器仪表及文化、办公用机械制造业','90acee91-24d5-45ba-8f6d-57b03abccbf5'),('d26a9a30-c673-4688-ad59-054583cf6429','2013-04-17 23:25:29',NULL,'3672',1,'    机械化农业及园艺机具制造','aa8769d0-59e8-49be-8dab-188d170d48ef'),('d26b1024-b952-489d-ae71-cd0d372e8fb4','2013-04-17 23:25:29',NULL,'7230',1,'  房地产中介服务','aa8769d0-59e8-49be-8dab-188d170d48ef'),('d2873839-f088-4480-a6aa-91f99d8f4505','2013-04-17 23:25:29',NULL,'0939',1,'    其他稀有金属矿采选','aa8769d0-59e8-49be-8dab-188d170d48ef'),('d294cfbb-be9b-43d9-a6e9-166964e0fe47','2013-04-17 23:25:29',NULL,'6343',1,'    图书批发','aa8769d0-59e8-49be-8dab-188d170d48ef'),('d29a574a-510f-4f73-a32f-ba181762c554','2013-04-17 23:25:29',NULL,'319',1,'  石墨及其他非金属矿物制品制造','eb640627-1777-4a6e-916d-0f64f6f89c0a'),('d2b5d84f-4907-4098-8fe8-8ba110ccbe35','2013-04-17 23:25:29',NULL,'371',1,'  铁路运输设备制造','eb640627-1777-4a6e-916d-0f64f6f89c0a'),('d2bab064-e135-4772-9592-743c63cd9cbc','2013-04-17 23:25:29',NULL,'831',1,'  修理与维护','eb640627-1777-4a6e-916d-0f64f6f89c0a'),('d2f0f2f5-55ca-45a1-8901-72ae904555c4','2013-04-17 23:25:29',NULL,'0121',1,'    蔬菜的种植','aa8769d0-59e8-49be-8dab-188d170d48ef'),('d30a32c0-76bf-4df1-9667-2840efca4a94','2013-04-17 23:25:29',NULL,'471',1,'  房屋工程建筑','eb640627-1777-4a6e-916d-0f64f6f89c0a'),('d34965ae-f8d3-488b-8896-4fcaf46c272c','2013-04-17 23:25:29',NULL,'7429',1,'    其他法律服务','aa8769d0-59e8-49be-8dab-188d170d48ef'),('d393e237-1966-49c9-adaa-0f45bd8fa652','2013-04-17 23:25:29',NULL,'7290',1,'  其他房地产活动','aa8769d0-59e8-49be-8dab-188d170d48ef'),('d3ea4fae-069f-4467-acd8-4de1571c8eb1','2013-04-17 23:25:29',NULL,'302',1,'  塑料板、管、型材的制造','eb640627-1777-4a6e-916d-0f64f6f89c0a'),('d4068406-f449-4b0b-9c5d-159987a1667c','2013-04-17 23:25:29',NULL,'8829',1,'    其他出版','aa8769d0-59e8-49be-8dab-188d170d48ef'),('d499f513-591a-45d5-9f5f-54e72f7ecfbc','2013-04-17 23:25:29',NULL,'0932',1,'    稀土金属矿采选','aa8769d0-59e8-49be-8dab-188d170d48ef'),('d4ba84ff-e977-4d23-a6d6-8c0600b601f2','2013-04-17 23:25:29',NULL,'61',1,'计算机服务业','90acee91-24d5-45ba-8f6d-57b03abccbf5'),('d4d9ba14-916b-43b4-b686-5b2212b79dee','2013-04-17 23:25:29',NULL,'8260',1,'  婚姻服务','aa8769d0-59e8-49be-8dab-188d170d48ef'),('d4f8ffee-d84e-49b8-a3a7-1d0b99076207','2013-04-17 23:25:29',NULL,'7150',1,'  典当','aa8769d0-59e8-49be-8dab-188d170d48ef'),('d5027a39-3fef-4094-b75a-ecbf3e5ed524','2013-04-17 23:25:29',NULL,'70',1,'保险业','90acee91-24d5-45ba-8f6d-57b03abccbf5'),('d5199911-ae4f-49a6-bcad-3a5dea1d125f','2013-04-17 23:25:29',NULL,'2512',1,'    人造原油生产','aa8769d0-59e8-49be-8dab-188d170d48ef'),('d55ea568-2ca1-40d8-a52a-7128770fce28','2013-04-17 23:25:29',NULL,'3210',1,'  炼铁','aa8769d0-59e8-49be-8dab-188d170d48ef'),('d579cf50-571c-4965-9c94-899d39dd2c68','2013-04-17 23:25:29',NULL,' ',1,'住宿和餐饮业','aa8769d0-59e8-49be-8dab-188d170d48ef'),('d58acb34-84a1-40ac-9bcd-3314dd811d85','2013-04-17 23:25:29',NULL,'3481',1,'    金属制厨房调理及卫生器具制造','aa8769d0-59e8-49be-8dab-188d170d48ef'),('d58f89e0-21a9-498c-81fb-3d9d1af3312b','2013-04-17 23:25:29',NULL,'692',1,'  证券经纪与交易','eb640627-1777-4a6e-916d-0f64f6f89c0a'),('d59f4e39-a080-474e-946c-379e4f623130','2013-04-17 23:25:29',NULL,'1521',1,'    白酒制造','aa8769d0-59e8-49be-8dab-188d170d48ef'),('d5b8fcee-7bc7-4982-a289-445e73cd5f76','2013-04-17 23:25:29',NULL,'8435',1,'    技工学校教育','aa8769d0-59e8-49be-8dab-188d170d48ef'),('d5f4282b-1b51-44d9-8f1f-3c4d97406fb6','2013-04-17 23:25:29',NULL,'4729',1,'    其他土木工程建筑','aa8769d0-59e8-49be-8dab-188d170d48ef'),('d6044e20-675a-43cc-8330-7a2e9dc41e4c','2013-04-17 23:25:29',NULL,'611',1,'  计算机系统服务','eb640627-1777-4a6e-916d-0f64f6f89c0a'),('d62941b3-8361-4d96-94f7-cb8d6d9918bb','2013-04-17 23:25:29',NULL,' ',1,'    肉、禽、蛋及水产品批发','90acee91-24d5-45ba-8f6d-57b03abccbf5'),('d63cc7ff-a21c-48c0-8053-187a2ca1482d','2013-04-17 23:25:29',NULL,'4216',1,'    抽纱刺绣工艺品制造','aa8769d0-59e8-49be-8dab-188d170d48ef'),('d67baf12-220c-452f-9cf2-c07c74b67967','2013-04-17 23:25:29',NULL,' ',1,'住宿和餐饮业','eb640627-1777-4a6e-916d-0f64f6f89c0a'),('d6e2a2c8-0a8d-4e1c-a330-ad1aa9d7bbd5','2013-04-17 23:25:29',NULL,'223',1,'  纸制品制造','eb640627-1777-4a6e-916d-0f64f6f89c0a'),('d70de456-8398-41a2-a841-bc1b33591bbe','2013-04-17 23:25:29',NULL,'543',1,'  水上运输辅助活动','eb640627-1777-4a6e-916d-0f64f6f89c0a'),('d71fa256-8f3c-45f3-b278-86782e053775','2013-04-17 23:25:29',NULL,'348',1,'  不锈钢及类似日用金属制品制造','eb640627-1777-4a6e-916d-0f64f6f89c0a'),('d757b3d8-1079-47fa-af0d-8b9d6f0c1cf4','2013-04-17 23:25:29',NULL,'1741',1,'    缫丝加工','aa8769d0-59e8-49be-8dab-188d170d48ef'),('d765a78e-dff3-468d-a4b7-8ac6fa7c10ee','2013-04-17 13:43:33',NULL,'173',1,'私营有限责任公司','29f43137-3a78-4889-be22-49e1b75f22ca'),('d76bfa32-4cfc-468c-b949-3381a45c4432','2013-04-17 23:25:29',NULL,'501',1,'  工程准备','eb640627-1777-4a6e-916d-0f64f6f89c0a'),('d7abcf79-9412-4c20-b77b-62a72e847ade','2013-04-17 23:25:29',NULL,'856',1,'  专科疾病防治活动','eb640627-1777-4a6e-916d-0f64f6f89c0a'),('d7e4862d-0768-47b6-8571-2005144a0b7a','2013-04-17 23:25:29',NULL,'273',1,'  中药饮片加工','eb640627-1777-4a6e-916d-0f64f6f89c0a'),('d7f8a2ac-7371-417a-93f3-b8be042428bc','2013-04-17 23:25:29',NULL,'         ',1,'  公共电汽车客运','0d8869f8-d746-40a5-8606-76899fbee826'),('d80977f0-4906-409f-bbcf-cee5a262bd14','2013-04-17 23:25:29',NULL,'253',1,'  核燃料加工','eb640627-1777-4a6e-916d-0f64f6f89c0a'),('d82fceb3-bcd4-45ba-98e6-ea22693a2121','2013-04-17 23:25:29',NULL,'942',1,'  国家行政机构','eb640627-1777-4a6e-916d-0f64f6f89c0a'),('d83722ae-0268-4308-9d01-ce609e029280','2013-04-17 23:25:29',NULL,'5720',1,'  运输代理服务','aa8769d0-59e8-49be-8dab-188d170d48ef'),('d87db6ee-a147-4486-a654-994b415f0597','2013-04-17 23:25:29',NULL,'3723',1,'    电车制造','aa8769d0-59e8-49be-8dab-188d170d48ef'),('d8b8a280-afc9-458b-979f-84b6f6fd77e4','2013-04-17 23:25:29',NULL,'351',1,'  锅炉及原动机制造','eb640627-1777-4a6e-916d-0f64f6f89c0a'),('d8bec8f9-9527-4095-aba0-217b001c5190','2013-04-17 23:25:29',NULL,'8932',1,'    电影放映','aa8769d0-59e8-49be-8dab-188d170d48ef'),('d8ec224b-2965-4cd8-8b06-abdc42c09b2d','2013-04-17 13:42:11',NULL,'149',1,'其他联营企业','29f43137-3a78-4889-be22-49e1b75f22ca'),('d90b4e34-b3b5-4cf5-9925-d36a46f9a160','2013-04-17 23:25:29',NULL,'851',1,'  医院','eb640627-1777-4a6e-916d-0f64f6f89c0a'),('d915fd90-2586-40c6-a401-3be323a41de9','2013-04-17 23:25:29',NULL,'3752',1,'    非金属船舶制造','aa8769d0-59e8-49be-8dab-188d170d48ef'),('d91b8d67-afaf-47d5-8110-fc3f5ebdbb58','2013-04-17 23:25:29',NULL,'3649',1,'    其他日用品生产专用设备制造','aa8769d0-59e8-49be-8dab-188d170d48ef'),('d96f9365-d2f0-4a79-98a0-0c55900ffa6c','2013-04-17 23:25:29',NULL,'7494',1,'    办公服务','aa8769d0-59e8-49be-8dab-188d170d48ef'),('d9d6b303-0a69-4230-aa6a-5eea92ac22fc','2013-04-17 23:25:29',NULL,'748',1,'  旅行社','eb640627-1777-4a6e-916d-0f64f6f89c0a'),('da3e2dd9-688e-4181-a399-d9904da10478','2013-04-17 23:25:29',NULL,'3482',1,'    金属制厨用器皿及餐具制造','aa8769d0-59e8-49be-8dab-188d170d48ef'),('da86c351-1a33-4af8-9162-c315080ab4f4','2013-04-17 23:25:29',NULL,'1723',1,'    毛染整精加工','aa8769d0-59e8-49be-8dab-188d170d48ef'),('dacb0852-7fac-48e5-8d00-ec2ee2269592','2013-04-17 23:25:29',NULL,'7819',1,'    其他矿产地质勘查','aa8769d0-59e8-49be-8dab-188d170d48ef'),('db3581b4-b11d-4a2e-b71a-385a3fb2d7a9','2013-04-17 23:25:29',NULL,'309',1,'  其他塑料制品制造','eb640627-1777-4a6e-916d-0f64f6f89c0a'),('db381b36-5779-4b74-9c6d-3635c3fc4053','2013-04-17 23:25:29',NULL,'4051',1,'    电子真空器件制造','aa8769d0-59e8-49be-8dab-188d170d48ef'),('db67564d-64a3-4618-b63c-dffb6b808d32','2013-04-17 23:25:29',NULL,'145',1,'  罐头制造','eb640627-1777-4a6e-916d-0f64f6f89c0a'),('db7855a2-ba50-478e-96ad-5c1cbf4fa221','2013-04-17 23:25:29',NULL,'264',1,'  涂料、油墨、颜料及类似产品制造','eb640627-1777-4a6e-916d-0f64f6f89c0a'),('dba4856e-6bd4-4bf9-8bcf-8fbb9a7dace1','2013-04-17 23:25:29',NULL,'656',1,'  汽车、摩托车、燃料及零配件专门零售','eb640627-1777-4a6e-916d-0f64f6f89c0a'),('dc04d1df-7727-4c54-a6d2-fa4d00943742','2013-04-17 23:25:29',NULL,'8131',1,'    风景名胜区管理','aa8769d0-59e8-49be-8dab-188d170d48ef'),('dc7febc5-2b7f-4cf0-9a93-4f91b2d08b8a','2013-04-17 23:25:29',NULL,'799',1,'  其他水利管理','eb640627-1777-4a6e-916d-0f64f6f89c0a'),('dd0fd5d9-b8bd-4476-bad8-09f6f71c5b29','2013-04-17 23:25:29',NULL,'154',1,'  精制茶加工','eb640627-1777-4a6e-916d-0f64f6f89c0a'),('dd89ffac-9a83-4b51-b0a9-f68e08e55012','2013-04-17 23:25:29',NULL,'1391',1,'    淀粉及淀粉制品的制造','aa8769d0-59e8-49be-8dab-188d170d48ef'),('dd9464c6-6a18-4b17-8bc0-07076d9fa856','2013-04-17 23:25:29',NULL,'2140',1,'  塑料家具制造','aa8769d0-59e8-49be-8dab-188d170d48ef'),('ddb6f8b1-c5c9-4b88-94ca-251335ba1617','2013-04-17 23:25:29',NULL,'3332',1,'    稀土金属冶炼','aa8769d0-59e8-49be-8dab-188d170d48ef'),('ddcc629a-4181-4d22-b6ec-bd00089c31eb','2013-04-17 23:25:29',NULL,'3721',1,'    汽车整车制造','aa8769d0-59e8-49be-8dab-188d170d48ef'),('ddebaba5-324d-474e-b52b-6df25f27c41d','2013-04-17 23:25:29',NULL,'3010',1,'  塑料薄膜制造','aa8769d0-59e8-49be-8dab-188d170d48ef'),('ddf3ef46-f442-41a6-9df5-6d6740b2f64c','2013-04-17 23:25:29',NULL,'8250',1,'  洗浴服务','aa8769d0-59e8-49be-8dab-188d170d48ef'),('de0134ea-b2ee-44fb-b34f-fd286787ae0a','2013-04-17 23:25:29',NULL,'4114',1,'    实验分析仪器制造','aa8769d0-59e8-49be-8dab-188d170d48ef'),('de555785-c373-4822-8780-041fd6c8be34','2013-04-17 23:25:29',NULL,'7432',1,'    市场调查','aa8769d0-59e8-49be-8dab-188d170d48ef'),('debc5221-1566-4bd0-b9d3-6b9acd7ea765','2013-04-17 23:25:29',NULL,'1352',1,'    肉制品及副产品加工','aa8769d0-59e8-49be-8dab-188d170d48ef'),('df124e18-b9fe-47be-ac42-7832afa6466a','2013-04-17 23:25:29',NULL,'341',1,'  结构性金属制品制造','eb640627-1777-4a6e-916d-0f64f6f89c0a'),('df3e570b-7c62-42ec-a647-c7f63c264536','2013-04-17 23:25:29',NULL,'232',1,'  装订及其他印刷服务活动','eb640627-1777-4a6e-916d-0f64f6f89c0a'),('dff0e259-4cce-41e4-8b8c-63096380b57e','2013-04-17 23:25:29',NULL,'4062',1,'    印制电路板制造','aa8769d0-59e8-49be-8dab-188d170d48ef'),('e00ca91c-b6de-44df-a3ab-09d73bf796b1','2013-04-17 23:25:29',NULL,'1462',1,'    酱油、食醋及类似制品的制造','aa8769d0-59e8-49be-8dab-188d170d48ef'),('e01c51b1-5d81-4fcf-99cf-9a8fc228a9d0','2013-04-17 23:25:29',NULL,'661',1,'  旅游饭店','eb640627-1777-4a6e-916d-0f64f6f89c0a'),('e028abb9-434e-4f14-8728-d691bc5b4986','2013-04-18 13:24:33',NULL,'4',1,'整数','c3dd5124-17e0-4e86-839c-ba9d032cd443'),('e03e52f1-8148-4f03-9200-99709cca0b78','2013-04-17 23:25:29',NULL,'9622',1,'    行业性团体','aa8769d0-59e8-49be-8dab-188d170d48ef'),('e158d42b-4b00-41fd-9368-0a75f77f0835','2013-04-17 23:25:29',NULL,'4043',1,'    电子计算机外部设备制造','aa8769d0-59e8-49be-8dab-188d170d48ef'),('e17eda9c-2933-4177-842f-ad524621dac5','2013-04-17 23:25:29',NULL,'5810',1,'  谷物、棉花等农产品仓储','aa8769d0-59e8-49be-8dab-188d170d48ef'),('e1a3f4e7-fd4f-4321-b501-5f9bbaf67141','2013-04-17 23:25:29',NULL,'943',1,'  人民法院和人民检察院','eb640627-1777-4a6e-916d-0f64f6f89c0a'),('e1cbe3b3-4b8d-4afc-a868-dd5443156ccd','2013-04-17 23:25:29',NULL,'3142',1,'    技术玻璃制品制造','aa8769d0-59e8-49be-8dab-188d170d48ef'),('e1ecef1d-5dc5-4c38-ad76-c0bc21c75333','2013-04-17 23:25:29',NULL,'2413',1,'    教学用模型及教具制造','aa8769d0-59e8-49be-8dab-188d170d48ef'),('e1ed3509-7af6-4ec6-8d82-5c49da92a57a','2013-04-17 23:25:29',NULL,'1924',1,'    皮手套及皮装饰制品制造 ','aa8769d0-59e8-49be-8dab-188d170d48ef'),('e221de6e-88a2-4722-82f4-bf242f607983','2013-04-17 23:25:29',NULL,'1939',1,'    其他毛皮制品加工','aa8769d0-59e8-49be-8dab-188d170d48ef'),('e2250f21-676d-49c5-b101-a7cc7122806c','2013-04-17 23:25:29',NULL,'6526',1,'    烟草制品零售','aa8769d0-59e8-49be-8dab-188d170d48ef'),('e22e2030-256f-49e7-8234-5fd768bfccef','2013-04-17 23:25:29',NULL,'0115',1,'    棉花的种植','aa8769d0-59e8-49be-8dab-188d170d48ef'),('e260d78c-dcec-4165-94ec-d4fbd1426287','2013-04-17 23:25:29',NULL,'052',1,'  林业服务业','eb640627-1777-4a6e-916d-0f64f6f89c0a'),('e27e6c5f-350d-4f7b-a343-64d02f207d68','2013-04-17 23:25:29',NULL,' ',1,'证券业','eb640627-1777-4a6e-916d-0f64f6f89c0a'),('e27e9986-6ed9-4fb7-a336-e9645411e6ea','2013-04-17 23:25:29',NULL,'3697',1,'    水资源专用机械制造','aa8769d0-59e8-49be-8dab-188d170d48ef'),('e297f642-1ac8-4485-9dce-918788aa6d1c','2013-04-17 23:25:29',NULL,'3712',1,'    工矿有轨专用车辆制造','aa8769d0-59e8-49be-8dab-188d170d48ef'),('e346f438-6e79-4d42-9495-b01da58998a3','2013-04-17 23:25:29',NULL,'6562',1,'    汽车零配件零售','aa8769d0-59e8-49be-8dab-188d170d48ef'),('e3703e61-4e8d-4cbd-ad6b-a3579b90bbc1','2013-04-17 23:25:29',NULL,'Q',1,'卫生、社会保障和社会福利业','0d8869f8-d746-40a5-8606-76899fbee826'),('e3749836-f66d-4f99-a7db-c374a7e3601b','2013-04-17 23:25:29',NULL,'9424',1,'    社会事务管理机构','aa8769d0-59e8-49be-8dab-188d170d48ef'),('e37c9c78-e94b-48cd-8b6d-a867d04f0a25','2013-04-17 23:25:29',NULL,'6353',1,'    医疗用品及器材批发','aa8769d0-59e8-49be-8dab-188d170d48ef'),('e38a51a6-81db-444c-8f49-2e11f8a100e0','2013-04-17 23:25:29',NULL,'813',1,'  游览景区管理','eb640627-1777-4a6e-916d-0f64f6f89c0a'),('e3a9f708-edf4-4a39-b17c-a651e141e434','2013-01-05 10:10:51',NULL,'1',1,'公司','fac28ae6-17b4-47c1-90c5-8796757bba3d'),('e447f3ce-7c54-4d87-82c1-19794ef87658','2013-04-17 23:25:29',NULL,'3759',1,'    航标器材及其他浮动装置的制造','aa8769d0-59e8-49be-8dab-188d170d48ef'),('e462ab63-0f91-4709-8688-1a1a91361402','2013-04-17 23:25:29',NULL,'3792',1,'    交通管理用金属标志及设施制造','aa8769d0-59e8-49be-8dab-188d170d48ef'),('e4b50fb3-ff3c-4f45-b000-1acd895144d3','2013-04-17 23:25:29',NULL,'34',1,'金属制品业','90acee91-24d5-45ba-8f6d-57b03abccbf5'),('e4d73b5f-3392-423f-89a0-b830cbabb80f','2013-04-17 23:25:29',NULL,'5220',1,'  道路货物运输','aa8769d0-59e8-49be-8dab-188d170d48ef'),('e54db3bc-e45d-4d87-90a8-f641126e84a4','2013-04-17 23:25:29',NULL,'366',1,'  电子和电工机械专用设备制造','eb640627-1777-4a6e-916d-0f64f6f89c0a'),('e5573ec1-d94e-464c-a737-0eece4932fb8','2013-04-17 23:25:29',NULL,'09',1,'有色金属矿采选业','90acee91-24d5-45ba-8f6d-57b03abccbf5'),('e5706587-b708-4ec1-9d64-cf39eab10da1','2013-04-17 23:25:29',NULL,'5411',1,'    远洋旅客运输','aa8769d0-59e8-49be-8dab-188d170d48ef'),('e5a49e9c-a4dd-447e-b9c6-410a59701787','2013-04-17 23:25:29',NULL,'182',1,'  纺织面料鞋的制造','eb640627-1777-4a6e-916d-0f64f6f89c0a'),('e5a50260-2099-4181-a574-76f1fa9d591d','2013-04-17 23:25:29',NULL,'1492',1,'    冷冻饮品及食用冰制造','aa8769d0-59e8-49be-8dab-188d170d48ef'),('e5d2a64a-3440-4ccc-b30f-695c001bc2d4','2013-04-17 23:25:29',NULL,'6322',1,'    糕点、糖果及糖批发','aa8769d0-59e8-49be-8dab-188d170d48ef'),('e63d761d-f69a-4839-949c-11744552126d','2013-04-17 23:25:29',NULL,'3922',1,'    电容器及其配套设备制造','aa8769d0-59e8-49be-8dab-188d170d48ef'),('e64a6a26-75c8-4520-b101-3b9e601c1bd3','2013-04-17 23:25:29',NULL,'3152',1,'    特种陶瓷制品制造','aa8769d0-59e8-49be-8dab-188d170d48ef'),('e681f244-1ee9-49fb-b110-b11daea0d059','2013-04-17 23:25:29',NULL,'3674',1,'    畜牧机械制造','aa8769d0-59e8-49be-8dab-188d170d48ef'),('e6a4d750-b5ee-42d4-acf9-f80bd1a95428','2013-04-17 13:41:28',NULL,'140',1,'联营企业','29f43137-3a78-4889-be22-49e1b75f22ca'),('e6ce4408-262c-4e81-8636-ae564246b037','2013-04-17 23:25:29',NULL,'7419',1,'    其他企业管理服务','aa8769d0-59e8-49be-8dab-188d170d48ef'),('e6e6e3cc-710f-4107-b911-b152b1195c9b','2013-04-17 23:25:29',NULL,'6583',1,'    涂料零售','aa8769d0-59e8-49be-8dab-188d170d48ef'),('e71a4087-3525-4a7f-a7c0-632c3c315668','2013-04-17 23:25:29',NULL,'3511',1,'    锅炉及辅助设备制造','aa8769d0-59e8-49be-8dab-188d170d48ef'),('e7257d81-b7b2-46b5-bc76-d27ba701223c','2013-04-17 23:25:29',NULL,'6546',1,'    珠宝首饰零售','aa8769d0-59e8-49be-8dab-188d170d48ef'),('e72d3f16-72aa-4693-9ff9-4a95ce6c8c2f','2013-04-17 23:25:29',NULL,'4141',1,'    光学仪器制造','aa8769d0-59e8-49be-8dab-188d170d48ef'),('e7339cc5-2814-4508-bab7-1edc86ae9b5c','2013-04-17 23:25:29',NULL,'9426',1,'    政府事务管理机构','aa8769d0-59e8-49be-8dab-188d170d48ef'),('e75f3162-a44c-4b90-a58b-5985da5bd4fc','2013-04-17 23:25:29',NULL,'19',1,'皮革、毛皮、羽毛(绒)及其制品业','90acee91-24d5-45ba-8f6d-57b03abccbf5'),('e76096fa-5363-4847-9b0d-64f177a0e4bc','2013-04-17 23:25:29',NULL,'27',1,'医药制造业','90acee91-24d5-45ba-8f6d-57b03abccbf5'),('e7801c1d-5fdf-4756-8de2-741292fa2e15','2013-04-17 23:25:29',NULL,'D',1,'电力、燃气及水的生产和供应业','0d8869f8-d746-40a5-8606-76899fbee826'),('e7ac7f3a-3ac8-4ac6-bb08-cb444c508e06','2013-04-17 23:25:29',NULL,'3153',1,'    日用陶瓷制品制造','aa8769d0-59e8-49be-8dab-188d170d48ef'),('e7b51371-3c74-4684-a700-34d25505d1d8','2013-04-17 23:25:29',NULL,'6581',1,'    五金零售','aa8769d0-59e8-49be-8dab-188d170d48ef'),('e84ec27d-6c1c-48bc-ac9e-9155ed0f18e7','2013-04-17 23:25:29',NULL,'6324',1,'    肉、禽、蛋及水产品批发','aa8769d0-59e8-49be-8dab-188d170d48ef'),('e85402d7-5ced-466e-bdca-8962d15d3539','2013-04-17 23:25:29',NULL,'053',1,'  畜牧服务业','eb640627-1777-4a6e-916d-0f64f6f89c0a'),('e89bf30e-b945-48be-add6-2058876c4a62','2013-04-17 23:25:29',NULL,'3663',1,'    武器弹药制造','aa8769d0-59e8-49be-8dab-188d170d48ef'),('e8bc4a43-b05e-4ac9-bb61-3f77abce5ac9','2013-04-17 23:25:29',NULL,'5320',1,'  轨道交通','aa8769d0-59e8-49be-8dab-188d170d48ef'),('e8cd2b46-8c49-4712-a588-394c5093833b','2013-04-17 23:25:29',NULL,'4142',1,'    眼镜制造','aa8769d0-59e8-49be-8dab-188d170d48ef'),('e8d5f281-d7b2-402c-b9b9-b0e370081a64','2013-04-17 23:25:29',NULL,'3575',1,'    喷枪及类似器具制造 ','aa8769d0-59e8-49be-8dab-188d170d48ef'),('e8df72b3-f5ee-43b6-8f10-357d52450a34','2013-04-17 23:25:29',NULL,'8825',1,'    电子出版物出版','aa8769d0-59e8-49be-8dab-188d170d48ef'),('e9114b88-f048-402b-8bd2-d526f554426f','2013-04-17 23:25:29',NULL,'923',1,'  休闲健身娱乐活动','eb640627-1777-4a6e-916d-0f64f6f89c0a'),('ea009633-9c83-44de-8f87-39efe97470d6','2013-04-17 23:25:29',NULL,'6511',1,'    百货零售','aa8769d0-59e8-49be-8dab-188d170d48ef'),('ea0743de-df7f-4a58-818c-54154172910a','2013-04-17 23:25:29',NULL,'853',1,'  门诊部医疗活动','eb640627-1777-4a6e-916d-0f64f6f89c0a'),('ea16e2b0-442e-43ac-887c-f7daf75efa0b','2013-04-17 23:25:29',NULL,'906',1,'  烈士陵园、纪念馆','eb640627-1777-4a6e-916d-0f64f6f89c0a'),('ea8204a5-4d35-4e5c-950a-8e7da0eda7a4','2013-04-17 23:25:29',NULL,'825',1,'  洗浴服务','eb640627-1777-4a6e-916d-0f64f6f89c0a'),('ea83c207-84c5-4c7d-9358-5b2364c7b29c','2013-04-17 23:25:29',NULL,'711',1,'  金融信托与管理 ','eb640627-1777-4a6e-916d-0f64f6f89c0a'),('ea8bc343-da64-4880-b0ea-969bfff106e7','2013-04-17 23:25:29',NULL,'0933',1,'    放射性金属矿采选','aa8769d0-59e8-49be-8dab-188d170d48ef'),('ea946e5d-b7d1-4ecb-8440-d71279e4e4a5','2013-04-17 23:25:29',NULL,'011',1,'  谷物及其他作物的种植','eb640627-1777-4a6e-916d-0f64f6f89c0a'),('eb0aba19-fa1e-4c14-bb66-290675eee8c7','2013-04-17 23:25:29',NULL,'4211',1,'    雕塑工艺品制造','aa8769d0-59e8-49be-8dab-188d170d48ef'),('eb176477-3040-437d-a522-f8001dd897ec','2013-04-17 23:25:29',NULL,' ',1,'  水资源管理','aa8769d0-59e8-49be-8dab-188d170d48ef'),('eb1ebcd0-e4ca-4e9a-8d56-102012964f55','2013-04-17 23:25:29',NULL,'274',1,'  中成药制造','eb640627-1777-4a6e-916d-0f64f6f89c0a'),('eb52d10b-ac2c-486a-ab1c-526418db8a67','2013-04-17 23:25:29',NULL,'3954',1,'    家用厨房电器具制造','aa8769d0-59e8-49be-8dab-188d170d48ef'),('eb70fc05-ac9d-4ad0-b2a3-2d5c345225dd','2013-04-17 23:25:29',NULL,'176',1,'  针织品、编织品及其制品制造','eb640627-1777-4a6e-916d-0f64f6f89c0a'),('ebcb8f56-23f3-4970-bdfc-af0d6489a531','2013-04-17 23:25:29',NULL,'214',1,'  塑料家具制造','eb640627-1777-4a6e-916d-0f64f6f89c0a'),('ebd92310-0381-4513-978f-38b5e9f4dcf2','2013-04-17 23:25:29',NULL,'7433',1,'    社会经济咨询','aa8769d0-59e8-49be-8dab-188d170d48ef'),('ebf7316f-72d8-45cb-a003-c64d106f1cf2','2013-04-17 13:41:53',NULL,'142',1,'集体联营企业','29f43137-3a78-4889-be22-49e1b75f22ca'),('ec0b1358-6ab0-476f-a4d6-45ce73d33ff0','2013-04-17 23:25:29',NULL,'8441',1,'    普通高等教育','aa8769d0-59e8-49be-8dab-188d170d48ef'),('ec283597-2b6e-4db1-8eec-9c6922a72c08','2013-04-17 23:25:29',NULL,'1493',1,'    盐加工   ','aa8769d0-59e8-49be-8dab-188d170d48ef'),('ec4330d4-72b8-4d3a-8e5a-208e56d71d3a','2013-04-17 23:25:29',NULL,'03',1,'畜牧业','90acee91-24d5-45ba-8f6d-57b03abccbf5'),('ecaade68-4bd3-46eb-b590-aa7c60351a75','2013-04-17 23:25:29',NULL,'6342',1,'    体育用品批发','aa8769d0-59e8-49be-8dab-188d170d48ef'),('ecab9f55-a620-4d8c-b77c-78cb0db20ea0','2013-04-17 23:25:29',NULL,'9613',1,'    共青团','aa8769d0-59e8-49be-8dab-188d170d48ef'),('ecad5a62-3f42-4083-b576-a1e470e04a20','2013-04-17 23:25:29',NULL,'3791',1,'    潜水及水下救捞装备制造','aa8769d0-59e8-49be-8dab-188d170d48ef'),('ecb228dc-fdea-4bf5-900e-b310c6879e9c','2013-04-17 23:25:29',NULL,'839',1,'  其他未列明的服务','eb640627-1777-4a6e-916d-0f64f6f89c0a'),('ece2b5c3-b0f3-45f4-9f8f-4515244d9180','2013-04-17 23:25:29',NULL,'74',1,'商务服务业','90acee91-24d5-45ba-8f6d-57b03abccbf5'),('ed142acd-5ed3-4765-a011-698736aee4f4','2013-03-21 14:40:05',NULL,'false',1,'否','2cb9c8ec-2649-4568-b0a5-17ab20182e87'),('ed29618e-035c-45f1-9ec0-fea0f6da2f7e','2013-04-17 23:25:29',NULL,'429',1,'  其他未列明的制造业','eb640627-1777-4a6e-916d-0f64f6f89c0a'),('ed5670ff-8172-4391-a83e-dd00f79895f2','2013-04-17 23:25:29',NULL,'6523',1,'    果品、蔬菜零售','aa8769d0-59e8-49be-8dab-188d170d48ef'),('eda4a60e-2e93-49f8-8d87-b6bb4a6678a7','2013-04-17 23:25:29',NULL,'691',1,'  证券市场管理','eb640627-1777-4a6e-916d-0f64f6f89c0a'),('edae268d-986c-4f4e-8d78-4e0856ca1240','2013-04-17 23:25:29',NULL,'347',1,'  搪瓷制品制造','eb640627-1777-4a6e-916d-0f64f6f89c0a'),('ee11fecb-cd31-4e8e-8254-d77d2907dc45','2013-04-17 23:25:29',NULL,'5412',1,'    沿海旅客运输','aa8769d0-59e8-49be-8dab-188d170d48ef'),('ee4fee10-3c4e-4d6b-95e8-2e5b911fc719','2013-04-17 23:25:29',NULL,'0890',1,'  其他黑色金属矿采选','aa8769d0-59e8-49be-8dab-188d170d48ef'),('ee7ab454-7ed0-48c5-a8d8-1897274ca3b7','2013-04-17 23:25:29',NULL,'841',1,'  学前教育','eb640627-1777-4a6e-916d-0f64f6f89c0a'),('eea44adf-c6f9-4128-a4bf-dcc68a52c8af','2013-04-17 23:25:29',NULL,'5890',1,'  其他仓储','aa8769d0-59e8-49be-8dab-188d170d48ef'),('eedd9653-c20d-4a7c-8e3b-567f0abb0a6a','2013-04-17 23:25:29',NULL,'8270',1,'  殡葬服务','aa8769d0-59e8-49be-8dab-188d170d48ef'),('eee6875d-a1af-4264-9af5-d2b85e735069','2013-04-17 23:25:29',NULL,'6011',1,'    固定电信服务','aa8769d0-59e8-49be-8dab-188d170d48ef'),('ef0a5f2e-f491-40a8-9bee-20d421c91501','2013-04-17 23:25:29',NULL,'4124',1,'    农林牧渔专用仪器仪表制造','aa8769d0-59e8-49be-8dab-188d170d48ef'),('f0501696-a92b-40ce-acbb-e1bb2dabdc7b','2013-04-17 23:25:29',NULL,'3685',1,'    机械治疗及病房护理设备制造','aa8769d0-59e8-49be-8dab-188d170d48ef'),('f06f52d7-8d06-4ff7-99a6-b1f855ecd701','2013-04-17 23:25:29',NULL,'B',1,'采矿业','0d8869f8-d746-40a5-8606-76899fbee826'),('f07dfc49-c498-4606-b4d7-04ac4f8a3c15','2013-04-17 23:25:29',NULL,' ',1,'    水库管理','eb640627-1777-4a6e-916d-0f64f6f89c0a'),('f0924104-cafd-4f16-b5ea-a2454e56e282','2013-04-17 23:25:29',NULL,'90',1,'文化艺术业','90acee91-24d5-45ba-8f6d-57b03abccbf5'),('f0be5cd1-8ddb-4a20-a010-f1582a32b993','2013-04-17 23:25:29',NULL,'5421',1,'    远洋货物运输','aa8769d0-59e8-49be-8dab-188d170d48ef'),('f0fbfb07-c73b-4ce6-a945-2dcb42bd56ce','2013-04-17 23:25:29',NULL,'0113',1,'    油料的种植','aa8769d0-59e8-49be-8dab-188d170d48ef'),('f1262e71-f830-4997-8feb-f3a52463f4be','2013-04-17 23:25:29',NULL,'962',1,'  社会团体','eb640627-1777-4a6e-916d-0f64f6f89c0a'),('f17fb1b7-d099-4fe4-846e-3a39c8f83157','2013-04-17 23:25:29',NULL,'58',1,'仓储业','90acee91-24d5-45ba-8f6d-57b03abccbf5'),('f1cd2001-194d-4a55-8756-9c01b83ee4fc','2013-04-17 23:25:29',NULL,'103',1,'  采盐','eb640627-1777-4a6e-916d-0f64f6f89c0a'),('f1dfea8c-b056-4818-b519-e72a85bb67d9','2013-04-17 23:25:29',NULL,'8940',1,'  音像制作','aa8769d0-59e8-49be-8dab-188d170d48ef'),('f1ec4c59-bfd6-4a09-8211-4a780c0a2df0','2013-04-17 23:25:29',NULL,'316',1,'  耐火材料制品制造','eb640627-1777-4a6e-916d-0f64f6f89c0a'),('f2042842-9e3d-47f2-a8ea-f3a1fe01cbc6','2013-04-17 23:25:29',NULL,' ',1,'  高等教育','aa8769d0-59e8-49be-8dab-188d170d48ef'),('f283589b-638d-44b9-8c40-074719a15a2c','2013-04-17 23:25:29',NULL,'442',1,'  电力供应','eb640627-1777-4a6e-916d-0f64f6f89c0a'),('f2fa3f09-1bb9-4f35-b198-2437fcb581a9','2013-04-17 23:25:29',NULL,'3129',1,'    其他水泥制品制造','aa8769d0-59e8-49be-8dab-188d170d48ef'),('f32465c8-9769-4669-98e0-3ad9ac3b3960','2013-04-17 23:25:29',NULL,'9070',1,'  群众文化活动','aa8769d0-59e8-49be-8dab-188d170d48ef'),('f341163a-fea4-4c6d-a3ed-38226fb51103','2013-04-17 23:25:29',NULL,'4071',1,'    家用影视设备制造','aa8769d0-59e8-49be-8dab-188d170d48ef'),('f3891cdf-d5c8-41ca-af40-41a705c5362d','2013-04-17 23:25:29',NULL,'792',1,'  水资源管理','eb640627-1777-4a6e-916d-0f64f6f89c0a'),('f38d466a-d3cc-4dd5-ac54-b990b28da902','2013-04-17 23:25:29',NULL,'523',1,'  道路运输辅助活动','eb640627-1777-4a6e-916d-0f64f6f89c0a'),('f3a0f3ac-7de6-4dce-8dea-24a16cb40c7e','2013-04-17 23:25:29',NULL,'3953',1,'    家用通风电器具制造','aa8769d0-59e8-49be-8dab-188d170d48ef'),('f40412a0-e5dc-4132-a1c5-8d15b91204f5','2013-04-17 23:25:29',NULL,'3644',1,'    制药专用设备制造','aa8769d0-59e8-49be-8dab-188d170d48ef'),('f427be54-a96c-4a66-bcb4-96da436e21d0','2013-04-17 23:25:29',NULL,'881',1,'  新闻业','eb640627-1777-4a6e-916d-0f64f6f89c0a'),('f43fd7e7-71d4-4809-b586-f7699be4f120','2013-04-17 23:25:29',NULL,'1931',1,'    毛皮鞣制加工','aa8769d0-59e8-49be-8dab-188d170d48ef'),('f451f229-8a81-4960-9eb8-26f92108a7eb','2013-04-17 23:25:29',NULL,'1923',1,'    皮箱、包(袋)制造','aa8769d0-59e8-49be-8dab-188d170d48ef'),('f48f85e1-7cc5-4eb6-a29e-2b83d3d08ba8','2013-04-17 23:25:29',NULL,'K',1,'房地产业','0d8869f8-d746-40a5-8606-76899fbee826'),('f4c37ba0-25b2-4601-8723-1891f1f20b42','2013-04-17 23:25:29',NULL,'0221',1,'    木材的采运','aa8769d0-59e8-49be-8dab-188d170d48ef'),('f4c3d492-f56a-4d46-bacc-f5d67ffbe5f9','2013-04-17 23:25:29',NULL,' ',1,'    其他化工产品批发  ','eb640627-1777-4a6e-916d-0f64f6f89c0a'),('f4d81d62-b1cd-4248-a0ed-384d95fea52e','2013-04-17 23:25:29',NULL,'1461',1,'    味精制造','aa8769d0-59e8-49be-8dab-188d170d48ef'),('f4de7947-7ac9-4800-992e-09f6d8a13595','2013-04-17 23:25:29',NULL,'0710',1,'  天然原油和天然气开采','aa8769d0-59e8-49be-8dab-188d170d48ef'),('f51b21fa-37f9-4610-a7c7-f75791a40de0','2013-04-17 23:25:29',NULL,'153',1,'  软饮料制造','eb640627-1777-4a6e-916d-0f64f6f89c0a'),('f52af4e0-9b63-4a25-85fc-2ea4ee9e0dd3','2013-04-17 23:25:29',NULL,'3230',1,'  钢压延加工','aa8769d0-59e8-49be-8dab-188d170d48ef'),('f537f136-66ed-4003-bd64-0640945512cc','2013-04-17 23:25:29',NULL,'8240',1,'  理发及美容保健服务','aa8769d0-59e8-49be-8dab-188d170d48ef'),('f6a1c593-d3bb-45f6-971a-7c0a75e61ab9','2013-04-17 23:25:29',NULL,'3551',1,'    轴承制造','aa8769d0-59e8-49be-8dab-188d170d48ef'),('f6ebf386-086a-48c1-a32d-e13834ad0f47','2013-04-17 23:25:29',NULL,'4212',1,'    金属工艺品制造','aa8769d0-59e8-49be-8dab-188d170d48ef'),('f6fa92a7-3639-4121-a57b-0fafeb1faa6b','2013-04-17 23:25:29',NULL,'423',1,'  煤制品制造','eb640627-1777-4a6e-916d-0f64f6f89c0a'),('f74d7075-05f8-4ff5-90fb-ccec660c6489','2013-04-17 23:25:29',NULL,'2622',1,'    磷肥制造','aa8769d0-59e8-49be-8dab-188d170d48ef'),('f79bd494-4031-4b78-925a-19b6b75f0dd1','2013-04-17 23:25:29',NULL,'4800',1,'  建筑安装业','aa8769d0-59e8-49be-8dab-188d170d48ef'),('f7ad5072-037c-4985-a3fa-ef08269cdbea','2013-04-17 23:25:29',NULL,'9410',1,'  国家权力机构','aa8769d0-59e8-49be-8dab-188d170d48ef'),('f7c5dab9-883f-48fa-9862-90dc6aab1fcd','2013-04-17 23:25:29',NULL,'39',1,'电气机械及器材制造业','90acee91-24d5-45ba-8f6d-57b03abccbf5'),('f7dd5164-4fbb-412b-94bc-87a1704e9f39','2013-04-17 23:25:29',NULL,'4011',1,'    通信传输设备制造','aa8769d0-59e8-49be-8dab-188d170d48ef'),('f8098983-4db3-4ad5-9a6a-7ece90889898','2013-04-17 23:25:29',NULL,'860',1,'  社会保障业','eb640627-1777-4a6e-916d-0f64f6f89c0a'),('f860d32d-cd0e-4233-85cc-458bce152024','2013-04-17 23:25:29',NULL,'930',1,'  中国共产党机关','eb640627-1777-4a6e-916d-0f64f6f89c0a'),('f899ccea-fdd3-497b-92ed-7456a5ac557b','2013-04-17 23:25:29',NULL,'84',1,'教育','90acee91-24d5-45ba-8f6d-57b03abccbf5'),('f8ce3c3f-5b68-44a8-975c-1ad65d9bebcf','2013-04-17 23:25:29',NULL,'3529',1,'    其他金属加工机械制造','aa8769d0-59e8-49be-8dab-188d170d48ef'),('f8dd4d0e-7577-4f3d-9723-73881b261973','2013-04-17 23:25:29',NULL,' ',1,'  文化艺术经纪代理','90acee91-24d5-45ba-8f6d-57b03abccbf5'),('f8e293ed-cd2d-434f-b60c-e0eeae163136','2013-04-17 23:25:29',NULL,' ',1,'    通讯及广播电视设备批发','eb640627-1777-4a6e-916d-0f64f6f89c0a'),('f8eaca7e-b607-4d56-8208-8814702d07ed','2013-04-17 23:25:29',NULL,'7610',1,'  气象服务','aa8769d0-59e8-49be-8dab-188d170d48ef'),('f9460740-d70c-40a5-ba1d-83de6e485d68','2013-04-17 23:25:29',NULL,' ',1,'    厨房、卫生间用具及日用杂货批发','eb640627-1777-4a6e-916d-0f64f6f89c0a'),('f9583849-70ee-4903-8669-8a37c9688518','2013-04-17 23:25:29',NULL,'3322',1,'    银冶炼','aa8769d0-59e8-49be-8dab-188d170d48ef'),('f99caccd-dcaf-4c92-8975-d44ef6bae4d1','2013-04-17 23:25:29',NULL,'4724',1,'    架线和管道工程建筑','aa8769d0-59e8-49be-8dab-188d170d48ef'),('f9b33c0e-ca4d-4125-b3c9-54dab6015436','2013-04-17 23:25:29',NULL,'089',1,'  其他黑色金属矿采选','eb640627-1777-4a6e-916d-0f64f6f89c0a'),('f9bceea6-2ae5-49f8-bc2c-25586f5b0f89','2013-04-17 23:25:29',NULL,'3423',1,'    农用及园林用金属工具制造','aa8769d0-59e8-49be-8dab-188d170d48ef'),('f9d06d75-1a73-4029-b1bd-6067943c7888','2013-04-17 23:25:29',NULL,'2770',1,'  卫生材料及医药用品制造','aa8769d0-59e8-49be-8dab-188d170d48ef'),('fa0a7d48-eb14-4aaa-9a24-5323fc82f2ef','2013-04-17 23:25:29',NULL,'2673',1,'    口腔清洁用品制造','aa8769d0-59e8-49be-8dab-188d170d48ef'),('fa13018e-2469-4267-a1b4-f6656fdbe04d','2013-04-17 23:25:29',NULL,'8311',1,'    汽车、摩托车维护与保养','aa8769d0-59e8-49be-8dab-188d170d48ef'),('fa416937-9de7-4f6b-bdf9-4950d9ad4c98','2013-04-17 23:25:29',NULL,'321',1,'  炼铁','eb640627-1777-4a6e-916d-0f64f6f89c0a'),('fa4e2293-bf35-4588-ab96-cff74954af5e','2013-04-17 23:25:29',NULL,'6190',1,'  其他计算机服务','aa8769d0-59e8-49be-8dab-188d170d48ef'),('fa6a731e-3c8d-4bee-9ed3-e36396a6bd7a','2013-04-17 23:25:29',NULL,'8492',1,'    特殊教育','aa8769d0-59e8-49be-8dab-188d170d48ef'),('fa7295ce-9639-4ddd-82f3-2e16895c71af','2013-04-17 23:25:29',NULL,'7210',1,'  房地产开发经营','aa8769d0-59e8-49be-8dab-188d170d48ef'),('fac953c2-fef3-4ae9-850f-f51b471be490','2013-04-17 23:25:29',NULL,'1751',1,'    棉及化纤制品制造','aa8769d0-59e8-49be-8dab-188d170d48ef'),('fae25f2e-1dcc-4bb9-9cb1-0e180ef81453','2013-04-17 23:25:29',NULL,'6551',1,'    药品零售','aa8769d0-59e8-49be-8dab-188d170d48ef'),('fae57b5f-7f4b-4d8d-93f3-a2d9ead74048','2013-04-17 23:25:29',NULL,'3315',1,'    锑冶炼','aa8769d0-59e8-49be-8dab-188d170d48ef'),('fb7c75b1-aaf4-4b0b-8aef-d18497ae064c','2013-04-17 23:25:29',NULL,'13',1,'农副食品加工业','90acee91-24d5-45ba-8f6d-57b03abccbf5'),('fb9661e5-cde3-467f-815d-e71a4777e81d','2013-04-17 23:25:29',NULL,'6533',1,'    鞋帽零售','aa8769d0-59e8-49be-8dab-188d170d48ef'),('fbdad60a-d25d-4285-a827-5fe70f029505','2013-04-17 23:25:29',NULL,'7910',1,'  防洪管理','aa8769d0-59e8-49be-8dab-188d170d48ef'),('fc16caf5-d44c-4141-8af4-8ff03c095518','2013-04-17 23:25:29',NULL,'402',1,'  雷达及配套设备制造','eb640627-1777-4a6e-916d-0f64f6f89c0a'),('fc3b3f44-fcb1-4eff-abbf-ca4ebfb39ba7','2013-04-17 23:25:29',NULL,'745',1,'  知识产权服务','eb640627-1777-4a6e-916d-0f64f6f89c0a'),('fca919ce-f7d9-4612-aa39-8e7b3425aaa0','2013-04-17 23:25:29',NULL,'375',1,'  船舶及浮动装置制造','eb640627-1777-4a6e-916d-0f64f6f89c0a'),('fcadb2d2-a11d-4376-b53f-8c242f82dfb6','2013-04-17 23:25:29',NULL,'30',1,'塑料制品业','90acee91-24d5-45ba-8f6d-57b03abccbf5'),('fcb2e1dc-4b87-4ad2-a912-3d5143ee62e7','2013-04-17 23:25:29',NULL,'5423',1,'    内河货物运输','aa8769d0-59e8-49be-8dab-188d170d48ef'),('fd4c24b2-4c29-4b33-8610-444906987fc2','2013-04-17 23:25:29',NULL,'0132',1,'    茶及其他饮料作物的种植','aa8769d0-59e8-49be-8dab-188d170d48ef'),('fd6551bb-4965-4ef9-aab2-86bdcfb4e7ef','2013-04-17 23:25:29',NULL,'345',1,'  建筑、安全用金属制品制造','eb640627-1777-4a6e-916d-0f64f6f89c0a'),('fd875879-57fd-4ffb-ba4b-20f309b54f12','2013-04-17 23:25:29',NULL,'3676',1,'    农林牧渔机械配件制造','aa8769d0-59e8-49be-8dab-188d170d48ef'),('fda86691-ef77-4785-9f1a-bc05b3598979','2013-04-17 23:25:29',NULL,'2429',1,'    其他体育用品制造','aa8769d0-59e8-49be-8dab-188d170d48ef'),('fda872cc-fbd0-4917-a09a-871415791911','2013-04-17 23:25:29',NULL,'0118',1,'    烟草的种植','aa8769d0-59e8-49be-8dab-188d170d48ef'),('fdb0f0f2-a2b8-492c-9b49-1294038532b0','2013-04-17 23:25:29',NULL,'3742',1,'    助动自行车制造','aa8769d0-59e8-49be-8dab-188d170d48ef'),('fdb57705-d829-4804-b54a-77bace77b2c2','2013-04-17 23:25:29',NULL,'4130',1,'  钟表与计时仪器制造','aa8769d0-59e8-49be-8dab-188d170d48ef'),('fdee7ed9-d41a-4d3d-83d5-711c4b22b5fa','2013-04-17 23:25:29',NULL,'0114',1,'    豆类的种植','aa8769d0-59e8-49be-8dab-188d170d48ef'),('fe364fbb-dde7-4856-8b78-dc994c912ee0','2013-04-17 23:25:29',NULL,'1754',1,'    丝制品制造','aa8769d0-59e8-49be-8dab-188d170d48ef'),('fee805d8-4740-4ac1-8e51-e8f77cb9f4be','2013-04-17 23:25:29',NULL,'8019',1,'    其他自然保护','aa8769d0-59e8-49be-8dab-188d170d48ef'),('ff0ecf68-d100-4f0b-a534-a607b7c4e6f3','2012-12-27 13:46:43',NULL,'string',1,'字符','32b293c9-d527-4940-976f-9c1a7e715172'),('ff8ce952-e084-4efc-8f22-df7f91fd5e82','2013-04-17 23:25:29',NULL,'7830',1,'  地质勘查技术服务','aa8769d0-59e8-49be-8dab-188d170d48ef');

/*Table structure for table `base_groupinfo` */

DROP TABLE IF EXISTS `base_groupinfo`;

CREATE TABLE `base_groupinfo` (
  `id` varchar(36) NOT NULL,
  `timestamp` datetime DEFAULT NULL,
  `groupinfo` varchar(50) DEFAULT NULL,
  `groupname` varchar(50) DEFAULT NULL,
  `grouptype` int(11) DEFAULT NULL,
  `parent_id` varchar(36) DEFAULT NULL,
  PRIMARY KEY (`id`),
  KEY `FK587A73BF8670C888` (`parent_id`),
  CONSTRAINT `FK587A73BF8670C888` FOREIGN KEY (`parent_id`) REFERENCES `base_groupinfo` (`id`)
) ENGINE=InnoDB DEFAULT CHARSET=utf8;

/*Data for the table `base_groupinfo` */

insert  into `base_groupinfo`(`id`,`timestamp`,`groupinfo`,`groupname`,`grouptype`,`parent_id`) values ('1','2012-11-27 21:09:16',NULL,NULL,0,NULL);

/*Table structure for table `base_loginfo` */

DROP TABLE IF EXISTS `base_loginfo`;

CREATE TABLE `base_loginfo` (
  `id` varchar(36) NOT NULL,
  `timestamp` datetime DEFAULT NULL,
  `level` varchar(10) DEFAULT NULL,
  `logtime` datetime DEFAULT NULL,
  `logger` varchar(100) DEFAULT NULL,
  `message` varchar(255) DEFAULT NULL,
  `thread` varchar(20) DEFAULT NULL,
  PRIMARY KEY (`id`)
) ENGINE=InnoDB DEFAULT CHARSET=utf8;

/*Data for the table `base_loginfo` */

/*Table structure for table `base_menu` */

DROP TABLE IF EXISTS `base_menu`;

CREATE TABLE `base_menu` (
  `id` varchar(36) NOT NULL,
  `timestamp` datetime DEFAULT NULL,
  `authority` varchar(255) DEFAULT NULL,
  `htmlId` varchar(255) DEFAULT NULL,
  `name` varchar(255) DEFAULT NULL,
  `orderNo` int(11) DEFAULT NULL,
  `url` varchar(255) DEFAULT NULL,
  `parent_id` varchar(36) DEFAULT NULL,
  `level` int(11) DEFAULT NULL,
  `defaultvalue` varchar(255) DEFAULT NULL,
  `type` varchar(255) DEFAULT NULL,
  `value` varchar(255) DEFAULT NULL,
  PRIMARY KEY (`id`),
  KEY `FK93B8620D8EBD782F` (`parent_id`),
  CONSTRAINT `FK93B8620D8EBD782F` FOREIGN KEY (`parent_id`) REFERENCES `base_menu` (`id`)
) ENGINE=InnoDB DEFAULT CHARSET=utf8;

/*Data for the table `base_menu` */

insert  into `base_menu`(`id`,`timestamp`,`authority`,`htmlId`,`name`,`orderNo`,`url`,`parent_id`,`level`,`defaultvalue`,`type`,`value`) values ('0783235f-fc53-4425-9785-03daeb81db24','2013-12-11 16:15:39','core_system_user',NULL,'用户管理',6,'/core/system/user/','dff3be1c-c0f0-4c10-932c-6d86acc3770a',3,NULL,NULL,NULL),('0afa9329-2de2-4dbd-94e3-580e86f0292d','2013-12-05 09:52:42','core_system_authority',NULL,'权限信息',2,'/core/system/authority/','dff3be1c-c0f0-4c10-932c-6d86acc3770a',3,NULL,NULL,NULL),('11733f2b-7843-452e-b374-db03837d1c8a','2013-12-05 09:51:54','core_system_appcode',NULL,'码表管理',1,'/core/system/appcode/','dff3be1c-c0f0-4c10-932c-6d86acc3770a',3,NULL,NULL,NULL),('1c15b164-609d-47de-8f24-fc10fc4bd186','2013-12-05 09:44:19','core_system_menu',NULL,'菜单管理',3,'/core/system/menu/','dff3be1c-c0f0-4c10-932c-6d86acc3770a',3,NULL,NULL,NULL),('3da8f520-5967-4a11-b852-7e2f8d71028d','2013-11-28 23:48:35','core',NULL,'基础信息',1,'',NULL,1,NULL,NULL,NULL),('4a9d07c0-f0b1-46dc-8469-892da474bb64','2014-05-05 09:08:47','cms_back',NULL,'后台管理',1,'/cms/back/','f87ae248-615b-414c-a1ba-9984f5a76f21',2,NULL,NULL,NULL),('85442fc8-59a7-4b5d-bb4d-2f0a44b6b6a4','2014-05-05 09:12:19','cms_back_site',NULL,'站点设置',1,'/cms/back/site/','4a9d07c0-f0b1-46dc-8469-892da474bb64',3,NULL,NULL,NULL),('b856c129-0c79-49e3-9560-f431ea6d0ce0','2014-05-05 09:50:32','cms_back_cat',NULL,'栏目管理',2,'/cms/back/cat/?siteId=1','4a9d07c0-f0b1-46dc-8469-892da474bb64',3,NULL,NULL,NULL),('b8c6b310-4fd9-4e88-baba-876879b86efd','2014-05-05 09:18:20','cms_back_info',NULL,'信息管理',3,'/cms/back/info/','4a9d07c0-f0b1-46dc-8469-892da474bb64',3,NULL,NULL,NULL),('c7d94dab-5ecb-4285-ba5c-78d2a167f088','2013-12-11 16:15:58','core_system_role',NULL,'角色管理',5,'/core/system/role/','dff3be1c-c0f0-4c10-932c-6d86acc3770a',3,NULL,NULL,NULL),('dc9a46f0-88fb-4f48-8722-f62d0d2f3536','2013-12-05 10:55:31','core_system_backup',NULL,'系统备份',4,'/core/system/backup/','dff3be1c-c0f0-4c10-932c-6d86acc3770a',3,NULL,NULL,NULL),('dff3be1c-c0f0-4c10-932c-6d86acc3770a','2013-12-05 10:04:47','core_system',NULL,'系统设置',1,'/core/system/','3da8f520-5967-4a11-b852-7e2f8d71028d',2,NULL,NULL,NULL),('e15524ce-92de-44d0-91c0-85131ec36677','2014-05-13 10:55:52','cms_back_generate',NULL,'静态化',5,'/cms/back/generate/?siteId=1','4a9d07c0-f0b1-46dc-8469-892da474bb64',3,NULL,NULL,NULL),('f87ae248-615b-414c-a1ba-9984f5a76f21','2014-05-05 09:16:33','cms',NULL,'内容管理',1,'','0783235f-fc53-4425-9785-03daeb81db24',1,NULL,NULL,NULL);

/*Table structure for table `base_message` */

DROP TABLE IF EXISTS `base_message`;

CREATE TABLE `base_message` (
  `id` varchar(36) NOT NULL,
  `timestamp` datetime DEFAULT NULL,
  `content` varchar(500) DEFAULT NULL,
  `recevie_userids` varchar(100) DEFAULT NULL,
  `recevie_usernames` varchar(200) DEFAULT NULL,
  `sendDate` datetime DEFAULT NULL,
  `senddelete` tinyint(1) DEFAULT NULL,
  `success` tinyint(1) DEFAULT NULL,
  `title` varchar(100) DEFAULT NULL,
  `send_userid` varchar(36) DEFAULT NULL,
  PRIMARY KEY (`id`),
  KEY `FK5E214C9972BD95CB` (`send_userid`),
  CONSTRAINT `FK5E214C9972BD95CB` FOREIGN KEY (`send_userid`) REFERENCES `base_userbasic` (`id`)
) ENGINE=InnoDB DEFAULT CHARSET=utf8;

/*Data for the table `base_message` */

/*Table structure for table `base_operation` */

DROP TABLE IF EXISTS `base_operation`;

CREATE TABLE `base_operation` (
  `id` varchar(36) NOT NULL,
  `timestamp` datetime DEFAULT NULL,
  `creattime` datetime DEFAULT NULL,
  `info` varchar(200) DEFAULT NULL,
  `ip` varchar(30) DEFAULT NULL,
  `model` varchar(30) DEFAULT NULL,
  `operation` varchar(50) DEFAULT NULL,
  `parameter` varchar(50) DEFAULT NULL,
  `success` tinyint(1) DEFAULT NULL,
  `username` varchar(50) DEFAULT NULL,
  PRIMARY KEY (`id`)
) ENGINE=InnoDB DEFAULT CHARSET=utf8;

/*Data for the table `base_operation` */

/*Table structure for table `base_posion` */

DROP TABLE IF EXISTS `base_posion`;

CREATE TABLE `base_posion` (
  `id` varchar(36) NOT NULL,
  `timestamp` datetime DEFAULT NULL,
  `info` varchar(80) DEFAULT NULL,
  `name` varchar(50) DEFAULT NULL,
  `adminrank_id` varchar(36) DEFAULT NULL,
  PRIMARY KEY (`id`),
  KEY `FK8CD5AE6228CA3FE5` (`adminrank_id`),
  CONSTRAINT `FK8CD5AE6228CA3FE5` FOREIGN KEY (`adminrank_id`) REFERENCES `base_adminrank` (`id`)
) ENGINE=InnoDB DEFAULT CHARSET=utf8;

/*Data for the table `base_posion` */

/*Table structure for table `base_recevie_message` */

DROP TABLE IF EXISTS `base_recevie_message`;

CREATE TABLE `base_recevie_message` (
  `id` varchar(36) NOT NULL,
  `timestamp` datetime DEFAULT NULL,
  `hasread` tinyint(1) DEFAULT NULL,
  `messages_id` varchar(36) DEFAULT NULL,
  `recevie_userid` varchar(36) DEFAULT NULL,
  PRIMARY KEY (`id`),
  KEY `FKED2D7677AB6B94EF` (`messages_id`),
  KEY `FKED2D7677B1CFA196` (`recevie_userid`),
  CONSTRAINT `FKED2D7677AB6B94EF` FOREIGN KEY (`messages_id`) REFERENCES `base_message` (`id`),
  CONSTRAINT `FKED2D7677B1CFA196` FOREIGN KEY (`recevie_userid`) REFERENCES `base_userbasic` (`id`)
) ENGINE=InnoDB DEFAULT CHARSET=utf8;

/*Data for the table `base_recevie_message` */

/*Table structure for table `base_report` */

DROP TABLE IF EXISTS `base_report`;

CREATE TABLE `base_report` (
  `id` varchar(36) NOT NULL,
  `timestamp` datetime DEFAULT NULL,
  `fileurl` varchar(50) DEFAULT NULL,
  `groups` varchar(100) DEFAULT NULL,
  `show_page_number` tinyint(1) DEFAULT NULL,
  `sqlstring` varchar(500) DEFAULT NULL,
  `sqltype` varchar(10) DEFAULT NULL,
  `subtotals` varchar(50) DEFAULT NULL,
  `title` varchar(255) DEFAULT NULL,
  `name` varchar(50) DEFAULT NULL,
  `templatepath` varchar(100) DEFAULT NULL,
  `templatesrc` varchar(100) DEFAULT NULL,
  PRIMARY KEY (`id`)
) ENGINE=InnoDB DEFAULT CHARSET=utf8;

/*Data for the table `base_report` */

insert  into `base_report`(`id`,`timestamp`,`fileurl`,`groups`,`show_page_number`,`sqlstring`,`sqltype`,`subtotals`,`title`,`name`,`templatepath`,`templatesrc`) values ('05379661-b697-4ac6-af64-a8f6411e806d','2013-04-18 12:34:45',NULL,NULL,0,'select * from c_company','JDBC',NULL,'test',NULL,NULL,NULL),('28dc0fc6-f40b-41c6-9e98-0dc66178fd46','2013-04-18 12:33:51',NULL,NULL,0,'select * from c_company','JDBC',NULL,'test',NULL,NULL,NULL),('468c8b5d-cb42-41ac-aaa1-32eadbd42de3','2013-04-18 12:35:43',NULL,NULL,0,'select * from c_company','JDBC',NULL,'ttt',NULL,NULL,NULL);

/*Table structure for table `base_report_column` */

DROP TABLE IF EXISTS `base_report_column`;

CREATE TABLE `base_report_column` (
  `id` varchar(36) NOT NULL,
  `timestamp` datetime DEFAULT NULL,
  `name` varchar(50) DEFAULT NULL,
  `patter` varchar(30) DEFAULT NULL,
  `title` varchar(50) DEFAULT NULL,
  `type` varchar(20) DEFAULT NULL,
  `report_id` varchar(36) DEFAULT NULL,
  PRIMARY KEY (`id`),
  KEY `FK22210FD345E388C4` (`report_id`),
  CONSTRAINT `FK22210FD345E388C4` FOREIGN KEY (`report_id`) REFERENCES `base_report` (`id`)
) ENGINE=InnoDB DEFAULT CHARSET=utf8;

/*Data for the table `base_report_column` */

/*Table structure for table `base_report_parameter` */

DROP TABLE IF EXISTS `base_report_parameter`;

CREATE TABLE `base_report_parameter` (
  `id` varchar(36) NOT NULL,
  `timestamp` datetime DEFAULT NULL,
  `default_value` varchar(20) DEFAULT NULL,
  `fromtype` int(11) DEFAULT NULL,
  `inorout` int(11) DEFAULT NULL,
  `name` varchar(30) DEFAULT NULL,
  `resoucename` varchar(50) DEFAULT NULL,
  `type` int(11) DEFAULT NULL,
  `value` varchar(20) DEFAULT NULL,
  `report_id` varchar(36) DEFAULT NULL,
  PRIMARY KEY (`id`),
  KEY `FK99DBCA0C9388552F` (`report_id`),
  CONSTRAINT `FK99DBCA0C9388552F` FOREIGN KEY (`report_id`) REFERENCES `base_report` (`id`)
) ENGINE=InnoDB DEFAULT CHARSET=utf8;

/*Data for the table `base_report_parameter` */

/*Table structure for table `base_roles_authority` */

DROP TABLE IF EXISTS `base_roles_authority`;

CREATE TABLE `base_roles_authority` (
  `id` varchar(36) NOT NULL,
  `timestamp` datetime DEFAULT NULL,
  `authority_id` varchar(36) DEFAULT NULL,
  `rolesinfo_id` varchar(36) DEFAULT NULL,
  PRIMARY KEY (`id`),
  KEY `FKEC5FA2D3F24226C5` (`authority_id`),
  KEY `FKEC5FA2D320EC65C5` (`rolesinfo_id`),
  CONSTRAINT `FKEC5FA2D320EC65C5` FOREIGN KEY (`rolesinfo_id`) REFERENCES `base_rolesinfo` (`id`),
  CONSTRAINT `FKEC5FA2D3F24226C5` FOREIGN KEY (`authority_id`) REFERENCES `base_authority` (`id`)
) ENGINE=InnoDB DEFAULT CHARSET=utf8;

/*Data for the table `base_roles_authority` */

insert  into `base_roles_authority`(`id`,`timestamp`,`authority_id`,`rolesinfo_id`) values ('02a5b5c6-899e-47c8-b041-4df01e524c0a','2013-12-08 23:14:04','4f43ad87-5b79-42c5-a3e6-82b99c015113','feb30014-0ada-4644-b2a0-c94febb05099'),('044dfb5c-b38f-4a1c-97ac-53aeb6a4ecda','2013-12-08 23:14:04','0e419b03-4cf3-486b-9e42-1d8a6e357fc2','feb30014-0ada-4644-b2a0-c94febb05099'),('0458bf9b-60cd-42a7-bf11-716117d1a3b5','2013-12-08 23:14:04','f410ac55-d595-4303-9277-9f7b2f80a616','feb30014-0ada-4644-b2a0-c94febb05099'),('0ae4d944-8fad-4094-9a28-05cd43d39def','2013-12-08 23:14:04','19bd25c8-ec1e-40b2-97f8-43e06d7ea2d3','feb30014-0ada-4644-b2a0-c94febb05099'),('1cbe12f6-076f-4a26-bea4-41dd6fd4bd5b','2013-12-08 23:14:04','527ca070-013d-441c-b4e4-8a6efcddba24','feb30014-0ada-4644-b2a0-c94febb05099'),('30c3a8fb-cf55-43d5-9265-8957825b4610','2013-03-26 22:22:03','0d85fd22-9bf3-458b-b39d-8396556c97b9','feb30014-0ada-4644-b2a0-c94febb05099'),('4147984b-87b3-4664-a3ca-44a5b9a056b2','2013-03-26 22:22:03','0e419b03-4cf3-486b-9e42-1d8a6e357fc2','feb30014-0ada-4644-b2a0-c94febb05099'),('448651e5-40f1-4c3a-a1ca-01779c7fde70','2013-12-08 23:14:04','f744cbe3-a214-4038-9492-98e1112256ce','feb30014-0ada-4644-b2a0-c94febb05099'),('7503ff98-4cfa-4be6-a34c-1b0b8a2d299c','2013-12-08 23:14:04','0d85fd22-9bf3-458b-b39d-8396556c97b9','feb30014-0ada-4644-b2a0-c94febb05099'),('7a8ee732-5a3d-4013-abef-75eb9249fe91','2013-12-08 23:14:04','a05f6413-b8e8-4908-97ca-f77167e34e0d','feb30014-0ada-4644-b2a0-c94febb05099'),('8f536527-6886-4107-a362-65d5f24dc0b1','2013-12-08 23:14:04','e415527e-7386-4898-92fc-9259773c9775','feb30014-0ada-4644-b2a0-c94febb05099'),('a05d2219-8fa8-47e7-b76d-370157906a01','2013-03-26 22:22:03','a05f6413-b8e8-4908-97ca-f77167e34e0d','feb30014-0ada-4644-b2a0-c94febb05099'),('c26f8bf1-2418-4e9f-85b7-05c480f4ed31','2013-12-08 23:14:04','87eea6d0-0394-4867-9e8c-17c5faf1467f','feb30014-0ada-4644-b2a0-c94febb05099'),('e7748529-0e2a-4390-b3f7-abaf0bb24b9c','2013-12-08 23:14:04','334da743-67c3-4448-8655-9f9fd0e8eb92','feb30014-0ada-4644-b2a0-c94febb05099'),('fb991614-7c7b-4dbe-8ac4-576f1f2c93cc','2013-12-08 23:14:04','29d685fe-08b8-4c30-8656-81b3d9d6bc04','feb30014-0ada-4644-b2a0-c94febb05099'),('fd84b28e-c199-4a7c-a692-99c1316a6be1','2013-12-08 23:14:04','cf5cec88-1331-479a-a6fc-2297e8f29d38','feb30014-0ada-4644-b2a0-c94febb05099');

/*Table structure for table `base_roles_authority_rules` */

DROP TABLE IF EXISTS `base_roles_authority_rules`;

CREATE TABLE `base_roles_authority_rules` (
  `roles_auth_id` varchar(36) NOT NULL,
  `rules_id` varchar(36) NOT NULL,
  PRIMARY KEY (`roles_auth_id`,`rules_id`),
  KEY `FKDCFAA48B1557DF93` (`rules_id`),
  KEY `FKDCFAA48BF7B7738B` (`roles_auth_id`),
  CONSTRAINT `FKDCFAA48B1557DF93` FOREIGN KEY (`rules_id`) REFERENCES `base_rulesinfo` (`id`),
  CONSTRAINT `FKDCFAA48BF7B7738B` FOREIGN KEY (`roles_auth_id`) REFERENCES `base_roles_authority` (`id`)
) ENGINE=InnoDB DEFAULT CHARSET=utf8;

/*Data for the table `base_roles_authority_rules` */

/*Table structure for table `base_rolesinfo` */

DROP TABLE IF EXISTS `base_rolesinfo`;

CREATE TABLE `base_rolesinfo` (
  `id` varchar(36) NOT NULL,
  `timestamp` datetime DEFAULT NULL,
  `rolename` varchar(50) DEFAULT NULL,
  `rolesinfo` varchar(50) DEFAULT NULL,
  PRIMARY KEY (`id`)
) ENGINE=InnoDB DEFAULT CHARSET=utf8;

/*Data for the table `base_rolesinfo` */

insert  into `base_rolesinfo`(`id`,`timestamp`,`rolename`,`rolesinfo`) values ('ddab7699-c7d7-4fee-a2d7-135aef9fea70','2013-03-30 13:51:35','user',NULL),('feb30014-0ada-4644-b2a0-c94febb05099','2013-03-26 22:13:15','admin',NULL);

/*Table structure for table `base_rulesinfo` */

DROP TABLE IF EXISTS `base_rulesinfo`;

CREATE TABLE `base_rulesinfo` (
  `id` varchar(36) NOT NULL,
  `timestamp` datetime DEFAULT NULL,
  `info` varchar(20) DEFAULT NULL,
  `name` varchar(20) DEFAULT NULL,
  `type` varchar(10) DEFAULT NULL,
  `value` varchar(30) DEFAULT NULL,
  `expression` varchar(255) DEFAULT NULL,
  `value_from` varchar(255) DEFAULT NULL,
  PRIMARY KEY (`id`)
) ENGINE=InnoDB DEFAULT CHARSET=utf8;

/*Data for the table `base_rulesinfo` */

insert  into `base_rulesinfo`(`id`,`timestamp`,`info`,`name`,`type`,`value`,`expression`,`value_from`) values ('ea1b513b-ad16-4aa6-92ec-af178ecf10c1','2013-03-26 22:10:19','用户ACL','USERACL','USER_ACL','USERACL',NULL,NULL);

/*Table structure for table `base_systemconfig` */

DROP TABLE IF EXISTS `base_systemconfig`;

CREATE TABLE `base_systemconfig` (
  `id` varchar(36) NOT NULL,
  `timestamp` datetime DEFAULT NULL,
  `description` varchar(50) DEFAULT NULL,
  `privilage` int(11) DEFAULT NULL,
  `propertyname` varchar(50) DEFAULT NULL,
  `propertyvalue` varchar(50) DEFAULT NULL,
  PRIMARY KEY (`id`)
) ENGINE=InnoDB DEFAULT CHARSET=utf8;

/*Data for the table `base_systemconfig` */

/*Table structure for table `base_user_roles` */

DROP TABLE IF EXISTS `base_user_roles`;

CREATE TABLE `base_user_roles` (
  `user_id` varchar(36) NOT NULL,
  `role_id` varchar(36) NOT NULL,
  PRIMARY KEY (`user_id`,`role_id`),
  KEY `FKDD1B2B77CAA1825A` (`role_id`),
  KEY `FKDD1B2B776D4A2D1D` (`user_id`),
  CONSTRAINT `FKDD1B2B776D4A2D1D` FOREIGN KEY (`user_id`) REFERENCES `base_userbasic` (`id`),
  CONSTRAINT `FKDD1B2B77CAA1825A` FOREIGN KEY (`role_id`) REFERENCES `base_rolesinfo` (`id`)
) ENGINE=InnoDB DEFAULT CHARSET=utf8;

/*Data for the table `base_user_roles` */

/*Table structure for table `base_userbasic` */

DROP TABLE IF EXISTS `base_userbasic`;

CREATE TABLE `base_userbasic` (
  `id` varchar(36) NOT NULL,
  `timestamp` datetime DEFAULT NULL,
  `locked` tinyint(1) DEFAULT NULL,
  `email` varchar(50) DEFAULT NULL,
  `enabled` tinyint(1) DEFAULT NULL,
  `online` tinyint(1) DEFAULT NULL,
  `loginname` varchar(50) DEFAULT NULL,
  `name` varchar(30) DEFAULT NULL,
  `password` varchar(50) DEFAULT NULL,
  `group_id` varchar(36) DEFAULT NULL,
  `position_id` varchar(36) DEFAULT NULL,
  PRIMARY KEY (`id`),
  KEY `FKC533FF5529388E93` (`group_id`),
  KEY `FKC533FF551F54ABCF` (`position_id`),
  CONSTRAINT `FKC533FF551F54ABCF` FOREIGN KEY (`position_id`) REFERENCES `base_posion` (`id`),
  CONSTRAINT `FKC533FF5529388E93` FOREIGN KEY (`group_id`) REFERENCES `base_groupinfo` (`id`)
) ENGINE=InnoDB DEFAULT CHARSET=utf8;

/*Data for the table `base_userbasic` */

insert  into `base_userbasic`(`id`,`timestamp`,`locked`,`email`,`enabled`,`online`,`loginname`,`name`,`password`,`group_id`,`position_id`) values ('a29ec7cf-3f21-4d53-9243-a3f536b166e5','2013-03-26 22:46:47',NULL,'wang@gmail.com',1,NULL,'wang','wang','b2bcd9d8e43a341e843bbb422cdfd8e08540b7e9','1',NULL);

/*Table structure for table `base_userinfo` */

DROP TABLE IF EXISTS `base_userinfo`;

CREATE TABLE `base_userinfo` (
  `id` varchar(36) NOT NULL,
  `timestamp` datetime DEFAULT NULL,
  `address` varchar(50) DEFAULT NULL,
  `lastlogin_ip` varchar(20) DEFAULT NULL,
  `lastlogin_time` datetime DEFAULT NULL,
  `logintotal` int(11) DEFAULT NULL,
  `mobilephone` varchar(20) DEFAULT NULL,
  `phone` varchar(30) DEFAULT NULL,
  `photo` varchar(50) DEFAULT NULL,
  `qq` varchar(255) DEFAULT NULL,
  `totaltime` int(11) DEFAULT NULL,
  `userbasec_id` varchar(36) DEFAULT NULL,
  PRIMARY KEY (`id`),
  KEY `FK71BAB8A7DDD9D8A1` (`userbasec_id`),
  CONSTRAINT `FK71BAB8A7DDD9D8A1` FOREIGN KEY (`userbasec_id`) REFERENCES `base_userbasic` (`id`)
) ENGINE=InnoDB DEFAULT CHARSET=utf8;

/*Data for the table `base_userinfo` */

/*Table structure for table `basic_roles_authority_rules` */

DROP TABLE IF EXISTS `basic_roles_authority_rules`;

CREATE TABLE `basic_roles_authority_rules` (
  `ROLES_AUTH_ID` varchar(36) NOT NULL,
  `RULES_ID` varchar(36) NOT NULL,
  PRIMARY KEY (`ROLES_AUTH_ID`,`RULES_ID`),
  KEY `FK8E7635A81557DF93` (`RULES_ID`),
  KEY `FK8E7635A8F7B7738B` (`ROLES_AUTH_ID`),
  CONSTRAINT `FK8E7635A81557DF93` FOREIGN KEY (`RULES_ID`) REFERENCES `base_rulesinfo` (`id`),
  CONSTRAINT `FK8E7635A8F7B7738B` FOREIGN KEY (`ROLES_AUTH_ID`) REFERENCES `base_roles_authority` (`id`)
) ENGINE=InnoDB DEFAULT CHARSET=utf8;

/*Data for the table `basic_roles_authority_rules` */

insert  into `basic_roles_authority_rules`(`ROLES_AUTH_ID`,`RULES_ID`) values ('30c3a8fb-cf55-43d5-9265-8957825b4610','ea1b513b-ad16-4aa6-92ec-af178ecf10c1'),('4147984b-87b3-4664-a3ca-44a5b9a056b2','ea1b513b-ad16-4aa6-92ec-af178ecf10c1'),('a05d2219-8fa8-47e7-b76d-370157906a01','ea1b513b-ad16-4aa6-92ec-af178ecf10c1');

/*Table structure for table `basic_user_roles` */

DROP TABLE IF EXISTS `basic_user_roles`;

CREATE TABLE `basic_user_roles` (
  `USER_ID` varchar(36) NOT NULL,
  `ROLE_ID` varchar(36) NOT NULL,
  PRIMARY KEY (`USER_ID`,`ROLE_ID`),
  KEY `FK41BA9DFACAA1825A` (`ROLE_ID`),
  KEY `FK41BA9DFA6D4A2D1D` (`USER_ID`),
  CONSTRAINT `FK41BA9DFA6D4A2D1D` FOREIGN KEY (`USER_ID`) REFERENCES `base_userbasic` (`id`),
  CONSTRAINT `FK41BA9DFACAA1825A` FOREIGN KEY (`ROLE_ID`) REFERENCES `base_rolesinfo` (`id`)
) ENGINE=InnoDB DEFAULT CHARSET=utf8;

/*Data for the table `basic_user_roles` */

insert  into `basic_user_roles`(`USER_ID`,`ROLE_ID`) values ('a29ec7cf-3f21-4d53-9243-a3f536b166e5','feb30014-0ada-4644-b2a0-c94febb05099');

/*Table structure for table `book` */

DROP TABLE IF EXISTS `book`;

CREATE TABLE `book` (
  `id` int(11) NOT NULL,
  `bookName` varchar(255) DEFAULT NULL,
  `users_id` int(11) DEFAULT NULL,
  PRIMARY KEY (`id`),
  KEY `FK2E3AE918A8F816` (`users_id`),
  CONSTRAINT `FK2E3AE918A8F816` FOREIGN KEY (`users_id`) REFERENCES `users` (`id`)
) ENGINE=InnoDB DEFAULT CHARSET=utf8;

/*Data for the table `book` */

/*Table structure for table `booleanexpression` */

DROP TABLE IF EXISTS `booleanexpression`;

CREATE TABLE `booleanexpression` (
  `id` bigint(20) NOT NULL AUTO_INCREMENT,
  `expression` longtext,
  `type` varchar(255) DEFAULT NULL,
  `Escalation_Constraints_Id` bigint(20) DEFAULT NULL,
  PRIMARY KEY (`id`),
  KEY `FKE3D208C0AFB75F7D` (`Escalation_Constraints_Id`),
  CONSTRAINT `FKE3D208C0AFB75F7D` FOREIGN KEY (`Escalation_Constraints_Id`) REFERENCES `escalation` (`id`)
) ENGINE=InnoDB DEFAULT CHARSET=utf8;

/*Data for the table `booleanexpression` */

/*Table structure for table `c_business_record` */

DROP TABLE IF EXISTS `c_business_record`;

CREATE TABLE `c_business_record` (
  `id` varchar(36) NOT NULL,
  `timestamp` datetime DEFAULT NULL,
  `creat_date` datetime DEFAULT NULL,
  `last_modify_date` datetime DEFAULT NULL,
  `amount` int(11) DEFAULT NULL,
  `billno` varchar(50) DEFAULT NULL,
  `dealtime` datetime DEFAULT NULL,
  `status` int(11) DEFAULT NULL,
  `type` int(11) DEFAULT NULL,
  `creat_user` varchar(36) DEFAULT NULL,
  `last_modify_user` varchar(36) DEFAULT NULL,
  `customer_id` varchar(36) DEFAULT NULL,
  `userbasic_id` varchar(36) DEFAULT NULL,
  PRIMARY KEY (`id`),
  KEY `FKDDC0A1D4C76660CF` (`creat_user`),
  KEY `FKDDC0A1D4CF9F8F15` (`last_modify_user`),
  KEY `FKDDC0A1D43610973C` (`customer_id`),
  KEY `FKDDC0A1D4DE1236A5` (`userbasic_id`),
  CONSTRAINT `FKDDC0A1D43610973C` FOREIGN KEY (`customer_id`) REFERENCES `c_customer` (`id`),
  CONSTRAINT `FKDDC0A1D4C76660CF` FOREIGN KEY (`creat_user`) REFERENCES `base_userbasic` (`id`),
  CONSTRAINT `FKDDC0A1D4CF9F8F15` FOREIGN KEY (`last_modify_user`) REFERENCES `base_userbasic` (`id`),
  CONSTRAINT `FKDDC0A1D4DE1236A5` FOREIGN KEY (`userbasic_id`) REFERENCES `base_userbasic` (`id`)
) ENGINE=InnoDB DEFAULT CHARSET=utf8;

/*Data for the table `c_business_record` */

/*Table structure for table `c_contacts` */

DROP TABLE IF EXISTS `c_contacts`;

CREATE TABLE `c_contacts` (
  `id` varchar(36) NOT NULL,
  `timestamp` datetime DEFAULT NULL,
  `creat_date` datetime DEFAULT NULL,
  `last_modify_date` datetime DEFAULT NULL,
  `age` int(11) DEFAULT NULL,
  `customerNo` varchar(10) DEFAULT NULL,
  `email` varchar(50) DEFAULT NULL,
  `home_address` varchar(100) DEFAULT NULL,
  `homephone` varchar(20) DEFAULT NULL,
  `marray` int(11) DEFAULT NULL,
  `mophone` varchar(20) DEFAULT NULL,
  `name` varchar(20) DEFAULT NULL,
  `postion` varchar(10) DEFAULT NULL,
  `sex` tinyint(1) DEFAULT NULL,
  `status` tinyint(1) DEFAULT NULL,
  `work_address` varchar(100) DEFAULT NULL,
  `workphone` varchar(20) DEFAULT NULL,
  `creat_user` varchar(36) DEFAULT NULL,
  `last_modify_user` varchar(36) DEFAULT NULL,
  `contactsinfo_id` varchar(36) DEFAULT NULL,
  `customer_id` varchar(36) DEFAULT NULL,
  `follow_userid` varchar(36) DEFAULT NULL,
  PRIMARY KEY (`id`),
  KEY `FK5BF950AFC76660CF` (`creat_user`),
  KEY `FK5BF950AFCF9F8F15` (`last_modify_user`),
  KEY `FK5BF950AFA782537C` (`contactsinfo_id`),
  KEY `FK5BF950AF3610973C` (`customer_id`),
  KEY `FK5BF950AFB6B4D982` (`follow_userid`),
  CONSTRAINT `FK5BF950AF3610973C` FOREIGN KEY (`customer_id`) REFERENCES `c_customer` (`id`),
  CONSTRAINT `FK5BF950AFA782537C` FOREIGN KEY (`contactsinfo_id`) REFERENCES `c_contacts_info` (`id`),
  CONSTRAINT `FK5BF950AFB6B4D982` FOREIGN KEY (`follow_userid`) REFERENCES `base_userbasic` (`id`),
  CONSTRAINT `FK5BF950AFC76660CF` FOREIGN KEY (`creat_user`) REFERENCES `base_userbasic` (`id`),
  CONSTRAINT `FK5BF950AFCF9F8F15` FOREIGN KEY (`last_modify_user`) REFERENCES `base_userbasic` (`id`)
) ENGINE=InnoDB DEFAULT CHARSET=utf8;

/*Data for the table `c_contacts` */

/*Table structure for table `c_contacts_info` */

DROP TABLE IF EXISTS `c_contacts_info`;

CREATE TABLE `c_contacts_info` (
  `id` varchar(36) NOT NULL,
  `timestamp` datetime DEFAULT NULL,
  `creat_date` datetime DEFAULT NULL,
  `last_modify_date` datetime DEFAULT NULL,
  `area` varchar(30) DEFAULT NULL,
  `carNumber` varchar(20) DEFAULT NULL,
  `childInfo` varchar(50) DEFAULT NULL,
  `childrenNumber` int(11) DEFAULT NULL,
  `city` varchar(30) DEFAULT NULL,
  `idno` varchar(30) DEFAULT NULL,
  `idtype` varchar(10) DEFAULT NULL,
  `intrest` varchar(100) DEFAULT NULL,
  `lovething` varchar(100) DEFAULT NULL,
  `province` varchar(20) DEFAULT NULL,
  `qq` varchar(12) DEFAULT NULL,
  `remarks` varchar(255) DEFAULT NULL,
  `special` varchar(100) DEFAULT NULL,
  `wbtype` int(11) DEFAULT NULL,
  `webSite` varchar(50) DEFAULT NULL,
  `weibo` varchar(100) DEFAULT NULL,
  `creat_user` varchar(36) DEFAULT NULL,
  `last_modify_user` varchar(36) DEFAULT NULL,
  PRIMARY KEY (`id`),
  KEY `FKEB64E23EC76660CF` (`creat_user`),
  KEY `FKEB64E23ECF9F8F15` (`last_modify_user`),
  CONSTRAINT `FKEB64E23EC76660CF` FOREIGN KEY (`creat_user`) REFERENCES `base_userbasic` (`id`),
  CONSTRAINT `FKEB64E23ECF9F8F15` FOREIGN KEY (`last_modify_user`) REFERENCES `base_userbasic` (`id`)
) ENGINE=InnoDB DEFAULT CHARSET=utf8;

/*Data for the table `c_contacts_info` */

insert  into `c_contacts_info`(`id`,`timestamp`,`creat_date`,`last_modify_date`,`area`,`carNumber`,`childInfo`,`childrenNumber`,`city`,`idno`,`idtype`,`intrest`,`lovething`,`province`,`qq`,`remarks`,`special`,`wbtype`,`webSite`,`weibo`,`creat_user`,`last_modify_user`) values ('7954065c-1110-4af9-913d-90a5f5d20d25','2013-04-16 22:49:16','2013-04-16 22:49:16','2013-04-16 22:49:16',NULL,NULL,NULL,NULL,NULL,NULL,NULL,NULL,NULL,NULL,NULL,NULL,NULL,NULL,NULL,NULL,'a29ec7cf-3f21-4d53-9243-a3f536b166e5','a29ec7cf-3f21-4d53-9243-a3f536b166e5');

/*Table structure for table `c_contacts_vist` */

DROP TABLE IF EXISTS `c_contacts_vist`;

CREATE TABLE `c_contacts_vist` (
  `id` varchar(36) NOT NULL,
  `timestamp` datetime DEFAULT NULL,
  `creat_date` datetime DEFAULT NULL,
  `last_modify_date` datetime DEFAULT NULL,
  `content` varchar(255) DEFAULT NULL,
  `feedback` varchar(255) DEFAULT NULL,
  `remarks` varchar(255) DEFAULT NULL,
  `result` varchar(255) DEFAULT NULL,
  `visitType` int(11) DEFAULT NULL,
  `vistTime` datetime DEFAULT NULL,
  `creat_user` varchar(36) DEFAULT NULL,
  `last_modify_user` varchar(36) DEFAULT NULL,
  `contacts_id` varchar(36) DEFAULT NULL,
  `userbasic_id` varchar(36) DEFAULT NULL,
  PRIMARY KEY (`id`),
  KEY `FKEB6AB9E4C76660CF` (`creat_user`),
  KEY `FKEB6AB9E4CF9F8F15` (`last_modify_user`),
  KEY `FKEB6AB9E45C39C71C` (`contacts_id`),
  KEY `FKEB6AB9E4DE1236A5` (`userbasic_id`),
  CONSTRAINT `FKEB6AB9E45C39C71C` FOREIGN KEY (`contacts_id`) REFERENCES `c_contacts` (`id`),
  CONSTRAINT `FKEB6AB9E4C76660CF` FOREIGN KEY (`creat_user`) REFERENCES `base_userbasic` (`id`),
  CONSTRAINT `FKEB6AB9E4CF9F8F15` FOREIGN KEY (`last_modify_user`) REFERENCES `base_userbasic` (`id`),
  CONSTRAINT `FKEB6AB9E4DE1236A5` FOREIGN KEY (`userbasic_id`) REFERENCES `base_userbasic` (`id`)
) ENGINE=InnoDB DEFAULT CHARSET=utf8;

/*Data for the table `c_contacts_vist` */

/*Table structure for table `c_customer` */

DROP TABLE IF EXISTS `c_customer`;

CREATE TABLE `c_customer` (
  `id` varchar(36) NOT NULL,
  `timestamp` datetime DEFAULT NULL,
  `creat_date` datetime DEFAULT NULL,
  `last_modify_date` datetime DEFAULT NULL,
  `level` int(11) DEFAULT NULL,
  `type` int(11) DEFAULT NULL,
  `creat_user` varchar(36) DEFAULT NULL,
  `last_modify_user` varchar(36) DEFAULT NULL,
  `company_id` varchar(36) DEFAULT NULL,
  PRIMARY KEY (`id`),
  KEY `FKA1ED703AC76660CF` (`creat_user`),
  KEY `FKA1ED703ACF9F8F15` (`last_modify_user`),
  KEY `FKA1ED703AE914DA18` (`company_id`),
  CONSTRAINT `FKA1ED703AC76660CF` FOREIGN KEY (`creat_user`) REFERENCES `base_userbasic` (`id`),
  CONSTRAINT `FKA1ED703ACF9F8F15` FOREIGN KEY (`last_modify_user`) REFERENCES `base_userbasic` (`id`),
  CONSTRAINT `FKA1ED703AE914DA18` FOREIGN KEY (`company_id`) REFERENCES `c_company` (`id`)
) ENGINE=InnoDB DEFAULT CHARSET=utf8;

/*Data for the table `c_customer` */

insert  into `c_customer`(`id`,`timestamp`,`creat_date`,`last_modify_date`,`level`,`type`,`creat_user`,`last_modify_user`,`company_id`) values ('4598d38e-8e56-43c0-81c4-d5da37a7aeb5','2013-07-10 22:10:57','2013-07-10 22:10:57','2013-07-10 22:10:57',2,1,'a29ec7cf-3f21-4d53-9243-a3f536b166e5','a29ec7cf-3f21-4d53-9243-a3f536b166e5','df1c165e-8941-4051-bb51-ae8dfefba2b4');

/*Table structure for table `c_relation_contanct` */

DROP TABLE IF EXISTS `c_relation_contanct`;

CREATE TABLE `c_relation_contanct` (
  `id` varchar(36) NOT NULL,
  `timestamp` datetime DEFAULT NULL,
  `creat_date` datetime DEFAULT NULL,
  `last_modify_date` datetime DEFAULT NULL,
  `contactinfo` varchar(100) DEFAULT NULL,
  `name` varchar(20) DEFAULT NULL,
  `relation_type` varchar(10) DEFAULT NULL,
  `sex` tinyint(1) DEFAULT NULL,
  `creat_user` varchar(36) DEFAULT NULL,
  `last_modify_user` varchar(36) DEFAULT NULL,
  `contacts_id` varchar(36) DEFAULT NULL,
  PRIMARY KEY (`id`),
  KEY `FK8858F197C76660CF` (`creat_user`),
  KEY `FK8858F197CF9F8F15` (`last_modify_user`),
  KEY `FK8858F197D2034D6A` (`contacts_id`),
  CONSTRAINT `FK8858F197C76660CF` FOREIGN KEY (`creat_user`) REFERENCES `base_userbasic` (`id`),
  CONSTRAINT `FK8858F197CF9F8F15` FOREIGN KEY (`last_modify_user`) REFERENCES `base_userbasic` (`id`),
  CONSTRAINT `FK8858F197D2034D6A` FOREIGN KEY (`contacts_id`) REFERENCES `c_contacts_info` (`id`)
) ENGINE=InnoDB DEFAULT CHARSET=utf8;

/*Data for the table `c_relation_contanct` */

/*Table structure for table `call_record` */

DROP TABLE IF EXISTS `call_record`;

CREATE TABLE `call_record` (
  `type` varchar(50) DEFAULT NULL,
  `biginTime` datetime DEFAULT NULL,
  `totalTime` int(11) DEFAULT NULL,
  `callType` varchar(20) DEFAULT NULL,
  `tellNumber` varchar(50) DEFAULT NULL,
  `place` varchar(20) DEFAULT NULL
) ENGINE=InnoDB DEFAULT CHARSET=utf8;

/*Data for the table `call_record` */

insert  into `call_record`(`type`,`biginTime`,`totalTime`,`callType`,`tellNumber`,`place`) values ('语音电话','2013-06-02 09:01:35',94,'主叫','01051298188','北京'),('语音电话','2013-06-02 09:01:35',94,'主叫','01051298188','北京'),('语音电话','2013-06-02 09:01:35',94,'主叫','01051298188','北京'),('语音电话','2013-06-03 12:38:12',1,'主叫','15620997038','北京'),('语音电话','2013-06-03 12:55:37',76,'被叫','15620997038','北京'),('语音电话','2013-06-03 14:06:53',156,'主叫','15330277355','北京'),('语音电话','2013-06-03 14:12:36',67,'主叫','13161933706','北京'),('语音电话','2013-06-03 14:30:23',44,'主叫','58547373','北京'),('语音电话','2013-06-03 15:30:55',102,'被叫','15620997038','北京'),('语音电话','2013-06-03 15:52:01',50,'主叫','15330277355','北京'),('语音电话','2013-06-03 16:01:43',11,'被叫','15620997038','北京'),('语音电话','2013-06-03 16:04:09',62,'被叫','15620997038','北京'),('语音电话','2013-06-03 17:03:45',30,'主叫','15620997038','北京'),('语音电话','2013-06-03 17:07:56',35,'主叫','15620997038','北京'),('语音电话','2013-06-03 17:19:48',648,'被叫','02283719908','北京'),('语音电话','2013-06-03 17:37:17',17,'主叫','15620997038','北京'),('语音电话','2013-06-03 17:42:16',473,'主叫','15620997038','北京'),('语音电话','2013-06-03 17:53:32',10,'被叫','15620997038','北京'),('语音电话','2013-06-03 17:53:56',45,'主叫','15620997038','北京'),('语音电话','2013-06-03 17:54:40',61,'被叫','13161933706','北京'),('语音电话','2013-06-03 18:07:19',61,'主叫','13161933706','北京'),('语音电话','2013-06-03 18:12:37',41,'主叫','15620997038','北京'),('语音电话','2013-06-03 18:15:07',7,'主叫','13161933706','北京'),('语音电话','2013-06-03 18:38:40',72,'主叫','15620997038','北京'),('语音电话','2013-06-03 18:50:26',14,'被叫','13161933706','北京'),('语音电话','2013-06-04 08:55:27',40,'主叫','15620997038','北京'),('语音电话','2013-06-04 09:17:26',30,'被叫','15620997038','北京'),('语音电话','2013-06-04 09:23:06',21,'主叫','15620997038','北京'),('语音电话','2013-06-04 09:32:44',68,'主叫','15330277355','北京'),('语音电话','2013-06-04 09:35:05',39,'被叫','18600636689','北京'),('语音电话','2013-06-04 09:36:26',75,'主叫','15620997038','北京'),('语音电话','2013-06-04 09:59:28',44,'被叫','4001122016','北京'),('语音电话','2013-06-04 10:47:16',38,'主叫','13821281166','北京'),('语音电话','2013-06-04 10:48:28',457,'被叫','13821281166','北京'),('语音电话','2013-06-04 11:21:50',41,'被叫','15620997038','北京'),('语音电话','2013-06-04 11:23:03',285,'主叫','18902012668','北京'),('语音电话','2013-06-02 09:01:35',94,'主叫','01051298188','北京'),('语音电话','2013-06-03 12:38:12',1,'主叫','15620997038','北京'),('语音电话','2013-06-03 12:55:37',76,'被叫','15620997038','北京'),('语音电话','2013-06-03 14:06:53',156,'主叫','15330277355','北京'),('语音电话','2013-06-03 14:12:36',67,'主叫','13161933706','北京'),('语音电话','2013-06-03 14:30:23',44,'主叫','58547373','北京'),('语音电话','2013-06-03 15:30:55',102,'被叫','15620997038','北京'),('语音电话','2013-06-03 15:52:01',50,'主叫','15330277355','北京'),('语音电话','2013-06-03 16:01:43',11,'被叫','15620997038','北京'),('语音电话','2013-06-03 16:04:09',62,'被叫','15620997038','北京'),('语音电话','2013-06-03 17:03:45',30,'主叫','15620997038','北京'),('语音电话','2013-06-03 17:07:56',35,'主叫','15620997038','北京'),('语音电话','2013-06-03 17:19:48',648,'被叫','02283719908','北京'),('语音电话','2013-06-03 17:37:17',17,'主叫','15620997038','北京'),('语音电话','2013-06-03 17:42:16',473,'主叫','15620997038','北京'),('语音电话','2013-06-03 17:53:32',10,'被叫','15620997038','北京'),('语音电话','2013-06-03 17:53:56',45,'主叫','15620997038','北京'),('语音电话','2013-06-03 17:54:40',61,'被叫','13161933706','北京'),('语音电话','2013-06-03 18:07:19',61,'主叫','13161933706','北京'),('语音电话','2013-06-03 18:12:37',41,'主叫','15620997038','北京'),('语音电话','2013-06-03 18:15:07',7,'主叫','13161933706','北京'),('语音电话','2013-06-03 18:38:40',72,'主叫','15620997038','北京'),('语音电话','2013-06-03 18:50:26',14,'被叫','13161933706','北京'),('语音电话','2013-06-04 08:55:27',40,'主叫','15620997038','北京'),('语音电话','2013-06-04 09:17:26',30,'被叫','15620997038','北京'),('语音电话','2013-06-04 09:23:06',21,'主叫','15620997038','北京'),('语音电话','2013-06-04 09:32:44',68,'主叫','15330277355','北京'),('语音电话','2013-06-04 09:35:05',39,'被叫','18600636689','北京'),('语音电话','2013-06-04 09:36:26',75,'主叫','15620997038','北京'),('语音电话','2013-06-04 09:59:28',44,'被叫','4001122016','北京'),('语音电话','2013-06-04 10:47:16',38,'主叫','13821281166','北京'),('语音电话','2013-06-04 10:48:28',457,'被叫','13821281166','北京'),('语音电话','2013-06-04 11:21:50',41,'被叫','15620997038','北京'),('语音电话','2013-06-04 11:23:03',285,'主叫','18902012668','北京'),('语音电话','2013-06-04 12:08:35',0,'被叫','15620997038','北京'),('语音电话','2013-06-04 14:25:26',16,'被叫','18600636689','北京'),('语音电话','2013-06-04 15:48:44',87,'主叫','15620997038','北京'),('语音电话','2013-06-04 18:19:54',22,'主叫','15620997038','北京'),('语音电话','2013-06-04 19:48:45',44,'主叫','15620997038','北京'),('语音电话','2013-06-04 20:56:05',607,'主叫','13911033784','北京'),('语音电话','2013-06-05 08:42:25',42,'主叫','15620997038','北京'),('语音电话','2013-06-05 09:11:29',56,'主叫','15620997038','北京'),('语音电话','2013-06-05 10:52:32',75,'被叫','02285586615','北京'),('语音电话','2013-06-05 10:57:52',118,'主叫','15620997038','北京'),('语音电话','2013-06-05 15:12:08',195,'主叫','4008205555','北京'),('语音电话','2013-06-05 17:59:24',52,'主叫','15620997038','北京'),('语音电话','2013-06-05 18:23:41',33,'被叫','13889573995','北京'),('语音电话','2013-06-05 18:25:37',459,'被叫','13889573995','北京'),('语音电话','2013-06-05 18:47:02',9,'主叫','15620997038','北京'),('语音电话','2013-06-06 09:25:17',129,'主叫','18920857753','北京'),('语音电话','2013-06-06 09:28:37',107,'主叫','15822038400','北京'),('语音电话','2013-06-06 09:32:38',282,'主叫','15620997038','北京'),('语音电话','2013-06-06 17:13:28',37,'主叫','15620997038','北京'),('语音电话','2013-06-06 17:14:05',30,'被叫','02258072029','北京'),('语音电话','2013-06-06 18:33:59',17,'主叫','15620997038','北京'),('语音电话','2013-06-06 18:59:35',20,'主叫','15620997038','北京'),('语音电话','2013-06-06 19:38:36',10,'主叫','15620997038','北京'),('语音电话','2013-06-06 22:24:32',365,'被叫','15122335224','北京'),('语音电话','2013-06-06 22:30:52',32,'主叫','15122335224','北京'),('语音电话','2013-06-07 07:26:43',20,'主叫','15620997038','北京'),('语音电话','2013-06-07 07:59:24',42,'主叫','15620997038','天津'),('语音电话','2013-06-07 08:38:38',79,'主叫','15620997038','天津'),('语音电话','2013-06-07 08:40:34',51,'被叫','13622098288','天津'),('语音电话','2013-06-07 08:43:28',1,'主叫','15810587233','天津'),('语音电话','2013-06-07 08:55:04',94,'主叫','15810587233','天津'),('语音电话','2013-06-07 09:02:08',694,'被叫','13752062630','天津'),('语音电话','2013-06-07 09:14:27',38,'主叫','13072068720','天津'),('语音电话','2013-06-07 09:39:40',61,'主叫','15122335224','天津'),('语音电话','2013-06-07 09:44:17',89,'主叫','15620997038','天津'),('语音电话','2013-06-07 09:46:50',29,'主叫','15620997038','天津'),('语音电话','2013-06-07 10:05:14',30,'主叫','15620997038','天津'),('语音电话','2013-06-07 10:06:14',194,'主叫','15620997038','天津'),('语音电话','2013-06-07 10:14:48',44,'被叫','15620997038','天津'),('语音电话','2013-06-07 10:17:50',35,'被叫','15620997038','天津'),('语音电话','2013-06-07 10:23:21',71,'主叫','15122335224','天津'),('语音电话','2013-06-07 10:26:43',14,'主叫','15620997038','天津'),('语音电话','2013-06-07 12:21:56',206,'主叫','15620997038','天津'),('语音电话','2013-06-07 12:25:43',27,'主叫','15122335224','天津'),('语音电话','2013-06-07 13:44:49',188,'被叫','15620997038','天津'),('语音电话','2013-06-07 13:57:17',83,'主叫','15620997038','天津'),('语音电话','2013-06-07 16:04:22',13,'被叫','15810587233','北京'),('语音电话','2013-06-07 17:12:54',20,'主叫','15620997038','北京'),('语音电话','2013-06-08 09:55:46',78,'主叫','15620997038','北京'),('语音电话','2013-06-08 11:13:48',519,'被叫','15620997038','北京'),('语音电话','2013-06-08 13:53:32',55,'主叫','15620997038','北京'),('语音电话','2013-06-08 17:25:50',24,'主叫','15620997038','北京'),('语音电话','2013-06-08 18:37:28',20,'主叫','15620997038','北京'),('语音电话','2013-06-08 18:57:53',15,'被叫','15620997038','北京'),('语音电话','2013-06-08 19:27:35',21,'主叫','15620997038','北京'),('语音电话','2013-06-08 19:53:47',13,'主叫','15620997038','北京'),('语音电话','2013-06-09 10:29:18',142,'被叫','02138729951','北京'),('语音电话','2013-06-09 10:40:33',162,'被叫','15620997038','北京'),('语音电话','2013-06-09 10:47:22',82,'主叫','15620997038','北京'),('语音电话','2013-06-09 11:10:02',35,'被叫','02110105555','北京'),('语音电话','2013-06-09 15:31:00',59,'被叫','15620997038','北京'),('语音电话','2013-06-09 16:26:32',33,'主叫','15620997038','北京'),('语音电话','2013-06-09 17:39:04',37,'主叫','15620997038','北京'),('语音电话','2013-06-10 08:07:35',23,'主叫','15810587233','天津'),('语音电话','2013-06-10 08:37:55',67,'主叫','13072068720','天津'),('语音电话','2013-06-10 08:57:07',173,'被叫','13820805991','天津'),('语音电话','2013-06-10 09:00:16',63,'主叫','13072068720','天津'),('语音电话','2013-06-10 09:02:10',53,'主叫','13820805991','天津'),('语音电话','2013-06-10 10:00:54',52,'被叫','13820805991','天津'),('语音电话','2013-06-10 10:02:26',44,'被叫','15122335224','天津'),('语音电话','2013-06-10 10:37:35',32,'主叫','27465387','天津'),('语音电话','2013-06-10 10:38:39',44,'主叫','27465387','天津'),('语音电话','2013-06-10 11:06:16',11,'主叫','27465387','天津'),('语音电话','2013-06-10 12:28:43',32,'主叫','13072068720','天津'),('语音电话','2013-06-10 12:37:15',43,'被叫','13072098702','天津'),('语音电话','2013-06-10 15:10:47',26,'被叫','13072098702','天津'),('语音电话','2013-06-10 18:37:06',446,'被叫','13072098702','北京'),('语音电话','2013-06-11 13:29:45',32,'主叫','15810587233','北京'),('语音电话','2013-06-11 15:32:20',166,'主叫','15810587233','北京'),('语音电话','2013-06-11 18:38:10',57,'主叫','15810587233','北京'),('语音电话','2013-06-12 07:06:26',58,'被叫','15810587233','资阳'),('语音电话','2013-06-12 07:08:49',34,'主叫','15810587233','资阳'),('语音电话','2013-06-12 11:55:18',49,'主叫','15810587233','资阳'),('语音电话','2013-06-12 15:23:18',28,'主叫','15620997038','资阳'),('语音电话','2013-06-12 15:47:45',14,'主叫','15620997038','资阳'),('语音电话','2013-06-13 12:16:51',17,'主叫','15810587233','宜宾'),('语音电话','2013-06-13 15:42:04',57,'被叫','15122335224','宜宾'),('语音电话','2013-06-13 18:28:14',114,'主叫','15810587233','宜宾'),('语音电话','2013-06-13 22:28:34',10,'被叫','15611748260','宜宾'),('语音电话','2013-06-14 18:25:29',121,'主叫','01060740258','宜宾'),('语音电话','2013-06-15 10:18:55',156,'主叫','01060740258','宜宾'),('语音电话','2013-06-16 19:30:30',46,'主叫','01060740258','宜宾'),('语音电话','2013-06-16 19:31:54',77,'主叫','01060740258','宜宾'),('语音电话','2013-06-17 13:23:09',446,'主叫','4008300999','宜宾'),('语音电话','2013-06-17 14:50:57',15,'主叫','15620997038','宜宾'),('语音电话','2013-06-17 15:51:31',62,'主叫','01084919405','宜宾'),('语音电话','2013-06-17 16:13:02',52,'主叫','01084919405','宜宾'),('语音电话','2013-06-17 16:21:17',119,'主叫','01084919405','宜宾'),('语音电话','2013-06-17 19:19:19',243,'主叫','01060740258','宜宾'),('语音电话','2013-06-18 20:57:04',32,'主叫','01060740258','宜宾'),('语音电话','2013-06-21 09:39:02',112,'主叫','01060740258','宜宾'),('语音电话','2013-06-21 11:22:38',40,'被叫','01084175375','宜宾'),('语音电话','2013-06-21 19:28:37',37,'主叫','02885596677','资阳'),('语音电话','2013-06-21 21:16:32',0,'主叫','15620997038','资阳'),('语音电话','2013-06-21 21:21:18',11,'主叫','15620997038','资阳'),('语音电话','2013-06-21 21:53:41',101,'主叫','15620997038','资阳'),('语音电话','2013-06-21 22:33:48',9,'主叫','15620997038','资阳'),('语音电话','2013-06-21 22:34:10',3,'主叫','15620997038','资阳'),('语音电话','2013-06-21 22:34:43',30,'被叫','15620997038','资阳'),('语音电话','2013-06-22 06:37:37',14,'主叫','13981910744','资阳'),('语音电话','2013-06-22 07:29:19',15,'主叫','13981910744','资阳'),('语音电话','2013-06-22 09:15:38',92,'主叫','4008886608','资阳'),('语音电话','2013-06-22 09:29:15',98,'主叫','4008886608','资阳'),('语音电话','2013-06-22 09:32:56',114,'主叫','4008886608','资阳'),('语音电话','2013-06-22 09:35:30',91,'主叫','13881739486','资阳'),('语音电话','2013-06-22 10:05:52',33,'主叫','13881739486','资阳'),('语音电话','2013-06-22 10:12:05',21,'被叫','18096379427','资阳'),('语音电话','2013-06-22 11:00:21',148,'主叫','13688291546','资阳'),('语音电话','2013-06-22 11:15:59',0,'主叫','01060740258','资阳'),('语音电话','2013-06-22 14:17:50',34,'主叫','13688291546','北京'),('语音电话','2013-06-22 14:18:42',6,'主叫','01060740258','北京'),('语音电话','2013-06-22 14:51:27',66,'被叫','13981910744','北京'),('语音电话','2013-06-22 16:31:05',45,'主叫','13981910744','北京'),('语音电话','2013-06-24 13:13:45',93,'主叫','15620997038','北京'),('语音电话','2013-06-24 14:30:33',119,'主叫','01084919405','北京'),('语音电话','2013-06-24 14:32:47',53,'主叫','18622009266','北京'),('语音电话','2013-06-24 17:31:32',25,'主叫','15620997038','北京'),('语音电话','2013-06-24 17:58:59',25,'主叫','15620997038','北京'),('语音电话','2013-06-24 18:08:05',31,'主叫','15620997038','北京'),('语音电话','2013-06-24 18:35:04',22,'主叫','15620997038','北京'),('语音电话','2013-06-24 19:32:46',41,'主叫','15620997038','北京'),('语音电话','2013-06-25 08:49:58',41,'主叫','15620997038','北京'),('语音电话','2013-06-25 09:22:04',179,'主叫','95558','北京'),('语音电话','2013-06-25 17:10:59',64,'主叫','15620997038','北京'),('语音电话','2013-06-25 17:57:55',25,'主叫','15620997038','北京'),('语音电话','2013-06-25 18:44:59',12,'被叫','15620997038','北京'),('语音电话','2013-06-25 22:04:32',17,'主叫','15620997038','北京'),('语音电话','2013-06-26 12:17:37',83,'主叫','15620997038','北京'),('语音电话','2013-06-26 15:31:42',1583,'被叫','15620997038','北京'),('语音电话','2013-06-26 16:01:03',72,'主叫','15620997038','北京'),('语音电话','2013-06-26 16:04:07',17,'主叫','15620997038','北京'),('语音电话','2013-06-26 16:29:31',58,'被叫','15620997038','北京'),('语音电话','2013-06-26 16:32:52',9,'主叫','15620997038','北京'),('语音电话','2013-06-26 17:38:39',13,'主叫','15620997038','北京'),('语音电话','2013-06-26 19:07:06',210,'主叫','10010','北京'),('语音电话','2013-06-26 19:26:08',39,'主叫','15201611200','北京'),('语音电话','2013-06-26 20:05:15',132,'主叫','15620997038','北京'),('语音电话','2013-06-26 20:49:07',9,'被叫','15620997038','北京'),('语音电话','2013-06-27 09:16:10',23,'被叫','15620997038','北京'),('语音电话','2013-06-27 10:28:07',189,'主叫','15620997038','北京'),('语音电话','2013-06-27 10:55:55',478,'被叫','15611748260','北京'),('语音电话','2013-06-27 11:08:42',63,'主叫','15620997038','北京'),('语音电话','2013-06-27 14:45:01',19,'被叫','01084175375','北京'),('语音电话','2013-06-27 14:49:37',4,'主叫','01084175375','北京'),('语音电话','2013-06-27 14:50:45',8,'主叫','01084175375','北京'),('语音电话','2013-06-27 15:51:16',70,'主叫','15620997038','北京'),('语音电话','2013-06-27 16:24:37',48,'被叫','15620997038','北京'),('语音电话','2013-06-27 17:00:58',32,'主叫','15620997038','北京'),('语音电话','2013-06-27 17:41:55',15,'主叫','15620997038','北京'),('语音电话','2013-06-27 18:14:04',27,'主叫','15620997038','北京'),('语音电话','2013-06-28 08:29:34',103,'主叫','13752266381','北京'),('语音电话','2013-06-28 08:32:26',750,'主叫','13752266381','北京'),('语音电话','2013-06-28 08:54:24',27,'主叫','15620997038','北京'),('语音电话','2013-06-28 09:42:20',46,'被叫','01084914996','北京'),('语音电话','2013-06-28 09:43:40',119,'主叫','15620997038','北京'),('语音电话','2013-06-28 11:09:08',108,'被叫','15620997038','北京'),('语音电话','2013-06-28 11:27:15',269,'主叫','15620997038','北京'),('语音电话','2013-06-28 13:32:36',26,'主叫','15620997038','北京'),('语音电话','2013-06-28 17:01:15',37,'主叫','15611748260','北京'),('语音电话','2013-06-28 17:16:12',20,'主叫','15611748260','北京'),('语音电话','2013-06-28 17:27:11',39,'被叫','15611748260','北京'),('语音电话','2013-06-28 17:55:38',67,'被叫','15611748260','北京'),('语音电话','2013-06-28 18:05:41',30,'主叫','15611748260','北京'),('语音电话','2013-06-28 18:10:51',16,'被叫','15611748260','北京'),('语音电话','2013-06-28 18:11:45',13,'被叫','15611748260','北京'),('语音电话','2013-06-28 18:15:47',42,'被叫','15611748260','北京'),('语音电话','2013-06-29 09:02:33',39,'主叫','15620997038','北京'),('语音电话','2013-06-29 09:49:50',91,'被叫','15611748260','北京'),('语音电话','2013-06-29 10:30:39',29,'主叫','15611748260','北京'),('语音电话','2013-06-29 11:02:49',54,'主叫','01053611237','北京'),('语音电话','2013-06-29 11:19:11',7,'被叫','01053611237','北京'),('语音电话','2013-06-29 11:21:07',26,'主叫','01053611237','北京'),('语音电话','2013-06-29 11:57:05',125,'被叫','15611748260','北京'),('语音电话','2013-06-29 13:19:37',159,'主叫','18902012668','北京'),('语音电话','2013-06-29 13:22:46',183,'主叫','18622580829','北京'),('语音电话','2013-06-29 14:05:59',69,'主叫','15620997038','北京'),('语音电话','2013-06-29 14:39:43',51,'主叫','15611748260','北京'),('语音电话','2013-06-29 15:46:21',99,'被叫','15611748260','北京'),('语音电话','2013-06-29 17:40:41',28,'被叫','15611748260','北京'),('语音电话','2013-06-29 18:26:13',75,'被叫','15611748260','北京'),('语音电话','2013-07-01 08:53:06',90,'主叫','15620997038','北京'),('语音电话','2013-07-01 09:35:54',136,'被叫','15620997038','北京'),('语音电话','2013-07-01 12:13:03',135,'被叫','15620997038','北京'),('语音电话','2013-07-01 14:26:25',66,'主叫','01084175375','北京'),('语音电话','2013-07-01 14:27:54',100,'主叫','15620997038','北京'),('语音电话','2013-07-01 14:32:22',112,'被叫','15620997038','北京'),('语音电话','2013-07-01 15:18:04',37,'被叫','01084175375','北京'),('语音电话','2013-07-01 15:19:03',69,'主叫','15620997038','北京'),('语音电话','2013-07-01 15:21:01',64,'主叫','15810587233','北京'),('语音电话','2013-07-01 15:53:04',103,'被叫','15611748260','北京'),('语音电话','2013-07-01 16:02:34',971,'被叫','02258076677','北京'),('语音电话','2013-07-01 18:15:00',19,'主叫','15620997038','北京'),('语音电话','2013-07-01 18:56:43',8,'主叫','15611748260','北京'),('语音电话','2013-07-02 08:56:47',32,'被叫','15611748260','北京'),('语音电话','2013-07-02 11:25:56',95,'主叫','13661001658','北京'),('语音电话','2013-07-02 11:42:51',9,'被叫','13521248176','北京'),('语音电话','2013-07-02 17:08:12',12,'主叫','95599','北京'),('语音电话','2013-07-02 17:08:29',46,'主叫','95599','北京'),('语音电话','2013-07-02 18:22:18',32,'被叫','15620997038','北京'),('语音电话','2013-07-02 19:17:44',10,'主叫','15620997038','北京'),('语音电话','2013-07-03 08:59:17',80,'主叫','15620997038','北京'),('语音电话','2013-07-03 09:25:55',45,'主叫','15620997038','北京'),('语音电话','2013-07-03 15:06:18',2435,'主叫','15902267073','北京'),('语音电话','2013-07-03 16:44:00',425,'被叫','15620997038','北京'),('语音电话','2013-07-03 16:59:18',42,'主叫','95599','北京'),('语音电话','2013-07-03 17:02:41',357,'主叫','02258072016','北京'),('语音电话','2013-07-03 18:24:12',17,'主叫','15620997038','北京'),('语音电话','2013-07-03 19:24:03',23,'主叫','15620997038','北京'),('语音电话','2013-07-04 08:41:15',11,'主叫','15620997038','北京'),('语音电话','2013-07-04 08:41:43',30,'主叫','15620997038','北京'),('语音电话','2013-07-04 11:42:59',39,'主叫','15620997038','北京'),('语音电话','2013-07-04 13:40:16',137,'被叫','15611748260','北京'),('语音电话','2013-07-04 14:36:43',31,'主叫','84810065','北京'),('语音电话','2013-07-04 15:16:13',24,'主叫','15611748260','北京'),('语音电话','2013-07-04 15:26:34',119,'被叫','15620997038','北京'),('语音电话','2013-07-04 15:32:34',93,'主叫','15620997038','北京'),('语音电话','2013-07-04 16:40:50',105,'主叫','15620997038','北京'),('语音电话','2013-07-04 17:00:31',20,'主叫','15620997038','北京'),('语音电话','2013-07-04 17:14:28',238,'主叫','15620997038','北京'),('语音电话','2013-07-04 17:32:47',25,'被叫','15620997038','北京'),('语音电话','2013-07-04 18:27:43',35,'主叫','15620997038','北京'),('语音电话','2013-07-04 20:30:15',55,'主叫','15620997038','北京'),('语音电话','2013-07-04 21:14:00',26,'主叫','15620997038','北京'),('语音电话','2013-07-05 10:53:49',81,'被叫','15620997038','北京'),('语音电话','2013-07-05 10:56:13',88,'被叫','15620997038','北京'),('语音电话','2013-07-05 11:31:07',46,'被叫','15611748260','北京'),('语音电话','2013-07-05 11:59:09',28,'主叫','15620997038','北京'),('语音电话','2013-07-05 12:24:06',31,'被叫','15620997038','北京'),('语音电话','2013-07-05 13:18:46',9,'主叫','4008181188','北京'),('语音电话','2013-07-05 13:23:48',18,'主叫','01084175375','北京'),('语音电话','2013-07-05 14:23:15',335,'主叫','15620997038','北京'),('语音电话','2013-07-05 14:54:26',62,'主叫','15620997038','北京'),('语音电话','2013-07-05 14:56:52',3,'主叫','1791115620997038','北京'),('语音电话','2013-07-05 17:18:04',77,'被叫','15620997038','北京'),('语音电话','2013-07-05 17:20:20',9,'主叫','15620997038','北京'),('语音电话','2013-07-06 09:16:07',34,'被叫','15321306276','北京'),('语音电话','2013-07-08 09:28:47',35,'主叫','15620997038','北京'),('语音电话','2013-07-08 11:26:34',16,'被叫','15620997038','北京'),('语音电话','2013-07-08 12:32:10',24,'被叫','15620997038','北京'),('语音电话','2013-07-08 12:37:49',242,'主叫','95599','北京'),('语音电话','2013-07-08 15:54:53',45,'被叫','15620997038','北京'),('语音电话','2013-07-08 16:40:47',16,'主叫','01084175375','北京'),('语音电话','2013-07-08 18:09:16',304,'主叫','15620997038','北京'),('语音电话','2013-07-08 18:41:09',58,'主叫','15620997038','北京'),('语音电话','2013-07-08 19:20:02',15,'被叫','15620997038','北京'),('语音电话','2013-07-08 19:49:24',283,'主叫','18618300806','北京'),('语音电话','2013-07-09 08:42:10',147,'主叫','15620997038','北京'),('语音电话','2013-07-09 09:43:36',39,'主叫','84172583','北京'),('语音电话','2013-07-09 09:44:23',27,'主叫','84172583','北京'),('语音电话','2013-07-09 09:50:06',31,'被叫','01058273388','北京'),('语音电话','2013-07-09 09:58:54',40,'主叫','15620997038','北京'),('语音电话','2013-07-09 11:26:29',19,'主叫','15620997038','北京'),('语音电话','2013-07-09 11:41:28',76,'被叫','15620997038','北京'),('语音电话','2013-07-09 12:23:34',31,'主叫','15620997038','北京'),('语音电话','2013-07-09 13:33:13',38,'主叫','84172583','北京'),('语音电话','2013-07-09 13:36:45',1,'主叫','15620997038','北京'),('语音电话','2013-07-09 13:59:01',49,'被叫','15620997038','北京'),('语音电话','2013-07-09 14:00:05',8,'主叫','84172583','北京'),('语音电话','2013-07-09 14:00:28',10,'主叫','84172583','北京'),('语音电话','2013-07-09 15:18:49',115,'主叫','15620997038','北京'),('语音电话','2013-07-09 15:21:31',43,'主叫','18618300806','北京'),('语音电话','2013-07-09 15:22:35',144,'主叫','15620997038','北京'),('语音电话','2013-07-09 16:10:21',30,'主叫','15620997038','北京'),('语音电话','2013-07-09 16:29:27',22,'被叫','15620997038','北京'),('语音电话','2013-07-09 16:33:30',16,'被叫','15620997038','北京'),('语音电话','2013-07-10 10:00:16',37,'主叫','15620997038','北京'),('语音电话','2013-07-10 10:01:35',41,'主叫','18618300806','北京'),('语音电话','2013-07-10 12:03:17',510,'主叫','15620997038','北京'),('语音电话','2013-07-10 15:08:44',801,'主叫','15620997038','北京'),('语音电话','2013-07-10 16:56:01',34,'主叫','15620997038','北京'),('语音电话','2013-07-10 17:22:09',104,'主叫','15620997038','北京'),('语音电话','2013-07-10 18:05:25',23,'被叫','15620997038','北京'),('语音电话','2013-07-10 18:10:45',11,'主叫','15620997038','北京'),('语音电话','2013-07-10 18:11:24',39,'被叫','15620997038','北京'),('语音电话','2013-07-10 18:22:48',12,'被叫','15620997038','北京'),('语音电话','2013-07-11 09:05:17',29,'被叫','15620997038','北京'),('语音电话','2013-07-11 09:28:53',23,'被叫','18618300806','北京'),('语音电话','2013-07-11 09:55:23',109,'被叫','15620997038','北京'),('语音电话','2013-07-11 10:06:06',50,'主叫','95599','北京'),('语音电话','2013-07-11 11:27:19',62,'主叫','15620997038','北京'),('语音电话','2013-07-11 15:22:55',346,'主叫','15620997038','北京'),('语音电话','2013-07-11 15:33:28',305,'被叫','15620997038','北京'),('语音电话','2013-07-11 17:59:18',44,'主叫','15620997038','北京'),('语音电话','2013-07-11 18:07:15',28,'主叫','15620997038','北京'),('语音电话','2013-07-11 18:18:14',12,'被叫','15620997038','北京'),('语音电话','2013-07-11 18:20:18',38,'被叫','15620997038','北京'),('语音电话','2013-07-12 09:21:37',67,'被叫','15620997038','北京'),('语音电话','2013-07-12 09:31:48',56,'主叫','15620997038','北京'),('语音电话','2013-07-12 09:46:07',14,'主叫','15620997038','北京'),('语音电话','2013-07-12 09:48:05',25,'被叫','15620997038','北京'),('语音电话','2013-07-12 10:09:31',12,'被叫','15620997038','北京'),('语音电话','2013-07-12 10:16:21',52,'被叫','15620997038','北京'),('语音电话','2013-07-12 10:20:20',134,'主叫','02285586615','北京'),('语音电话','2013-07-12 11:13:19',150,'主叫','15620997038','北京'),('语音电话','2013-07-12 11:30:22',68,'被叫','15620997038','北京'),('语音电话','2013-07-12 15:33:56',81,'主叫','15620997038','北京'),('语音电话','2013-07-12 15:53:42',12,'主叫','15620997038','北京'),('语音电话','2013-07-12 16:18:25',279,'被叫','15620997038','北京'),('语音电话','2013-07-12 17:05:55',97,'被叫','15620997038','北京'),('语音电话','2013-07-12 17:45:52',28,'主叫','15620997038','北京'),('语音电话','2013-07-12 18:08:53',12,'主叫','15620997038','北京'),('语音电话','2013-07-12 18:22:20',23,'被叫','15620997038','北京'),('语音电话','2013-07-13 08:42:23',36,'主叫','15620997038','北京'),('语音电话','2013-07-13 09:26:02',28,'主叫','10010','北京'),('语音电话','2013-07-13 10:47:48',146,'主叫','10010','北京'),('语音电话','2013-07-13 11:02:22',34,'主叫','15611748260','北京'),('语音电话','2013-07-13 12:25:06',31,'主叫','15611748260','北京'),('语音电话','2013-07-13 16:48:59',92,'主叫','15611748260','北京'),('语音电话','2013-07-13 17:31:22',21,'被叫','15611748260','北京'),('语音电话','2013-07-13 18:00:30',18,'主叫','15611748260','北京'),('语音电话','2013-07-14 10:49:58',30,'被叫','15611748260','北京'),('语音电话','2013-07-14 11:23:39',205,'被叫','15611748260','北京'),('语音电话','2013-07-14 16:05:38',28,'主叫','15611748260','北京'),('语音电话','2013-07-14 16:59:46',32,'主叫','15611748260','北京'),('语音电话','2013-07-14 17:35:18',20,'主叫','15611748260','北京'),('语音电话','2013-07-14 18:04:15',77,'主叫','15611748260','北京'),('语音电话','2013-07-14 18:17:34',47,'主叫','15611748260','北京'),('语音电话','2013-07-14 18:20:21',15,'主叫','15611748260','北京'),('语音电话','2013-07-14 19:18:43',67,'被叫','13072098702','北京'),('语音电话','2013-07-15 09:13:52',40,'主叫','13752619559','北京'),('语音电话','2013-07-15 09:50:38',30,'主叫','13718812550','北京'),('语音电话','2013-07-15 10:39:19',94,'主叫','13821600303','北京'),('语音电话','2013-07-15 10:44:53',148,'主叫','02258072016','北京'),('语音电话','2013-07-15 12:27:08',67,'被叫','15620997038','北京'),('语音电话','2013-07-15 17:20:46',26,'主叫','15620997038','北京'),('语音电话','2013-07-15 18:22:11',34,'主叫','15620997038','北京'),('语音电话','2013-07-16 07:32:32',10,'主叫','15611748260','北京'),('语音电话','2013-07-16 08:03:31',19,'被叫','15611748260','天津'),('语音电话','2013-07-16 08:20:26',36,'被叫','18622201356','天津'),('语音电话','2013-07-16 08:32:15',40,'主叫','15611748260','天津'),('语音电话','2013-07-16 09:18:35',22,'被叫','01058271288','天津'),('语音电话','2013-07-16 10:46:17',26,'被叫','15611748260','天津'),('语音电话','2013-07-16 10:48:26',121,'被叫','15611748260','天津'),('语音电话','2013-07-16 13:07:51',15,'主叫','15611748260','天津'),('语音电话','2013-07-16 13:48:55',24,'主叫','15611748260','天津'),('语音电话','2013-07-16 14:19:07',39,'被叫','15611748260','天津'),('语音电话','2013-07-16 15:44:46',71,'主叫','15611748260','天津'),('语音电话','2013-07-16 16:43:12',39,'主叫','15611748260','天津'),('语音电话','2013-07-16 17:07:58',10,'主叫','15810587233','北京'),('语音电话','2013-07-16 17:19:25',63,'主叫','15620997038','北京'),('语音电话','2013-07-16 17:24:06',736,'被叫','13512850606','北京'),('语音电话','2013-07-16 17:37:12',160,'主叫','13512850606','北京'),('语音电话','2013-07-16 17:44:47',33,'被叫','15620997038','北京'),('语音电话','2013-07-16 17:48:08',40,'被叫','15620997038','北京'),('语音电话','2013-07-16 17:55:18',18,'被叫','15620997038','北京'),('语音电话','2013-07-16 17:58:49',10,'主叫','15620997038','北京'),('语音电话','2013-07-17 08:12:17',18,'被叫','15810587233','北京'),('语音电话','2013-07-17 09:08:55',34,'主叫','15620997038','北京'),('语音电话','2013-07-17 12:13:18',110,'被叫','02258072016','北京'),('语音电话','2013-07-17 13:20:27',49,'主叫','95599','北京'),('语音电话','2013-07-17 15:35:53',208,'被叫','15620997038','北京'),('语音电话','2013-07-17 17:26:09',14,'被叫','15620997038','北京'),('语音电话','2013-07-17 18:03:54',29,'主叫','15620997038','北京'),('语音电话','2013-07-17 18:40:00',8,'被叫','15620997038','北京'),('语音电话','2013-07-18 11:41:40',31,'主叫','15611748260','北京'),('语音电话','2013-07-18 15:55:49',236,'被叫','15611748260','北京'),('语音电话','2013-07-18 16:01:33',10,'被叫','15611748260','北京'),('语音电话','2013-07-18 16:01:52',69,'主叫','15611748260','北京'),('语音电话','2013-07-18 16:36:29',190,'被叫','15611748260','北京'),('语音电话','2013-07-18 18:08:21',19,'主叫','15611748260','北京'),('语音电话','2013-07-18 18:35:33',9,'被叫','15611748260','北京'),('语音电话','2013-07-18 18:59:08',16,'被叫','13072098702','北京'),('语音电话','2013-07-19 09:10:32',121,'主叫','13820108969','北京'),('语音电话','2013-07-19 09:23:37',29,'被叫','15620997038','北京'),('语音电话','2013-07-19 11:30:39',28,'主叫','02258072016','北京'),('语音电话','2013-07-19 11:31:48',164,'主叫','15611748260','北京'),('语音电话','2013-07-19 17:32:06',11,'主叫','15611748260','北京'),('语音电话','2013-07-19 17:35:15',58,'被叫','13820805991','北京'),('语音电话','2013-07-19 17:59:11',75,'被叫','15611748260','北京'),('语音电话','2013-07-19 18:28:53',9,'主叫','15611748260','北京'),('语音电话','2013-07-19 18:29:34',13,'主叫','15611748260','北京'),('语音电话','2013-07-19 18:47:49',30,'主叫','15620997038','北京'),('语音电话','2013-07-19 19:00:00',13,'主叫','01060740258','北京'),('语音电话','2013-07-19 19:15:07',991,'被叫','13752062630','北京'),('语音电话','2013-07-20 09:28:49',17,'主叫','13072098702','天津'),('语音电话','2013-07-20 09:29:16',48,'主叫','13072098702','天津'),('语音电话','2013-07-20 09:32:04',131,'被叫','13820805991','天津'),('语音电话','2013-07-20 10:31:07',111,'被叫','13072098702','天津'),('语音电话','2013-07-20 11:02:04',76,'主叫','13072098702','天津'),('语音电话','2013-07-20 11:32:51',18,'被叫','13132099986','天津'),('语音电话','2013-07-20 11:57:34',49,'主叫','15810587233','天津'),('语音电话','2013-07-20 15:44:14',45,'被叫','15620997038','天津'),('语音电话','2013-07-20 16:36:26',24,'被叫','15620997038','天津'),('语音电话','2013-07-20 17:46:40',44,'主叫','15620997038','天津'),('语音电话','2013-07-21 10:34:55',31,'被叫','15620997038','北京'),('语音电话','2013-07-21 12:43:19',70,'被叫','15620997038','北京'),('语音电话','2013-07-21 13:08:33',79,'被叫','15620997038','北京'),('语音电话','2013-07-21 17:30:08',73,'主叫','15620997038','北京'),('语音电话','2013-07-21 17:54:59',12,'主叫','15620997038','北京'),('语音电话','2013-07-21 18:01:26',19,'被叫','15620997038','北京'),('语音电话','2013-07-22 08:01:45',9,'被叫','15620997038','北京'),('语音电话','2013-07-22 10:30:55',211,'主叫','15011392817','北京'),('语音电话','2013-07-22 11:33:57',308,'被叫','13752062630','北京'),('语音电话','2013-07-22 11:39:29',110,'主叫','02258072016','北京'),('语音电话','2013-07-22 11:42:46',167,'主叫','13752062630','北京'),('语音电话','2013-07-22 12:09:09',22,'被叫','15620997038','北京'),('语音电话','2013-07-22 13:04:49',18,'主叫','15810587233','北京'),('语音电话','2013-07-22 17:37:05',15,'主叫','15620997038','北京'),('语音电话','2013-07-22 18:01:30',37,'主叫','15620997038','北京'),('语音电话','2013-07-22 18:35:35',28,'被叫','15611748260','北京'),('语音电话','2013-07-23 09:42:43',56,'主叫','13821414420','北京'),('语音电话','2013-07-23 09:45:03',193,'主叫','13002218508','北京'),('语音电话','2013-07-23 09:48:45',164,'主叫','13920927114','北京'),('语音电话','2013-07-23 09:51:43',1300,'主叫','13002218508','北京'),('语音电话','2013-07-23 11:30:49',339,'主叫','13512850606','北京'),('语音电话','2013-07-23 11:38:40',259,'主叫','18920079588','北京'),('语音电话','2013-07-23 13:16:25',88,'主叫','01056297558','北京'),('语音电话','2013-07-23 17:06:02',19,'被叫','15611748260','北京'),('语音电话','2013-07-23 17:51:04',43,'被叫','15611748260','北京'),('语音电话','2013-07-23 18:35:34',11,'被叫','15611748260','北京'),('语音电话','2013-07-24 07:56:12',25,'主叫','15810587233','北京'),('语音电话','2013-07-24 11:07:21',29,'主叫','13991473935','北京'),('语音电话','2013-07-24 11:08:21',80,'主叫','13691473935','北京'),('语音电话','2013-07-24 11:13:03',23,'主叫','15620997038','北京'),('语音电话','2013-07-24 11:21:27',15,'主叫','13691473935','北京'),('语音电话','2013-07-24 11:26:04',129,'主叫','13752062630','北京'),('语音电话','2013-07-24 11:41:20',22,'被叫','15611748260','北京'),('语音电话','2013-07-24 12:13:04',139,'被叫','15611748260','北京'),('语音电话','2013-07-24 12:59:18',35,'被叫','13691473935','北京'),('语音电话','2013-07-24 13:23:29',93,'主叫','13752062630','北京'),('语音电话','2013-07-24 13:52:22',208,'被叫','15611748260','北京'),('语音电话','2013-07-24 13:58:47',50,'主叫','95599','北京'),('语音电话','2013-07-24 15:19:02',11,'主叫','15611748260','北京'),('语音电话','2013-07-24 15:49:46',165,'主叫','13752062630','北京'),('语音电话','2013-07-24 17:52:42',20,'主叫','15611748260','北京'),('语音电话','2013-07-24 19:04:23',19,'被叫','15611748260','北京'),('语音电话','2013-07-25 09:37:05',53,'被叫','02258072029','北京'),('语音电话','2013-07-25 11:39:56',45,'被叫','15611748260','北京'),('语音电话','2013-07-25 11:41:00',25,'被叫','15611748260','北京'),('语音电话','2013-07-25 11:44:06',27,'主叫','13691473935','北京'),('语音电话','2013-07-25 11:46:17',70,'主叫','13691473935','北京'),('语音电话','2013-07-25 12:30:36',9,'被叫','13691473935','北京'),('语音电话','2013-07-25 17:39:03',14,'主叫','15611748260','北京'),('语音电话','2013-07-25 17:42:15',25,'主叫','15611748260','北京'),('语音电话','2013-07-25 17:46:07',12,'被叫','15810587233','北京'),('语音电话','2013-07-25 18:42:04',26,'主叫','15611748260','北京'),('语音电话','2013-07-26 10:13:31',20,'主叫','13752062630','北京'),('语音电话','2013-07-26 10:26:36',17,'主叫','15620997038','北京'),('语音电话','2013-07-26 14:10:17',54,'被叫','15620997038','北京'),('语音电话','2013-07-26 14:11:23',72,'主叫','15620997038','北京'),('语音电话','2013-07-26 14:52:13',33,'被叫','13439885542','北京'),('语音电话','2013-07-26 16:11:52',50,'主叫','15620997038','北京'),('语音电话','2013-07-26 17:22:16',867,'主叫','13821209878','北京'),('语音电话','2013-07-26 18:15:28',44,'被叫','15620997038','北京'),('语音电话','2013-07-27 09:13:05',57,'被叫','15620997038','北京'),('语音电话','2013-07-27 09:47:17',63,'被叫','15620997038','北京'),('语音电话','2013-07-27 11:12:42',166,'主叫','18911584357','北京'),('语音电话','2013-07-27 11:35:11',12,'被叫','18911584357','北京'),('语音电话','2013-07-27 11:49:44',41,'主叫','18911584357','北京'),('语音电话','2013-07-27 12:18:22',31,'主叫','18911584357','北京'),('语音电话','2013-07-27 12:30:20',41,'主叫','18911584357','北京'),('语音电话','2013-07-27 12:42:15',72,'被叫','18911584357','北京'),('语音电话','2013-07-27 12:45:30',28,'主叫','13681077391','北京'),('语音电话','2013-07-27 14:28:43',33,'主叫','15620997038','北京'),('语音电话','2013-07-27 16:11:02',52,'主叫','15620997038','北京'),('语音电话','2013-07-27 17:08:38',11,'被叫','15620997038','北京'),('语音电话','2013-07-27 17:09:01',7,'主叫','15620997038','北京'),('语音电话','2013-07-27 17:09:18',25,'主叫','15620997038','北京'),('语音电话','2013-07-27 17:50:16',47,'主叫','15620997038','北京'),('语音电话','2013-07-27 18:01:44',42,'被叫','15620997038','北京'),('语音电话','2013-07-29 09:06:25',36,'主叫','15620997038','北京'),('语音电话','2013-07-29 10:37:14',167,'主叫','13439885542','北京'),('语音电话','2013-07-29 11:04:53',56,'主叫','95599','北京'),('语音电话','2013-07-29 11:09:45',31,'主叫','01060740258','北京'),('语音电话','2013-07-29 11:43:17',76,'被叫','13682078072','北京'),('语音电话','2013-07-29 11:58:28',80,'被叫','15620997038','北京'),('语音电话','2013-07-29 12:02:39',67,'主叫','95599','北京'),('语音电话','2013-07-29 14:12:12',36,'被叫','15330277355','北京'),('语音电话','2013-07-29 16:29:41',20,'主叫','15620997038','北京'),('语音电话','2013-07-29 16:42:16',45,'主叫','15620997038','北京'),('语音电话','2013-07-29 17:16:15',37,'主叫','15620997038','北京'),('语音电话','2013-07-29 18:10:52',27,'主叫','15620997038','北京'),('语音电话','2013-07-30 09:41:20',64,'主叫','95599','北京'),('语音电话','2013-07-30 09:51:10',148,'主叫','95599','北京'),('语音电话','2013-07-30 09:58:36',196,'主叫','95599','北京'),('语音电话','2013-07-30 10:02:37',113,'主叫','15620997038','北京'),('语音电话','2013-07-30 14:53:42',37,'主叫','15620997038','北京'),('语音电话','2013-07-30 15:14:57',25,'主叫','15620997038','北京'),('语音电话','2013-07-30 18:12:37',16,'被叫','15620997038','北京'),('语音电话','2013-07-31 11:13:09',174,'主叫','18911584357','北京'),('语音电话','2013-07-31 11:28:05',58,'被叫','18911584357','北京'),('语音电话','2013-07-31 11:57:30',15,'被叫','13311592889','北京'),('语音电话','2013-07-31 13:26:24',25,'被叫','18622201356','北京'),('语音电话','2013-07-31 13:41:18',21,'被叫','15620997038','北京'),('语音电话','2013-07-31 17:22:16',70,'主叫','15620997038','北京'),('语音电话','2013-07-31 17:50:20',17,'被叫','15620997038','北京'),('语音电话','2013-07-31 18:02:58',17,'主叫','15620997038','北京'),('语音电话','2013-07-31 18:09:41',9,'被叫','15620997038','北京'),('语音电话','2013-08-01 09:13:28',38,'被叫','15620997038','北京'),('语音电话','2013-08-01 10:27:02',58,'被叫','02258072029','北京'),('语音电话','2013-08-01 11:13:14',201,'被叫','15620997038','北京'),('语音电话','2013-08-01 17:50:16',40,'主叫','15620997038','北京'),('语音电话','2013-08-01 18:10:34',26,'主叫','15620997038','北京'),('语音电话','2013-08-01 18:24:49',9,'主叫','15620997038','北京'),('语音电话','2013-08-02 11:00:11',1356,'主叫','13821209878','北京'),('语音电话','2013-08-02 11:24:48',0,'主叫','15620997038','北京'),('语音电话','2013-08-02 14:09:09',41,'主叫','15620997038','北京'),('语音电话','2013-08-02 14:12:10',5,'主叫','10010','北京'),('语音电话','2013-08-02 14:12:42',191,'主叫','10010','北京'),('语音电话','2013-08-02 14:16:58',7,'主叫','10010','北京'),('语音电话','2013-08-02 14:17:18',265,'主叫','02210010','北京'),('语音电话','2013-08-02 14:22:41',101,'主叫','15620997038','北京'),('语音电话','2013-08-02 16:59:54',86,'主叫','01069016896','北京'),('语音电话','2013-08-02 18:08:51',18,'被叫','15620997038','北京'),('语音电话','2013-08-02 19:08:36',6,'被叫','15620997038','北京'),('语音电话','2013-08-03 08:59:41',19,'被叫','15321306276','北京'),('语音电话','2013-08-03 09:08:02',22,'被叫','18211969929','北京'),('语音电话','2013-08-03 09:08:54',58,'主叫','13718812550','北京'),('语音电话','2013-08-04 11:08:35',1,'被叫','15620997038','北京'),('语音电话','2013-08-04 12:09:06',48,'主叫','01064113755','北京'),('语音电话','2013-08-05 10:11:22',45,'被叫','15620997038','北京'),('语音电话','2013-08-05 15:31:51',42,'被叫','15620997038','北京'),('语音电话','2013-08-05 18:42:15',13,'主叫','15620997038','北京'),('语音电话','2013-08-06 11:16:48',36,'被叫','01057936785','北京'),('语音电话','2013-08-06 14:47:34',32,'被叫','02288239008','北京'),('语音电话','2013-08-06 16:30:51',153,'主叫','01060740258','北京'),('语音电话','2013-08-06 18:06:39',43,'主叫','15620997038','北京'),('语音电话','2013-08-06 18:14:48',15,'被叫','15620997038','北京'),('语音电话','2013-08-06 18:16:37',19,'被叫','13922371057','北京'),('语音电话','2013-08-07 10:13:10',20,'被叫','13240012092','北京'),('语音电话','2013-08-07 10:26:14',15,'被叫','13701210245','北京'),('语音电话','2013-08-07 10:50:31',209,'被叫','15611748260','北京'),('语音电话','2013-08-07 11:23:29',94,'主叫','13691473935','北京'),('语音电话','2013-08-07 11:46:35',9,'被叫','13691473935','北京'),('语音电话','2013-08-07 11:54:50',7,'被叫','18001282296','北京'),('语音电话','2013-08-07 13:53:49',16,'被叫','13691473935','北京'),('语音电话','2013-08-07 17:36:23',41,'被叫','15611748260','北京'),('语音电话','2013-08-07 17:55:49',14,'主叫','15611748260','北京'),('语音电话','2013-08-07 18:13:17',19,'主叫','15611748260','北京'),('语音电话','2013-08-08 11:10:39',48,'主叫','13691473935','北京'),('语音电话','2013-08-08 11:48:31',9,'被叫','13691473935','北京'),('语音电话','2013-08-08 14:44:44',56,'主叫','13718812550','北京'),('语音电话','2013-08-08 16:31:27',30,'主叫','15611748260','北京'),('语音电话','2013-08-08 17:23:42',54,'被叫','02132091195','北京'),('语音电话','2013-08-08 17:40:00',270,'主叫','13821209878','北京'),('语音电话','2013-08-08 17:45:00',9,'主叫','15611748260','北京'),('语音电话','2013-08-08 18:08:08',11,'主叫','15611748260','北京'),('语音电话','2013-08-08 18:22:37',23,'主叫','15611748260','北京'),('语音电话','2013-08-09 10:10:20',28,'被叫','18001282296','北京'),('语音电话','2013-08-09 11:18:29',15,'被叫','15330277355','北京'),('语音电话','2013-08-09 16:42:09',13,'被叫','15611748260','北京'),('语音电话','2013-08-09 18:14:25',17,'主叫','15620997038','北京'),('语音电话','2013-08-10 09:09:55',20,'被叫','15620997038','北京'),('语音电话','2013-08-10 12:37:51',41,'主叫','15620997038','北京'),('语音电话','2013-08-10 13:07:27',62,'主叫','15620997038','北京'),('语音电话','2013-08-10 17:17:28',55,'主叫','15620997038','北京'),('语音电话','2013-08-10 17:49:05',18,'主叫','15620997038','北京'),('语音电话','2013-08-12 11:47:36',19,'主叫','15620997038','北京'),('语音电话','2013-08-12 18:05:53',14,'主叫','15620997038','北京'),('语音电话','2013-08-13 09:21:17',53,'被叫','15611748260','北京'),('语音电话','2013-08-13 18:06:29',11,'被叫','15611748260','北京'),('语音电话','2013-08-13 18:07:21',13,'主叫','15611748260','北京'),('语音电话','2013-08-14 11:05:18',241,'主叫','15611748260','北京'),('语音电话','2013-08-14 11:32:23',476,'主叫','13207626320','北京'),('语音电话','2013-08-14 13:24:26',68,'主叫','01084843047','北京'),('语音电话','2013-08-14 13:30:35',98,'主叫','01084843047','北京'),('语音电话','2013-08-14 17:45:10',17,'主叫','15611748260','北京'),('语音电话','2013-08-14 18:10:42',14,'主叫','15611748260','北京'),('语音电话','2013-08-14 18:21:37',26,'主叫','15611748260','北京'),('语音电话','2013-08-15 08:57:24',17,'主叫','01060740258','北京'),('语音电话','2013-08-15 10:41:04',11,'被叫','13311592889','北京'),('语音电话','2013-08-15 11:15:53',67,'主叫','13691473935','北京'),('语音电话','2013-08-15 11:35:18',12,'被叫','13691473935','北京'),('语音电话','2013-08-15 11:41:23',16,'主叫','13691473935','北京'),('语音电话','2013-08-15 12:25:45',36,'被叫','15611748260','北京'),('语音电话','2013-08-15 12:26:41',17,'主叫','01060740258','北京'),('语音电话','2013-08-15 13:25:39',10,'被叫','13691473935','北京'),('语音电话','2013-08-15 14:12:26',16,'被叫','18911238986','北京'),('语音电话','2013-08-15 15:06:07',22,'被叫','10155','北京'),('语音电话','2013-08-15 15:28:41',14,'被叫','15611748260','北京'),('语音电话','2013-08-15 16:23:45',10,'被叫','18001223513','北京'),('语音电话','2013-08-15 17:34:15',108,'被叫','15942698806','北京'),('语音电话','2013-08-15 17:44:46',62,'主叫','13718812550','北京'),('语音电话','2013-08-15 17:49:59',561,'被叫','15942698806','北京'),('语音电话','2013-08-15 18:06:23',28,'主叫','15611748260','北京'),('语音电话','2013-08-15 18:10:10',8,'主叫','15611748260','北京'),('语音电话','2013-08-15 21:27:52',166,'主叫','10010','北京'),('语音电话','2013-08-15 22:54:40',69,'被叫','13821668569','北京'),('语音电话','2013-08-15 22:56:42',389,'被叫','13821668569','北京'),('语音电话','2013-08-15 23:11:50',203,'被叫','13821668569','北京'),('语音电话','2013-08-15 23:15:55',244,'主叫','15822038400','北京'),('语音电话','2013-08-15 23:20:28',191,'主叫','13821668569','北京'),('语音电话','2013-08-16 08:12:27',165,'主叫','15822038400','北京'),('语音电话','2013-08-16 10:34:40',44,'主叫','15822038400','北京'),('语音电话','2013-08-16 13:20:55',15,'主叫','15611748260','北京'),('语音电话','2013-08-16 15:52:21',83,'被叫','15611748260','北京'),('语音电话','2013-08-16 17:43:42',24,'被叫','15611748260','北京'),('语音电话','2013-08-16 18:09:00',11,'主叫','15611748260','北京'),('语音电话','2013-08-16 18:36:17',8,'被叫','13926403187','北京'),('语音电话','2013-08-16 18:36:38',813,'主叫','13926403187','北京'),('语音电话','2013-08-16 21:47:18',250,'被叫','13821668569','北京'),('语音电话','2013-08-17 08:39:48',20,'被叫','15611748260','北京'),('语音电话','2013-08-17 11:14:32',24,'被叫','15722086612','北京'),('语音电话','2013-08-17 12:23:22',238,'主叫','15822038400','北京'),('语音电话','2013-08-17 13:15:21',8,'被叫','4001068003','北京'),('语音电话','2013-08-17 17:10:57',45,'被叫','15611748260','北京'),('语音电话','2013-08-17 17:40:36',36,'被叫','15611748260','北京'),('语音电话','2013-08-17 17:56:54',38,'主叫','15620997038','北京'),('语音电话','2013-08-17 18:04:46',30,'主叫','15620997038','北京'),('语音电话','2013-08-17 18:22:29',8,'被叫','15611748260','北京'),('语音电话','2013-08-18 15:20:30',518,'被叫','02226696020','北京'),('语音电话','2013-08-19 08:20:36',14,'被叫','15611748260','北京'),('语音电话','2013-08-19 11:06:57',78,'主叫','13691473935','北京'),('语音电话','2013-08-19 11:08:45',121,'被叫','15611748260','北京'),('语音电话','2013-08-19 11:38:57',18,'被叫','13691473935','北京'),('语音电话','2013-08-19 17:49:24',46,'主叫','15611748260','北京'),('语音电话','2013-08-20 08:11:44',9,'被叫','15611748260','北京'),('语音电话','2013-08-20 17:22:51',33,'主叫','15611748260','北京'),('语音电话','2013-08-20 17:51:23',19,'主叫','15611748260','北京'),('语音电话','2013-08-20 17:55:24',13,'主叫','15611748260','北京'),('语音电话','2013-08-21 11:08:54',11,'被叫','13311592889','北京'),('语音电话','2013-08-21 16:45:16',24,'被叫','15722299800','北京'),('语音电话','2013-08-21 17:16:10',9,'主叫','15611748260','北京'),('语音电话','2013-08-21 17:58:03',27,'主叫','15201611200','北京'),('语音电话','2013-08-22 10:55:59',39,'主叫','15201611200','北京'),('语音电话','2013-08-22 11:36:24',113,'被叫','18622263623','北京'),('语音电话','2013-08-22 11:38:35',311,'主叫','18622263623','北京'),('语音电话','2013-08-22 17:23:44',14,'主叫','15620997038','北京'),('语音电话','2013-08-22 18:08:50',16,'主叫','15620997038','北京'),('语音电话','2013-08-22 18:32:33',18,'被叫','15620997038','北京'),('语音电话','2013-08-23 14:02:14',133,'主叫','13910912030','北京'),('语音电话','2013-08-23 17:52:48',2,'主叫','15620997038','北京'),('语音电话','2013-08-23 17:52:59',16,'被叫','15620997038','北京'),('语音电话','2013-08-24 07:50:43',51,'被叫','15620997038','北京'),('语音电话','2013-08-24 09:30:17',12,'被叫','15611748260','北京'),('语音电话','2013-08-24 16:29:26',46,'被叫','15611748260','北京'),('语音电话','2013-08-24 18:01:22',14,'被叫','15611748260','北京'),('语音电话','2013-08-24 18:07:21',50,'被叫','15611748260','北京'),('语音电话','2013-08-24 18:17:17',14,'主叫','15611748260','北京'),('语音电话','2013-08-24 18:18:23',11,'被叫','15611748260','北京'),('语音电话','2013-08-25 14:30:56',22,'主叫','4008861961','北京'),('语音电话','2013-08-25 14:31:44',21,'主叫','4008861961','北京'),('语音电话','2013-08-26 08:00:15',54,'主叫','15620997038','北京'),('语音电话','2013-08-26 08:02:36',15,'主叫','15620997038','北京'),('语音电话','2013-08-26 08:06:48',94,'主叫','15620997038','北京'),('语音电话','2013-08-26 08:14:40',33,'主叫','15620997038','北京'),('语音电话','2013-08-26 09:04:09',168,'被叫','15620997038','北京'),('语音电话','2013-08-26 09:21:43',79,'被叫','13581779230','北京'),('语音电话','2013-08-26 09:27:29',39,'被叫','13581779230','北京'),('语音电话','2013-08-26 10:36:50',67,'主叫','18810789405','北京'),('语音电话','2013-08-26 11:31:16',142,'主叫','15620997038','北京'),('语音电话','2013-08-26 12:10:48',57,'被叫','15620997038','北京'),('语音电话','2013-08-26 15:23:37',22,'被叫','13581779230','北京'),('语音电话','2013-08-26 15:30:05',110,'主叫','13910912030','北京'),('语音电话','2013-08-26 16:20:24',443,'主叫','13910912030','北京'),('语音电话','2013-08-26 16:28:59',49,'主叫','13910912030','北京'),('语音电话','2013-08-26 17:11:22',12,'主叫','15620997038','北京'),('语音电话','2013-08-26 18:00:14',13,'主叫','15620997038','北京'),('语音电话','2013-08-26 18:02:38',16,'主叫','15620997038','北京'),('语音电话','2013-08-27 09:59:17',37,'主叫','15620997038','北京'),('语音电话','2013-08-27 11:18:38',9,'主叫','12319','北京'),('语音电话','2013-08-27 11:18:58',74,'主叫','02212319','北京'),('语音电话','2013-08-27 11:20:30',39,'主叫','02227043355','北京'),('语音电话','2013-08-27 11:22:12',67,'主叫','15620997038','北京'),('语音电话','2013-08-27 11:24:08',51,'主叫','13910912030','北京'),('语音电话','2013-08-27 15:54:35',1284,'主叫','13512850606','北京'),('语音电话','2013-08-27 17:21:00',10,'被叫','15620997038','北京'),('语音电话','2013-08-27 17:21:29',25,'主叫','15620997038','北京'),('语音电话','2013-08-27 18:24:17',53,'主叫','15620997038','北京'),('语音电话','2013-08-27 18:51:13',121,'主叫','15620997038','北京'),('语音电话','2013-08-27 18:58:55',82,'被叫','15620997038','北京'),('语音电话','2013-08-27 19:30:41',57,'被叫','15620997038','北京'),('语音电话','2013-08-27 19:35:01',84,'主叫','15620997038','北京'),('语音电话','2013-08-27 19:44:38',27,'主叫','15620997038','北京'),('语音电话','2013-08-27 20:06:23',215,'主叫','15620997038','北京'),('语音电话','2013-08-28 09:31:05',11,'被叫','04726868791','北京'),('语音电话','2013-08-28 11:08:55',252,'主叫','15620997038','北京'),('语音电话','2013-08-28 16:54:29',38,'主叫','15620997038','北京'),('语音电话','2013-08-28 17:04:31',41,'主叫','15620997038','北京'),('语音电话','2013-08-28 17:09:52',166,'被叫','15822038400','北京'),('语音电话','2013-08-28 17:30:16',25,'主叫','13910912030','北京'),('语音电话','2013-08-28 17:32:29',69,'主叫','15620997038','北京'),('语音电话','2013-08-28 18:08:10',74,'主叫','13911299970','北京'),('语音电话','2013-08-28 18:20:50',16,'被叫','13911299970','北京'),('语音电话','2013-08-28 18:25:48',18,'主叫','15330076066','北京'),('语音电话','2013-08-28 19:08:38',22,'被叫','02260851568','北京'),('语音电话','2013-08-29 09:15:33',106,'主叫','15620997038','北京'),('语音电话','2013-08-29 10:34:04',156,'被叫','15620997038','北京'),('语音电话','2013-08-29 10:39:29',15,'主叫','13269019751','北京'),('语音电话','2013-08-29 10:39:59',25,'主叫','13269019751','北京'),('语音电话','2013-08-29 15:09:11',81,'被叫','13889573995','北京'),('语音电话','2013-08-29 15:36:52',245,'主叫','15620997038','北京'),('语音电话','2013-08-29 17:25:08',12,'被叫','15620997038','北京'),('语音电话','2013-08-29 17:50:29',35,'主叫','15620997038','北京'),('语音电话','2013-08-29 18:04:33',15,'主叫','15620997038','北京'),('语音电话','2013-08-29 18:15:52',25,'被叫','15620997038','北京'),('语音电话','2013-08-30 10:20:57',86,'主叫','4000001666','北京'),('语音电话','2013-08-30 10:50:30',167,'主叫','15011294940','北京'),('语音电话','2013-08-30 10:53:57',294,'被叫','15620997038','北京'),('语音电话','2013-08-30 11:00:19',55,'被叫','15620997038','北京'),('语音电话','2013-08-30 11:02:06',988,'主叫','13207626320','北京'),('语音电话','2013-08-30 15:20:22',21,'主叫','15620997038','北京'),('语音电话','2013-08-30 16:15:41',79,'被叫','13889573995','北京'),('语音电话','2013-08-30 16:17:25',39,'主叫','15620997038','北京'),('语音电话','2013-08-30 16:53:21',26,'被叫','15620997038','北京'),('语音电话','2013-08-30 17:47:45',17,'主叫','15620997038','北京'),('语音电话','2013-08-30 19:36:40',74,'被叫','15620997038','北京'),('语音电话','2013-08-30 20:59:33',64,'主叫','15620997038','保定'),('语音电话','2013-08-31 08:05:21',43,'被叫','15620997038','保定'),('语音电话','2013-08-31 10:06:58',28,'主叫','01060740258','保定'),('语音电话','2013-08-31 10:16:11',129,'被叫','15620997038','保定'),('语音电话','2013-08-31 11:14:23',28,'被叫','13581628130','保定'),('语音电话','2013-08-31 12:08:52',17,'被叫','15620997038','保定'),('语音电话','2013-08-31 13:08:04',49,'主叫','15620997038','保定'),('语音电话','2013-08-31 16:56:50',99,'被叫','15620997038','保定'),('语音电话','2013-08-31 17:09:36',115,'被叫','15620997038','保定'),('语音电话','2013-08-31 20:50:49',0,'被叫','15620997038','保定'),('语音电话','2013-08-31 21:26:12',374,'主叫','15611748260','保定'),('语音电话','2013-09-01 07:40:55',29,'主叫','15611748260','保定'),('语音电话','2013-09-01 08:08:23',17,'主叫','15611748260','保定'),('语音电话','2013-09-01 09:25:34',80,'被叫','15620997038','保定'),('语音电话','2013-09-01 13:11:40',32,'主叫','01060740258','保定'),('语音电话','2013-09-01 13:14:23',13,'主叫','13718812550','保定'),('语音电话','2013-09-01 16:25:06',27,'主叫','01060740258','北京'),('语音电话','2013-09-01 17:48:18',82,'主叫','15620997038','北京'),('语音电话','2013-09-01 18:53:44',54,'主叫','01060740258','北京'),('语音电话','2013-09-01 19:12:21',46,'主叫','15620997038','北京'),('语音电话','2013-09-01 19:19:49',33,'主叫','15620997038','北京'),('语音电话','2013-09-01 19:22:25',38,'被叫','15620997038','北京'),('语音电话','2013-09-01 19:33:43',57,'主叫','15620997038','北京'),('语音电话','2013-09-02 07:20:55',14,'被叫','15611748260','北京'),('语音电话','2013-09-02 10:07:57',427,'主叫','13910912030','北京'),('语音电话','2013-09-02 10:22:35',32,'主叫','18500031675','北京'),('语音电话','2013-09-02 18:02:03',15,'被叫','15011294940','北京'),('语音电话','2013-09-02 19:16:32',35,'主叫','15201611200','北京'),('语音电话','2013-09-02 19:44:11',7,'被叫','15611748260','北京'),('语音电话','2013-09-02 19:44:28',18,'主叫','15611748260','北京'),('语音电话','2013-09-03 11:54:34',17,'主叫','15620997038','北京'),('语音电话','2013-09-03 12:39:09',27,'主叫','13910912030','北京'),('语音电话','2013-09-03 16:02:41',72,'被叫','15611748260','北京'),('语音电话','2013-09-03 17:41:08',32,'被叫','15620997038','北京'),('语音电话','2013-09-03 17:57:31',31,'被叫','15611748260','北京'),('语音电话','2013-09-03 18:02:52',8,'主叫','15611748260','北京'),('语音电话','2013-09-04 09:48:32',327,'主叫','18600738279','北京'),('语音电话','2013-09-04 12:16:37',15,'被叫','15620997038','北京'),('语音电话','2013-09-04 12:17:07',23,'主叫','15620997038','北京'),('语音电话','2013-09-04 15:06:31',51,'主叫','13821209878','北京'),('语音电话','2013-09-04 15:07:38',1825,'主叫','13821209878','北京'),('语音电话','2013-09-04 18:54:51',19,'主叫','15620997038','北京'),('语音电话','2013-09-05 11:22:45',126,'主叫','15620997038','北京'),('语音电话','2013-09-05 14:53:26',36,'被叫','15611748260','北京'),('语音电话','2013-09-05 14:56:37',410,'被叫','15611748260','北京'),('语音电话','2013-09-05 15:09:49',19,'主叫','13032241017','北京'),('语音电话','2013-09-05 15:10:43',324,'主叫','13132241017','北京'),('语音电话','2013-09-05 15:20:54',44,'主叫','15620997038','北京'),('语音电话','2013-09-05 15:22:26',52,'主叫','15620997038','北京'),('语音电话','2013-09-05 17:27:25',14,'主叫','15611748260','北京'),('语音电话','2013-09-05 18:42:25',29,'主叫','15620997038','北京'),('语音电话','2013-09-06 09:04:37',37,'被叫','13911033784','北京'),('语音电话','2013-09-06 13:39:38',92,'被叫','15620997038','北京'),('语音电话','2013-09-06 16:02:39',32,'被叫','01057936781','北京'),('语音电话','2013-09-06 17:02:42',39,'主叫','13910912030','北京'),('语音电话','2013-09-06 17:53:12',24,'主叫','15620997038','北京'),('语音电话','2013-09-06 18:02:40',7,'主叫','15620997038','北京'),('语音电话','2013-09-07 10:58:07',13,'主叫','02210086','天津'),('语音电话','2013-09-07 11:28:05',348,'被叫','02227590001','天津'),('语音电话','2013-09-07 11:35:18',29,'主叫','02227695398','天津');

/*Table structure for table `cms_article` */

DROP TABLE IF EXISTS `cms_article`;

CREATE TABLE `cms_article` (
  `id` varchar(36) NOT NULL,
  `timestamp` datetime DEFAULT NULL,
  `allowComment` varchar(255) DEFAULT NULL,
  `color` varchar(255) DEFAULT NULL,
  `content` varchar(255) DEFAULT NULL,
  `copyfrom` varchar(255) DEFAULT NULL,
  `desciption` varchar(255) DEFAULT NULL,
  `hits` int(11) DEFAULT NULL,
  `inputDate` datetime DEFAULT NULL,
  `keywords` varchar(255) DEFAULT NULL,
  `posid` varchar(255) DEFAULT NULL,
  `status` varchar(255) DEFAULT NULL,
  `templates` varchar(255) DEFAULT NULL,
  `thumb` varchar(255) DEFAULT NULL,
  `title` varchar(255) DEFAULT NULL,
  `updateDate` datetime DEFAULT NULL,
  `weight` int(11) DEFAULT NULL,
  `category_id` varchar(36) DEFAULT NULL,
  `user_id` varchar(36) DEFAULT NULL,
  `tags` varchar(255) DEFAULT NULL,
  `outline` varchar(255) DEFAULT NULL,
  `site_id` varchar(36) DEFAULT NULL,
  `catName` varchar(255) DEFAULT NULL,
  PRIMARY KEY (`id`),
  KEY `FK935C9C00FBEF6F08` (`category_id`),
  KEY `FK935C9C0033321B32` (`user_id`),
  KEY `FK_dhlwo889mu6md0kuui51npttr` (`site_id`),
  CONSTRAINT `FK935C9C0033321B32` FOREIGN KEY (`user_id`) REFERENCES `base_userbasic` (`id`),
  CONSTRAINT `FK935C9C00FBEF6F08` FOREIGN KEY (`category_id`) REFERENCES `cms_category` (`id`),
  CONSTRAINT `FK_dhlwo889mu6md0kuui51npttr` FOREIGN KEY (`site_id`) REFERENCES `cms_site` (`id`)
) ENGINE=InnoDB DEFAULT CHARSET=utf8;

/*Data for the table `cms_article` */

insert  into `cms_article`(`id`,`timestamp`,`allowComment`,`color`,`content`,`copyfrom`,`desciption`,`hits`,`inputDate`,`keywords`,`posid`,`status`,`templates`,`thumb`,`title`,`updateDate`,`weight`,`category_id`,`user_id`,`tags`,`outline`,`site_id`,`catName`) values ('',NULL,NULL,NULL,NULL,NULL,NULL,NULL,NULL,NULL,NULL,'0',NULL,NULL,NULL,NULL,NULL,NULL,NULL,NULL,'213',NULL,NULL),('035e1f8b-2b73-4f7b-a672-4ab86749dff3','2015-07-18 23:34:58',NULL,NULL,NULL,NULL,NULL,NULL,NULL,NULL,NULL,'0',NULL,NULL,'cc',NULL,NULL,'2',NULL,NULL,'<p>cc</p>\r\n','1',NULL),('16bb04d9-782b-4584-acdb-d33a888dd2ae','2015-07-18 23:35:40',NULL,NULL,NULL,NULL,NULL,NULL,NULL,NULL,NULL,'0',NULL,NULL,'ggg',NULL,NULL,'2',NULL,NULL,'<p>ggg</p>\r\n','1',NULL),('199c2506-6916-49b9-a5fd-52f3c23435be','2015-07-18 23:30:58',NULL,NULL,NULL,NULL,NULL,NULL,NULL,NULL,NULL,'0',NULL,NULL,'ddd',NULL,NULL,'2',NULL,NULL,'<p>sdasd</p>\r\n','1',NULL),('1ef6cd6d-62e5-4a85-ab6b-e17de195ae86','2015-07-02 10:16:50',NULL,NULL,NULL,NULL,NULL,NULL,NULL,NULL,NULL,'0',NULL,NULL,'第一个',NULL,NULL,'2',NULL,NULL,'213','1',NULL),('255f9877-2174-4075-87f7-d11974f990e8','2015-07-18 23:25:04',NULL,NULL,NULL,NULL,NULL,NULL,NULL,NULL,NULL,'0',NULL,NULL,'rr',NULL,NULL,'2',NULL,NULL,'<p>rrr</p>\r\n','1',NULL),('2bda9c03-e1fe-43ed-9ad5-f64c8ec1d2d0','2015-07-22 11:31:30',NULL,NULL,NULL,NULL,NULL,NULL,NULL,'贫穷，可怕',NULL,'0',NULL,NULL,'贫穷有多可怕？',NULL,NULL,'2',NULL,'贫穷，可怕','<p>稍不留神跑到了第一，身为国家级贫困县区，每次家乡上新闻基本都是因为穷或者苦。</p>\r\n\r\n<p><span style=\"color:rgb(34, 34, 34)\">第一次获得如此多的赞同，让我窃喜的同时又黯然神伤。</span><br />\r\n<span style=\"color:rgb(34, 34, 34)\">当然这些事情最近的也有两三年了，有些是比较久远的事了，先在因为农村合作医','1',NULL),('b1bba64c-f868-43d7-b20f-d24649ff9631','2015-07-27 10:23:52',NULL,NULL,NULL,NULL,NULL,NULL,NULL,'三国,随笔,曹操',NULL,'0',NULL,NULL,'三国里，荀彧早期跟随曹操南征北战，为曹操立下汗马功劳，为什么后期却又极力反对曹操进晋魏王甚至称帝？',NULL,0,'2',NULL,'三国,随笔,曹操','<p><span style=\"color:rgb(34, 34, 34)\">八百多年前，有个叫管仲的人，看到周室衰微、诸侯内讧、夷狄四起、天下大乱。丫没有怀着理想主义情绪专门跑到成周洛阳去请求辅佐周天子，而是很现实地参与齐国的内斗，阴差阳错被曾经的政敌重用，最终成为齐国的相国，辅佐齐桓公成就了一番霸业。</span><br />\r\n<span style=\"color:rgb(34, 34, 3','1',NULL),('beddee56-299b-4bc7-b551-4f225cdf2d9e','2015-07-18 23:27:16',NULL,NULL,NULL,NULL,NULL,NULL,NULL,NULL,NULL,'0',NULL,NULL,'学霸们是如何高效率地学习、工作、生活的？',NULL,NULL,'2',NULL,NULL,'<p><span style=\"color:rgb(34, 34, 34)\">娱乐完之后，继续学习</span><br />\r\n<span style=\"color:rgb(34, 34, 34)\">完成一部分的定额，就得到奖励</span><br />\r\n<span style=\"color:rgb(34, 34, 34)\">把看似很大的任务，拆分成简单无比的小任务，就很容易做到最后</span','1',NULL),('bfac1b76-64de-4172-b015-f466d96cc8c8','2015-07-18 23:31:47',NULL,NULL,NULL,NULL,NULL,NULL,NULL,NULL,NULL,'0',NULL,NULL,'666',NULL,NULL,'2',NULL,NULL,'<p>666</p>\r\n','1',NULL),('dd6c1155-4c69-4ef6-9b23-dfa3633c949a','2014-05-05 15:58:37',NULL,NULL,NULL,NULL,NULL,NULL,NULL,NULL,NULL,'0',NULL,NULL,'ss',NULL,NULL,'2',NULL,NULL,'213','1',NULL),('f8ed6f40-df1e-41b4-8c32-925981287ee0','2015-07-18 23:34:17',NULL,NULL,NULL,NULL,NULL,NULL,NULL,NULL,NULL,'0',NULL,NULL,'yy',NULL,NULL,'2',NULL,NULL,'<p>yy</p>\r\n','1',NULL);

/*Table structure for table `cms_articledata` */

DROP TABLE IF EXISTS `cms_articledata`;

CREATE TABLE `cms_articledata` (
  `id` varchar(36) NOT NULL,
  `lobContent` longtext,
  PRIMARY KEY (`id`),
  KEY `FK1BDD8BAA7E94DA43` (`id`),
  CONSTRAINT `FK1BDD8BAA7E94DA43` FOREIGN KEY (`id`) REFERENCES `cms_article` (`id`)
) ENGINE=InnoDB DEFAULT CHARSET=utf8;

/*Data for the table `cms_articledata` */

insert  into `cms_articledata`(`id`,`lobContent`) values ('035e1f8b-2b73-4f7b-a672-4ab86749dff3','<p>cc</p>\r\n'),('16bb04d9-782b-4584-acdb-d33a888dd2ae','<p>ggg</p>\r\n'),('199c2506-6916-49b9-a5fd-52f3c23435be','<p>sdasd</p>\r\n'),('1ef6cd6d-62e5-4a85-ab6b-e17de195ae86','<p><img alt=\"\" src=\"http://localhost:8080/common/upload/image/20140505/3ceefc80-c4a0-414e-8c27-319416b07b39.gif\" style=\"height:288px; width:202px\" /></p>\r\n测试使用情况。如无问题，则以这个为模版'),('255f9877-2174-4075-87f7-d11974f990e8','<p>rrr</p>\r\n'),('2bda9c03-e1fe-43ed-9ad5-f64c8ec1d2d0','<p>稍不留神跑到了第一，身为国家级贫困县区，每次家乡上新闻基本都是因为穷或者苦。</p>\r\n\r\n<p><span style=\"color:rgb(34, 34, 34)\">第一次获得如此多的赞同，让我窃喜的同时又黯然神伤。</span><br />\r\n<span style=\"color:rgb(34, 34, 34)\">当然这些事情最近的也有两三年了，有些是比较久远的事了，先在因为农村合作医疗的普及，比以前好了很多。另外大家的收入也普遍提高了。但是贫穷依然还远远没有真正的摆脱。</span><br />\r\n<span style=\"color:rgb(34, 34, 34)\">没有课桌的小学，不通自来水，一到旱天就要几十里背水的村庄。依然存在着。当然随着社会的发展，都在变好，不论快慢。</span><br />\r\n<span style=\"color:rgb(34, 34, 34)\">现在政府的解决方案就是合村，把小村合成大村，逐级外迁。希望以后这样的事情越来越少。</span><br />\r\n<span style=\"color:rgb(34, 34, 34)\">其实这些穷人也不是大多数的情况，这几个人也是属于我见过的人中最穷或者最惨的那一部分。其他大部分人都没有那么苦了。我只是描述出来给大家看看，真正的穷有多可怕。我家的话因为比较愿意出来闯，没有那么穷，已经把家里的地送给别人，搬到县城住了。但老家确实还有一批相当穷的人。</span><br />\r\n&nbsp;</p>\r\n\r\n<p>对于贫穷的人来说，太遥远的事不敢想也不敢去做，孩子上学收益是未知的，但付出是确定的，对于有能力的人来说，搏一把，失败了无所谓，但是对于穷又没有能力的人来说就是孤注一掷了。所以选择打工的远比上学的多。</p>\r\n\r\n<p>以前上学的时候，8岁起就要每天翻两座山包六趟去读书。12岁起就要每周步行三四十里山路去读书，年龄更大些就更远了，有的同学从学校回家要坐几个小时的大巴。所以都是一学期回家一次，但是对于十几岁的小孩来说，这实在是太苦了。所以很多人就选择了不读书，打工。</p>\r\n\r\n<p><br />\r\n&nbsp;</p>\r\n\r\n<p>大概十来年前的事，同村的一个光棍，孤儿，被倒下来的土墙拍了一下。当时头都软了，拿布包了下，去医院看了，医院说头骨碎了，需要几万块，这人说没有，就简单处理下回家等死，然后就死了。<br />\r\n大学时候去医院里，碰见一个人，腹水，瘦的骨架一样，挺个篮球一样的大肚子，医生说你这个要住院啊，他说没钱啊，医生叹了口气，说你这个就没办法了，这个人就摇摇晃晃回家了，手里还拿个小凳子，走一段就坐下来歇歇。<br />\r\n前几年外村的一个老人，得了重病，听说要花很多钱，可他知道孩子穷，就上吊自杀了。<br />\r\n以前村里有一座空宅，老人都不允许靠近。因为哪一家人得了肺结核，又穷，那时候好像没有免费治疗，而且就算有他们连路费都出不起，后面就全家死光了，好像剩下一个远走他乡了。<br />\r\n我看了几个高票答案，看来知乎上的群体收入层次比较高，都没见过真正的贫穷，真正的贫穷根本来不及考虑所谓教育，眼界，出路，真正的贫穷就是一不小心，就死了。</p>\r\n'),('b1bba64c-f868-43d7-b20f-d24649ff9631','<p><span style=\"color:rgb(34, 34, 34)\">八百多年前，有个叫管仲的人，看到周室衰微、诸侯内讧、夷狄四起、天下大乱。丫没有怀着理想主义情绪专门跑到成周洛阳去请求辅佐周天子，而是很现实地参与齐国的内斗，阴差阳错被曾经的政敌重用，最终成为齐国的相国，辅佐齐桓公成就了一番霸业。</span><br />\r\n<span style=\"color:rgb(34, 34, 34)\">这霸业是什么？</span><br />\r\n<span style=\"color:rgb(34, 34, 34)\">就是&ldquo;尊王攘夷&rdquo;，让齐桓公会盟诸侯，尊崇周天子，复辟被戎狄消灭的诸侯国，最大限度地恢复周朝原有的秩序。</span><br />\r\n<span style=\"color:rgb(34, 34, 34)\">至于有没有给齐国增加什么好处？</span><br />\r\n<span style=\"color:rgb(34, 34, 34)\">几乎没有。</span><br />\r\n<span style=\"color:rgb(34, 34, 34)\">齐桓公虽贵为霸主，征伐遍及天下，北到孤竹西到流沙，几乎比他之前任何一个华夏帝王的征讨范围都要广阔，在出兵范围之广上，善战的商王武丁和周穆王都似乎不及于他。</span><br />\r\n<span style=\"color:rgb(34, 34, 34)\">然而齐桓公为自己的封地齐国方面，开疆拓土的贡献几乎还不如他那个以乱伦昏聩而闻名的哥哥齐襄公&hellip;&hellip;，相对于其他的春秋五霸，齐桓公简直人畜无害小白兔。齐桓公的霸业，实实在在收益的是所有的华夏诸侯和周天子，齐国获得的只有虚名，虽然虚名自然也有用。</span><br />\r\n<span style=\"color:rgb(34, 34, 34)\">所以孔子曰：&ldquo; 晋文公谲而不正，齐桓公正而不谲 。&rdquo;</span><br />\r\n<span style=\"color:rgb(34, 34, 34)\">这几乎都是管仲的功劳。</span><br />\r\n<span style=\"color:rgb(34, 34, 34)\">所以孔子又说：&ldquo;管仲相桓公，霸诸侯，一匡天下，民到于今受其赐。微管仲，吾其被发左衽矣。&rdquo;</span><br />\r\n<span style=\"color:rgb(34, 34, 34)\">所以在每个士人都将管仲当做人生目标学习和奋斗的时候，荀彧将眼前这个叫曹操的的大胡子臆想成自己人生中的齐桓公，还是很有可能的。</span></p>\r\n'),('beddee56-299b-4bc7-b551-4f225cdf2d9e','<p><span style=\"color:rgb(34, 34, 34)\">娱乐完之后，继续学习</span><br />\r\n<span style=\"color:rgb(34, 34, 34)\">完成一部分的定额，就得到奖励</span><br />\r\n<span style=\"color:rgb(34, 34, 34)\">把看似很大的任务，拆分成简单无比的小任务，就很容易做到最后</span><br />\r\n<span style=\"color:rgb(34, 34, 34)\">这是因为，</span><strong>积分法把学习反馈的频率，降低到了一个适合自己反馈周期的程度</strong><br />\r\n<br />\r\n<span style=\"color:rgb(34, 34, 34)\">别忘了给自己一个休息娱乐的指标</span><br />\r\n<span style=\"color:rgb(34, 34, 34)\">&mdash;&mdash;</span><strong>比如平均每星期，可以无忧无虑痛快玩一天，不必有任何学习的想法</strong><br />\r\n<span style=\"color:rgb(34, 34, 34)\">那天的分数，就记作X即可</span><br />\r\n<span style=\"color:rgb(34, 34, 34)\">因为如果一直学下去，没有放松的休息日，我敢保证即使是钢铁的意志也会崩溃...</span></p>\r\n'),('bfac1b76-64de-4172-b015-f466d96cc8c8','<p>666</p>\r\n'),('dd6c1155-4c69-4ef6-9b23-dfa3633c949a','<p><img alt=\"\" src=\"http://localhost:8080/common/upload/image/20140505/0a167314-18b5-468b-a57f-45da1360d8f6.gif\" style=\"width: 190px; height: 310px;\" /><img alt=\"\" src=\"http://localhost:8080/common/upload/image/20140505/1b582f17-f750-4ca5-b68c-b28fdf07fac3.gif\" style=\"width: 210px; height: 225px;\" /></p>\r\n'),('f8ed6f40-df1e-41b4-8c32-925981287ee0','<p>yy</p>\r\n');

/*Table structure for table `cms_articletag` */

DROP TABLE IF EXISTS `cms_articletag`;

CREATE TABLE `cms_articletag` (
  `id` varchar(36) NOT NULL,
  `timestamp` datetime DEFAULT NULL,
  `article_id` varchar(36) DEFAULT NULL,
  `tags_id` varchar(36) DEFAULT NULL,
  PRIMARY KEY (`id`),
  KEY `FK_i4ggs212anspxpkxaqypp2ig1` (`article_id`),
  KEY `FK_fwldg50r5xdtfw498iuwh2jsv` (`tags_id`),
  CONSTRAINT `FK_fwldg50r5xdtfw498iuwh2jsv` FOREIGN KEY (`tags_id`) REFERENCES `cms_tags` (`id`),
  CONSTRAINT `FK_i4ggs212anspxpkxaqypp2ig1` FOREIGN KEY (`article_id`) REFERENCES `cms_article` (`id`)
) ENGINE=InnoDB DEFAULT CHARSET=utf8;

/*Data for the table `cms_articletag` */

insert  into `cms_articletag`(`id`,`timestamp`,`article_id`,`tags_id`) values ('3040e769-318d-435f-a519-3b6c33d33f21','2015-07-22 11:31:30','2bda9c03-e1fe-43ed-9ad5-f64c8ec1d2d0','90c72b34-d90f-4e3d-9c3e-f53d9aced249'),('422ab8a9-7ceb-4a36-ad69-a595c7b64933','2015-07-22 11:31:30','2bda9c03-e1fe-43ed-9ad5-f64c8ec1d2d0','ffee1230-5f76-47a0-873f-74bacbfd1448');

/*Table structure for table `cms_category` */

DROP TABLE IF EXISTS `cms_category`;

CREATE TABLE `cms_category` (
  `id` varchar(36) NOT NULL,
  `timestamp` datetime DEFAULT NULL,
  `allowComment` varchar(255) DEFAULT NULL,
  `delFlag` varchar(255) DEFAULT NULL,
  `desciption` varchar(255) DEFAULT NULL,
  `href` varchar(255) DEFAULT NULL,
  `image` varchar(255) DEFAULT NULL,
  `inList` varchar(255) DEFAULT NULL,
  `inMenu` varchar(255) DEFAULT NULL,
  `keywords` varchar(255) DEFAULT NULL,
  `module` varchar(255) DEFAULT NULL,
  `name` varchar(255) DEFAULT NULL,
  `showModes` varchar(255) DEFAULT NULL,
  `sort` int(11) DEFAULT NULL,
  `target` varchar(255) DEFAULT NULL,
  `templates` varchar(255) DEFAULT NULL,
  `parent_id` varchar(36) DEFAULT NULL,
  `site_id` varchar(36) DEFAULT NULL,
  `displayName` varchar(255) DEFAULT NULL,
  `catSize` int(11) DEFAULT NULL,
  PRIMARY KEY (`id`),
  KEY `FK2478CF341BAD73DC` (`parent_id`),
  KEY `FK2478CF34F8C69568` (`site_id`),
  CONSTRAINT `FK2478CF341BAD73DC` FOREIGN KEY (`parent_id`) REFERENCES `cms_category` (`id`),
  CONSTRAINT `FK2478CF34F8C69568` FOREIGN KEY (`site_id`) REFERENCES `cms_site` (`id`)
) ENGINE=InnoDB DEFAULT CHARSET=utf8;

/*Data for the table `cms_category` */

insert  into `cms_category`(`id`,`timestamp`,`allowComment`,`delFlag`,`desciption`,`href`,`image`,`inList`,`inMenu`,`keywords`,`module`,`name`,`showModes`,`sort`,`target`,`templates`,`parent_id`,`site_id`,`displayName`,`catSize`) values ('2','2014-05-05 10:36:58',NULL,NULL,NULL,NULL,NULL,NULL,NULL,NULL,NULL,'news',NULL,NULL,NULL,'channel.html',NULL,'1','新闻',20),('3','2015-07-18 23:42:41',NULL,'0',NULL,NULL,NULL,NULL,NULL,NULL,NULL,'dev',NULL,NULL,NULL,'dev.html',NULL,'1','开发历程',20),('4','2015-07-18 23:42:41',NULL,NULL,NULL,NULL,NULL,NULL,NULL,NULL,NULL,'net',NULL,NULL,NULL,NULL,NULL,NULL,'网络文摘',20);

/*Table structure for table `cms_comment` */

DROP TABLE IF EXISTS `cms_comment`;

CREATE TABLE `cms_comment` (
  `id` varchar(36) NOT NULL,
  `timestamp` datetime DEFAULT NULL,
  `auditDate` datetime DEFAULT NULL,
  `auditUser` tinyblob,
  `content` varchar(255) DEFAULT NULL,
  `contentId` bigint(20) DEFAULT NULL,
  `createDate` datetime DEFAULT NULL,
  `ip` varchar(255) DEFAULT NULL,
  `module` varchar(255) DEFAULT NULL,
  `name` varchar(255) DEFAULT NULL,
  `status` int(11) DEFAULT NULL,
  `title` varchar(255) DEFAULT NULL,
  `article_id` varchar(36) DEFAULT NULL,
  PRIMARY KEY (`id`),
  KEY `FK_n527ht479dh7p14cv7ucbnhx5` (`article_id`),
  CONSTRAINT `FK_n527ht479dh7p14cv7ucbnhx5` FOREIGN KEY (`article_id`) REFERENCES `cms_article` (`id`)
) ENGINE=InnoDB DEFAULT CHARSET=utf8;

/*Data for the table `cms_comment` */

/*Table structure for table `cms_site` */

DROP TABLE IF EXISTS `cms_site`;

CREATE TABLE `cms_site` (
  `id` varchar(36) NOT NULL,
  `timestamp` datetime DEFAULT NULL,
  `copyright` varchar(255) DEFAULT NULL,
  `delFlag` int(11) DEFAULT NULL,
  `desciption` varchar(255) DEFAULT NULL,
  `keywords` varchar(255) DEFAULT NULL,
  `name` varchar(255) DEFAULT NULL,
  `theme` varchar(255) DEFAULT NULL,
  `title` varchar(255) DEFAULT NULL,
  `path` varchar(255) DEFAULT NULL,
  PRIMARY KEY (`id`)
) ENGINE=InnoDB DEFAULT CHARSET=utf8;

/*Data for the table `cms_site` */

insert  into `cms_site`(`id`,`timestamp`,`copyright`,`delFlag`,`desciption`,`keywords`,`name`,`theme`,`title`,`path`) values ('1','2013-04-16 22:49:16',NULL,NULL,NULL,NULL,'主站','default','主站','blog');

/*Table structure for table `cms_tags` */

DROP TABLE IF EXISTS `cms_tags`;

CREATE TABLE `cms_tags` (
  `id` varchar(36) NOT NULL,
  `timestamp` datetime DEFAULT NULL,
  `publishCount` int(11) DEFAULT NULL,
  `refCount` int(11) DEFAULT NULL,
  `tagName` varchar(255) DEFAULT NULL,
  `siteId` varchar(255) DEFAULT NULL,
  PRIMARY KEY (`id`)
) ENGINE=InnoDB DEFAULT CHARSET=utf8;

/*Data for the table `cms_tags` */

insert  into `cms_tags`(`id`,`timestamp`,`publishCount`,`refCount`,`tagName`,`siteId`) values ('0dea7228-50d9-4932-b48f-a3693fdc9656','2015-07-27 10:23:52',3,3,'曹操','1'),('7c2c1d04-6a2f-4d46-b047-b5391ec17c08','2015-07-27 10:23:52',2,2,'随笔','1'),('90c72b34-d90f-4e3d-9c3e-f53d9aced249','2015-07-22 11:31:30',1,1,'贫穷','1'),('c2a4be63-11d1-4de7-8331-7da85b857e8d','2015-07-27 10:23:52',2,2,'三国','1'),('ffee1230-5f76-47a0-873f-74bacbfd1448','2015-07-22 11:31:30',1,1,'可怕','1');

/*Table structure for table `content` */

DROP TABLE IF EXISTS `content`;

CREATE TABLE `content` (
  `id` bigint(20) NOT NULL AUTO_INCREMENT,
  `content` longblob,
  PRIMARY KEY (`id`)
) ENGINE=InnoDB DEFAULT CHARSET=utf8;

/*Data for the table `content` */

/*Table structure for table `deadline` */

DROP TABLE IF EXISTS `deadline`;

CREATE TABLE `deadline` (
  `id` bigint(20) NOT NULL AUTO_INCREMENT,
  `deadline_date` datetime DEFAULT NULL,
  `escalated` smallint(6) DEFAULT NULL,
  `Deadlines_StartDeadLine_Id` bigint(20) DEFAULT NULL,
  `Deadlines_EndDeadLine_Id` bigint(20) DEFAULT NULL,
  PRIMARY KEY (`id`),
  KEY `FK21DF3E78684BACA3` (`Deadlines_StartDeadLine_Id`),
  KEY `FK21DF3E7827ABEB8A` (`Deadlines_EndDeadLine_Id`),
  CONSTRAINT `FK21DF3E7827ABEB8A` FOREIGN KEY (`Deadlines_EndDeadLine_Id`) REFERENCES `task` (`id`),
  CONSTRAINT `FK21DF3E78684BACA3` FOREIGN KEY (`Deadlines_StartDeadLine_Id`) REFERENCES `task` (`id`)
) ENGINE=InnoDB DEFAULT CHARSET=utf8;

/*Data for the table `deadline` */

/*Table structure for table `delegation_delegates` */

DROP TABLE IF EXISTS `delegation_delegates`;

CREATE TABLE `delegation_delegates` (
  `task_id` bigint(20) NOT NULL,
  `entity_id` varchar(255) NOT NULL,
  KEY `FK47485D572C122ED2` (`entity_id`),
  KEY `FK47485D5736B2F154` (`task_id`),
  CONSTRAINT `FK47485D572C122ED2` FOREIGN KEY (`entity_id`) REFERENCES `organizationalentity` (`id`),
  CONSTRAINT `FK47485D5736B2F154` FOREIGN KEY (`task_id`) REFERENCES `task` (`id`)
) ENGINE=InnoDB DEFAULT CHARSET=utf8;

/*Data for the table `delegation_delegates` */

/*Table structure for table `email_header` */

DROP TABLE IF EXISTS `email_header`;

CREATE TABLE `email_header` (
  `id` bigint(20) NOT NULL AUTO_INCREMENT,
  `body` longtext,
  `fromAddress` varchar(255) DEFAULT NULL,
  `language` varchar(255) DEFAULT NULL,
  `replyToAddress` varchar(255) DEFAULT NULL,
  `subject` varchar(255) DEFAULT NULL,
  PRIMARY KEY (`id`)
) ENGINE=InnoDB DEFAULT CHARSET=utf8;

/*Data for the table `email_header` */

/*Table structure for table `escalation` */

DROP TABLE IF EXISTS `escalation`;

CREATE TABLE `escalation` (
  `id` bigint(20) NOT NULL AUTO_INCREMENT,
  `name` varchar(255) DEFAULT NULL,
  `Deadline_Escalation_Id` bigint(20) DEFAULT NULL,
  PRIMARY KEY (`id`),
  KEY `FK67B2C6B5C7A04C70` (`Deadline_Escalation_Id`),
  CONSTRAINT `FK67B2C6B5C7A04C70` FOREIGN KEY (`Deadline_Escalation_Id`) REFERENCES `deadline` (`id`)
) ENGINE=InnoDB DEFAULT CHARSET=utf8;

/*Data for the table `escalation` */

/*Table structure for table `eventtypes` */

DROP TABLE IF EXISTS `eventtypes`;

CREATE TABLE `eventtypes` (
  `InstanceId` bigint(20) NOT NULL,
  `eventTypes` varchar(255) DEFAULT NULL,
  KEY `FKB0E5621F7665489A` (`InstanceId`),
  CONSTRAINT `FKB0E5621F7665489A` FOREIGN KEY (`InstanceId`) REFERENCES `processinstanceinfo` (`InstanceId`)
) ENGINE=InnoDB DEFAULT CHARSET=utf8;

/*Data for the table `eventtypes` */

/*Table structure for table `i18ntext` */

DROP TABLE IF EXISTS `i18ntext`;

CREATE TABLE `i18ntext` (
  `id` bigint(20) NOT NULL AUTO_INCREMENT,
  `language` varchar(255) DEFAULT NULL,
  `text` longtext,
  `Task_Subjects_Id` bigint(20) DEFAULT NULL,
  `Task_Names_Id` bigint(20) DEFAULT NULL,
  `Task_Descriptions_Id` bigint(20) DEFAULT NULL,
  `Reassignment_Documentation_Id` bigint(20) DEFAULT NULL,
  `Notification_Subjects_Id` bigint(20) DEFAULT NULL,
  `Notification_Names_Id` bigint(20) DEFAULT NULL,
  `Notification_Documentation_Id` bigint(20) DEFAULT NULL,
  `Notification_Descriptions_Id` bigint(20) DEFAULT NULL,
  `Deadline_Documentation_Id` bigint(20) DEFAULT NULL,
  PRIMARY KEY (`id`),
  KEY `FK2349686BB2FA6B18` (`Task_Subjects_Id`),
  KEY `FK2349686B98B62B` (`Task_Names_Id`),
  KEY `FK2349686B69B21EE8` (`Task_Descriptions_Id`),
  KEY `FK2349686B5EEBB6D9` (`Reassignment_Documentation_Id`),
  KEY `FK2349686BF952CEE4` (`Notification_Subjects_Id`),
  KEY `FK2349686BD488CEEB` (`Notification_Names_Id`),
  KEY `FK2349686B8046A239` (`Notification_Documentation_Id`),
  KEY `FK2349686B2162DFB4` (`Notification_Descriptions_Id`),
  KEY `FK2349686B3330F6D9` (`Deadline_Documentation_Id`),
  CONSTRAINT `FK2349686B2162DFB4` FOREIGN KEY (`Notification_Descriptions_Id`) REFERENCES `notification` (`id`),
  CONSTRAINT `FK2349686B3330F6D9` FOREIGN KEY (`Deadline_Documentation_Id`) REFERENCES `deadline` (`id`),
  CONSTRAINT `FK2349686B5EEBB6D9` FOREIGN KEY (`Reassignment_Documentation_Id`) REFERENCES `reassignment` (`id`),
  CONSTRAINT `FK2349686B69B21EE8` FOREIGN KEY (`Task_Descriptions_Id`) REFERENCES `task` (`id`),
  CONSTRAINT `FK2349686B8046A239` FOREIGN KEY (`Notification_Documentation_Id`) REFERENCES `notification` (`id`),
  CONSTRAINT `FK2349686B98B62B` FOREIGN KEY (`Task_Names_Id`) REFERENCES `task` (`id`),
  CONSTRAINT `FK2349686BB2FA6B18` FOREIGN KEY (`Task_Subjects_Id`) REFERENCES `task` (`id`),
  CONSTRAINT `FK2349686BD488CEEB` FOREIGN KEY (`Notification_Names_Id`) REFERENCES `notification` (`id`),
  CONSTRAINT `FK2349686BF952CEE4` FOREIGN KEY (`Notification_Subjects_Id`) REFERENCES `notification` (`id`)
) ENGINE=InnoDB DEFAULT CHARSET=utf8;

/*Data for the table `i18ntext` */

/*Table structure for table `nodeinstancelog` */

DROP TABLE IF EXISTS `nodeinstancelog`;

CREATE TABLE `nodeinstancelog` (
  `id` bigint(20) NOT NULL AUTO_INCREMENT,
  `log_date` datetime DEFAULT NULL,
  `nodeId` varchar(255) DEFAULT NULL,
  `nodeInstanceId` varchar(255) DEFAULT NULL,
  `nodeName` varchar(255) DEFAULT NULL,
  `processId` varchar(255) DEFAULT NULL,
  `processInstanceId` bigint(20) NOT NULL,
  `type` int(11) NOT NULL,
  PRIMARY KEY (`id`)
) ENGINE=InnoDB DEFAULT CHARSET=utf8;

/*Data for the table `nodeinstancelog` */

/*Table structure for table `notification` */

DROP TABLE IF EXISTS `notification`;

CREATE TABLE `notification` (
  `DTYPE` varchar(31) NOT NULL,
  `id` bigint(20) NOT NULL AUTO_INCREMENT,
  `priority` int(11) NOT NULL,
  `Escalation_Notifications_Id` bigint(20) DEFAULT NULL,
  PRIMARY KEY (`id`),
  KEY `FK2D45DD0B3E0890B` (`Escalation_Notifications_Id`),
  CONSTRAINT `FK2D45DD0B3E0890B` FOREIGN KEY (`Escalation_Notifications_Id`) REFERENCES `escalation` (`id`)
) ENGINE=InnoDB DEFAULT CHARSET=utf8;

/*Data for the table `notification` */

/*Table structure for table `notification_bas` */

DROP TABLE IF EXISTS `notification_bas`;

CREATE TABLE `notification_bas` (
  `task_id` bigint(20) NOT NULL,
  `entity_id` varchar(255) NOT NULL,
  KEY `FK2DD68EE02C122ED2` (`entity_id`),
  KEY `FK2DD68EE09C76EABA` (`task_id`),
  CONSTRAINT `FK2DD68EE02C122ED2` FOREIGN KEY (`entity_id`) REFERENCES `organizationalentity` (`id`),
  CONSTRAINT `FK2DD68EE09C76EABA` FOREIGN KEY (`task_id`) REFERENCES `notification` (`id`)
) ENGINE=InnoDB DEFAULT CHARSET=utf8;

/*Data for the table `notification_bas` */

/*Table structure for table `notification_email_header` */

DROP TABLE IF EXISTS `notification_email_header`;

CREATE TABLE `notification_email_header` (
  `Notification_id` bigint(20) NOT NULL,
  `emailHeaders_id` bigint(20) NOT NULL,
  `mapkey` varchar(255) NOT NULL,
  PRIMARY KEY (`Notification_id`,`mapkey`),
  KEY `FKF30FE3441F7B912A` (`emailHeaders_id`),
  KEY `FKF30FE34430BE501C` (`Notification_id`),
  CONSTRAINT `FKF30FE3441F7B912A` FOREIGN KEY (`emailHeaders_id`) REFERENCES `email_header` (`id`),
  CONSTRAINT `FKF30FE34430BE501C` FOREIGN KEY (`Notification_id`) REFERENCES `notification` (`id`)
) ENGINE=InnoDB DEFAULT CHARSET=utf8;

/*Data for the table `notification_email_header` */

/*Table structure for table `notification_recipients` */

DROP TABLE IF EXISTS `notification_recipients`;

CREATE TABLE `notification_recipients` (
  `task_id` bigint(20) NOT NULL,
  `entity_id` varchar(255) NOT NULL,
  KEY `FK98FD214E2C122ED2` (`entity_id`),
  KEY `FK98FD214E9C76EABA` (`task_id`),
  CONSTRAINT `FK98FD214E2C122ED2` FOREIGN KEY (`entity_id`) REFERENCES `organizationalentity` (`id`),
  CONSTRAINT `FK98FD214E9C76EABA` FOREIGN KEY (`task_id`) REFERENCES `notification` (`id`)
) ENGINE=InnoDB DEFAULT CHARSET=utf8;

/*Data for the table `notification_recipients` */

/*Table structure for table `organizationalentity` */

DROP TABLE IF EXISTS `organizationalentity`;

CREATE TABLE `organizationalentity` (
  `DTYPE` varchar(31) NOT NULL,
  `id` varchar(255) NOT NULL,
  PRIMARY KEY (`id`)
) ENGINE=InnoDB DEFAULT CHARSET=utf8;

/*Data for the table `organizationalentity` */

/*Table structure for table `peopleassignments_bas` */

DROP TABLE IF EXISTS `peopleassignments_bas`;

CREATE TABLE `peopleassignments_bas` (
  `task_id` bigint(20) NOT NULL,
  `entity_id` varchar(255) NOT NULL,
  KEY `FK9D8CF4EC2C122ED2` (`entity_id`),
  KEY `FK9D8CF4EC36B2F154` (`task_id`),
  CONSTRAINT `FK9D8CF4EC2C122ED2` FOREIGN KEY (`entity_id`) REFERENCES `organizationalentity` (`id`),
  CONSTRAINT `FK9D8CF4EC36B2F154` FOREIGN KEY (`task_id`) REFERENCES `task` (`id`)
) ENGINE=InnoDB DEFAULT CHARSET=utf8;

/*Data for the table `peopleassignments_bas` */

/*Table structure for table `peopleassignments_exclowners` */

DROP TABLE IF EXISTS `peopleassignments_exclowners`;

CREATE TABLE `peopleassignments_exclowners` (
  `task_id` bigint(20) NOT NULL,
  `entity_id` varchar(255) NOT NULL,
  KEY `FKC77B97E42C122ED2` (`entity_id`),
  KEY `FKC77B97E436B2F154` (`task_id`),
  CONSTRAINT `FKC77B97E42C122ED2` FOREIGN KEY (`entity_id`) REFERENCES `organizationalentity` (`id`),
  CONSTRAINT `FKC77B97E436B2F154` FOREIGN KEY (`task_id`) REFERENCES `task` (`id`)
) ENGINE=InnoDB DEFAULT CHARSET=utf8;

/*Data for the table `peopleassignments_exclowners` */

/*Table structure for table `peopleassignments_potowners` */

DROP TABLE IF EXISTS `peopleassignments_potowners`;

CREATE TABLE `peopleassignments_potowners` (
  `task_id` bigint(20) NOT NULL,
  `entity_id` varchar(255) NOT NULL,
  KEY `FK1EE418D2C122ED2` (`entity_id`),
  KEY `FK1EE418D36B2F154` (`task_id`),
  CONSTRAINT `FK1EE418D2C122ED2` FOREIGN KEY (`entity_id`) REFERENCES `organizationalentity` (`id`),
  CONSTRAINT `FK1EE418D36B2F154` FOREIGN KEY (`task_id`) REFERENCES `task` (`id`)
) ENGINE=InnoDB DEFAULT CHARSET=utf8;

/*Data for the table `peopleassignments_potowners` */

/*Table structure for table `peopleassignments_recipients` */

DROP TABLE IF EXISTS `peopleassignments_recipients`;

CREATE TABLE `peopleassignments_recipients` (
  `task_id` bigint(20) NOT NULL,
  `entity_id` varchar(255) NOT NULL,
  KEY `FKC6F615C22C122ED2` (`entity_id`),
  KEY `FKC6F615C236B2F154` (`task_id`),
  CONSTRAINT `FKC6F615C22C122ED2` FOREIGN KEY (`entity_id`) REFERENCES `organizationalentity` (`id`),
  CONSTRAINT `FKC6F615C236B2F154` FOREIGN KEY (`task_id`) REFERENCES `task` (`id`)
) ENGINE=InnoDB DEFAULT CHARSET=utf8;

/*Data for the table `peopleassignments_recipients` */

/*Table structure for table `peopleassignments_stakeholders` */

DROP TABLE IF EXISTS `peopleassignments_stakeholders`;

CREATE TABLE `peopleassignments_stakeholders` (
  `task_id` bigint(20) NOT NULL,
  `entity_id` varchar(255) NOT NULL,
  KEY `FK482F79D52C122ED2` (`entity_id`),
  KEY `FK482F79D536B2F154` (`task_id`),
  CONSTRAINT `FK482F79D52C122ED2` FOREIGN KEY (`entity_id`) REFERENCES `organizationalentity` (`id`),
  CONSTRAINT `FK482F79D536B2F154` FOREIGN KEY (`task_id`) REFERENCES `task` (`id`)
) ENGINE=InnoDB DEFAULT CHARSET=utf8;

/*Data for the table `peopleassignments_stakeholders` */

/*Table structure for table `processinstanceinfo` */

DROP TABLE IF EXISTS `processinstanceinfo`;

CREATE TABLE `processinstanceinfo` (
  `InstanceId` bigint(20) NOT NULL AUTO_INCREMENT,
  `id` bigint(20) DEFAULT NULL,
  `lastModificationDate` date DEFAULT NULL,
  `lastReadDate` date DEFAULT NULL,
  `processId` varchar(255) DEFAULT NULL,
  `processInstanceByteArray` longblob,
  `startDate` date DEFAULT NULL,
  `state` int(11) NOT NULL,
  `OPTLOCK` int(11) DEFAULT NULL,
  PRIMARY KEY (`InstanceId`)
) ENGINE=InnoDB DEFAULT CHARSET=utf8;

/*Data for the table `processinstanceinfo` */

/*Table structure for table `processinstancelog` */

DROP TABLE IF EXISTS `processinstancelog`;

CREATE TABLE `processinstancelog` (
  `id` bigint(20) NOT NULL AUTO_INCREMENT,
  `end_date` datetime DEFAULT NULL,
  `processId` varchar(255) DEFAULT NULL,
  `processInstanceId` bigint(20) NOT NULL,
  `start_date` datetime DEFAULT NULL,
  PRIMARY KEY (`id`)
) ENGINE=InnoDB DEFAULT CHARSET=utf8;

/*Data for the table `processinstancelog` */

/*Table structure for table `reassignment` */

DROP TABLE IF EXISTS `reassignment`;

CREATE TABLE `reassignment` (
  `id` bigint(20) NOT NULL AUTO_INCREMENT,
  `Escalation_Reassignments_Id` bigint(20) DEFAULT NULL,
  PRIMARY KEY (`id`),
  KEY `FK724D0560A5C17EE0` (`Escalation_Reassignments_Id`),
  CONSTRAINT `FK724D0560A5C17EE0` FOREIGN KEY (`Escalation_Reassignments_Id`) REFERENCES `escalation` (`id`)
) ENGINE=InnoDB DEFAULT CHARSET=utf8;

/*Data for the table `reassignment` */

/*Table structure for table `reassignment_potentialowners` */

DROP TABLE IF EXISTS `reassignment_potentialowners`;

CREATE TABLE `reassignment_potentialowners` (
  `task_id` bigint(20) NOT NULL,
  `entity_id` varchar(255) NOT NULL,
  KEY `FK90B59CFF2C122ED2` (`entity_id`),
  KEY `FK90B59CFFE17E130F` (`task_id`),
  CONSTRAINT `FK90B59CFF2C122ED2` FOREIGN KEY (`entity_id`) REFERENCES `organizationalentity` (`id`),
  CONSTRAINT `FK90B59CFFE17E130F` FOREIGN KEY (`task_id`) REFERENCES `reassignment` (`id`)
) ENGINE=InnoDB DEFAULT CHARSET=utf8;

/*Data for the table `reassignment_potentialowners` */

/*Table structure for table `sessioninfo` */

DROP TABLE IF EXISTS `sessioninfo`;

CREATE TABLE `sessioninfo` (
  `id` int(11) NOT NULL AUTO_INCREMENT,
  `lastModificationDate` datetime DEFAULT NULL,
  `rulesByteArray` longblob,
  `startDate` datetime DEFAULT NULL,
  `OPTLOCK` int(11) DEFAULT NULL,
  PRIMARY KEY (`id`)
) ENGINE=InnoDB AUTO_INCREMENT=38 DEFAULT CHARSET=utf8;

/*Data for the table `sessioninfo` */

insert  into `sessioninfo`(`id`,`lastModificationDate`,`rulesByteArray`,`startDate`,`OPTLOCK`) values (1,NULL,'\0wM\n\0RC\0\0\Z9\0 \02\0\0B\Z\nMAIN\0\"\nMAINR	\nDEFAULTZ\n\n2\0\0\"h\0','2013-04-16 13:53:55',0),(2,NULL,'\0wM\n\0RC\0\0\Z9\0 \02\0\0B\Z\nMAIN\0\"\nMAINR	\nDEFAULTZ\n\n2\0\0\"h\0','2013-04-16 22:24:08',0),(3,NULL,'\0wM\n\0RC\0\0\Z9\0 \02\0\0B\Z\nMAIN\0\"\nMAINR	\nDEFAULTZ\n\n2\0\0\"h\0','2013-04-17 12:23:58',0),(4,NULL,'\0wM\n\0RC\0\0\Z9\0 \02\0\0B\Z\nMAIN\0\"\nMAINR	\nDEFAULTZ\n\n2\0\0\"h\0','2013-04-17 12:59:15',0),(5,NULL,'\0wM\n\0RC\0\0\Z9\0 \02\0\0B\Z\nMAIN\0\"\nMAINR	\nDEFAULTZ\n\n2\0\0\"h\0','2013-04-17 13:03:27',0),(6,NULL,'\0wM\n\0RC\0\0\Z9\0 \02\0\0B\Z\nMAIN\0\"\nMAINR	\nDEFAULTZ\n\n2\0\0\"h\0','2013-04-17 13:07:18',0),(7,NULL,'\0wM\n\0RC\0\0\Z9\0 \02\0\0B\Z\nMAIN\0\"\nMAINR	\nDEFAULTZ\n\n2\0\0\"h\0','2013-04-17 13:08:43',0),(8,NULL,'\0wM\n\0RC\0\0\Z9\0 \02\0\0B\Z\nMAIN\0\"\nMAINR	\nDEFAULTZ\n\n2\0\0\"h\0','2013-04-17 13:18:07',0),(9,NULL,'\0wM\n\0RC\0\0\Z9\0 \02\0\0B\Z\nMAIN\0\"\nMAINR	\nDEFAULTZ\n\n2\0\0\"h\0','2013-04-17 13:20:30',0),(10,NULL,'\0wM\n\0RC\0\0\Z9\0 \02\0\0B\Z\nMAIN\0\"\nMAINR	\nDEFAULTZ\n\n2\0\0\"h\0','2013-04-17 13:21:48',0),(11,NULL,'\0wM\n\0RC\0\0\Z9\0 \02\0\0B\Z\nMAIN\0\"\nMAINR	\nDEFAULTZ\n\n2\0\0\"h\0','2013-04-17 13:23:29',0),(12,NULL,'\0wM\n\0RC\0\0\Z9\0 \02\0\0B\Z\nMAIN\0\"\nMAINR	\nDEFAULTZ\n\n2\0\0\"h\0','2013-04-17 13:29:44',0),(13,NULL,'\0wM\n\0RC\0\0\Z9\0 \02\0\0B\Z\nMAIN\0\"\nMAINR	\nDEFAULTZ\n\n2\0\0\"h\0','2013-04-17 13:32:46',0),(14,NULL,'\0wM\n\0RC\0\0\Z9\0 \02\0\0B\Z\nMAIN\0\"\nMAINR	\nDEFAULTZ\n\n2\0\0\"h\0','2013-04-17 19:24:50',0),(15,NULL,'\0wM\n\0RC\0\0\Z9\0 \02\0\0B\Z\nMAIN\0\"\nMAINR	\nDEFAULTZ\n\n2\0\0\"h\0','2013-04-17 19:59:27',0),(16,NULL,'\0wM\n\0RC\0\0\Z9\0 \02\0\0B\Z\nMAIN\0\"\nMAINR	\nDEFAULTZ\n\n2\0\0\"h\0','2013-04-17 21:06:16',0),(17,NULL,'\0wM\n\0RC\0\0\Z9\0 \02\0\0B\Z\nMAIN\0\"\nMAINR	\nDEFAULTZ\n\n2\0\0\"h\0','2013-04-17 21:07:34',0),(18,NULL,'\0wM\n\0RC\0\0\Z9\0 \02\0\0B\Z\nMAIN\0\"\nMAINR	\nDEFAULTZ\n\n2\0\0\"h\0','2013-04-17 21:10:34',0),(19,NULL,'\0wM\n\0RC\0\0\Z9\0 \02\0\0B\Z\nMAIN\0\"\nMAINR	\nDEFAULTZ\n\n2\0\0\"h\0','2013-04-17 21:11:26',0),(20,NULL,'\0wM\n\0RC\0\0\Z9\0 \02\0\0B\Z\nMAIN\0\"\nMAINR	\nDEFAULTZ\n\n2\0\0\"h\0','2013-04-17 21:14:07',0),(21,NULL,'\0wM\n\0RC\0\0\Z9\0 \02\0\0B\Z\nMAIN\0\"\nMAINR	\nDEFAULTZ\n\n2\0\0\"h\0','2013-04-17 21:16:00',0),(22,NULL,'\0wM\n\0RC\0\0\Z9\0 \02\0\0B\Z\nMAIN\0\"\nMAINR	\nDEFAULTZ\n\n2\0\0\"h\0','2013-04-17 21:17:06',0),(23,NULL,'\0wM\n\0RC\0\0\Z9\0 \02\0\0B\Z\nMAIN\0\"\nMAINR	\nDEFAULTZ\n\n2\0\0\"h\0','2013-04-17 23:19:01',0),(24,NULL,'\0wM\n\0RC\0\0\Z9\0 \02\0\0B\Z\nMAIN\0\"\nMAINR	\nDEFAULTZ\n\n2\0\0\"h\0','2013-04-17 23:19:31',0),(25,NULL,'\0wM\n\0RC\0\0\Z9\0 \02\0\0B\Z\nMAIN\0\"\nMAINR	\nDEFAULTZ\n\n2\0\0\"h\0','2013-04-17 23:21:59',0),(26,NULL,'\0wM\n\0RC\0\0\Z9\0 \02\0\0B\Z\nMAIN\0\"\nMAINR	\nDEFAULTZ\n\n2\0\0\"h\0','2013-04-17 23:23:24',0),(27,NULL,'\0wM\n\0RC\0\0\Z9\0 \02\0\0B\Z\nMAIN\0\"\nMAINR	\nDEFAULTZ\n\n2\0\0\"h\0','2013-04-17 23:25:20',0),(28,NULL,'\0wM\n\0RC\0\0\Z9\0 \02\0\0B\Z\nMAIN\0\"\nMAINR	\nDEFAULTZ\n\n2\0\0\"h\0','2013-04-17 23:26:19',0),(29,NULL,'\0wM\n\0RC\0\0\Z9\0 \02\0\0B\Z\nMAIN\0\"\nMAINR	\nDEFAULTZ\n\n2\0\0\"h\0','2013-04-18 12:29:41',0),(30,NULL,'\0wM\n\0RC\0\0\Z9\0 \02\0\0B\Z\nMAIN\0\"\nMAINR	\nDEFAULTZ\n\n2\0\0\"h\0','2013-04-22 19:44:49',0),(31,NULL,'\0wM\n\0RC\0\0\Z9\0 \02\0\0B\Z\nMAIN\0\"\nMAINR	\nDEFAULTZ\n\n2\0\0\"h\0','2013-04-23 21:42:59',0),(32,NULL,'\0wM\n\0RC\0\0\Z9\0 \02\0\0B\Z\nMAIN\0\"\nMAINR	\nDEFAULTZ\n\n2\0\0\"h\0','2013-04-23 21:52:47',0),(33,NULL,'\0wM\n\0RC\0\0\Z9\0 \02\0\0B\Z\nMAIN\0\"\nMAINR	\nDEFAULTZ\n\n2\0\0\"h\0','2013-07-10 22:04:11',0),(34,NULL,'\0wM\n\0RC\0\0\Z9\0 \02\0\0B\Z\nMAIN\0\"\nMAINR	\nDEFAULTZ\n\n2\0\0\"h\0','2013-07-11 14:01:33',0),(35,NULL,'\0wM\n\0RC\0\0\Z9\0 \02\0\0B\Z\nMAIN\0\"\nMAINR	\nDEFAULTZ\n\n2\0\0\"h\0','2013-07-11 22:32:24',0),(36,NULL,'\0wM\n\0RC\0\0\Z9\0 \02\0\0B\Z\nMAIN\0\"\nMAINR	\nDEFAULTZ\n\n2\0\0\"h\0','2013-07-12 14:14:35',0),(37,NULL,'\0wM\n\0RC\0\0\Z9\0 \02\0\0B\Z\nMAIN\0\"\nMAINR	\nDEFAULTZ\n\n2\0\0\"h\0','2013-07-12 21:31:01',0);

/*Table structure for table `subtasksstrategy` */

DROP TABLE IF EXISTS `subtasksstrategy`;

CREATE TABLE `subtasksstrategy` (
  `DTYPE` varchar(100) NOT NULL,
  `id` bigint(20) NOT NULL AUTO_INCREMENT,
  `name` varchar(255) DEFAULT NULL,
  `Task_Id` bigint(20) DEFAULT NULL,
  PRIMARY KEY (`id`),
  KEY `FKDE5DF2E136B2F154` (`Task_Id`),
  CONSTRAINT `FKDE5DF2E136B2F154` FOREIGN KEY (`Task_Id`) REFERENCES `task` (`id`)
) ENGINE=InnoDB DEFAULT CHARSET=utf8;

/*Data for the table `subtasksstrategy` */

/*Table structure for table `task` */

DROP TABLE IF EXISTS `task`;

CREATE TABLE `task` (
  `id` bigint(20) NOT NULL AUTO_INCREMENT,
  `archived` smallint(6) DEFAULT NULL,
  `allowedToDelegate` varchar(255) DEFAULT NULL,
  `priority` int(11) NOT NULL,
  `activationTime` datetime DEFAULT NULL,
  `createdOn` datetime DEFAULT NULL,
  `documentAccessType` int(11) DEFAULT NULL,
  `documentContentId` bigint(20) NOT NULL,
  `documentType` varchar(255) DEFAULT NULL,
  `expirationTime` datetime DEFAULT NULL,
  `faultAccessType` int(11) DEFAULT NULL,
  `faultContentId` bigint(20) NOT NULL,
  `faultName` varchar(255) DEFAULT NULL,
  `faultType` varchar(255) DEFAULT NULL,
  `outputAccessType` int(11) DEFAULT NULL,
  `outputContentId` bigint(20) NOT NULL,
  `outputType` varchar(255) DEFAULT NULL,
  `parentId` bigint(20) NOT NULL,
  `previousStatus` int(11) DEFAULT NULL,
  `processId` varchar(255) DEFAULT NULL,
  `processInstanceId` bigint(20) NOT NULL,
  `processSessionId` int(11) NOT NULL,
  `skipable` tinyint(1) NOT NULL,
  `status` varchar(255) DEFAULT NULL,
  `workItemId` bigint(20) NOT NULL,
  `OPTLOCK` int(11) DEFAULT NULL,
  `taskInitiator_id` varchar(255) DEFAULT NULL,
  `actualOwner_id` varchar(255) DEFAULT NULL,
  `createdBy_id` varchar(255) DEFAULT NULL,
  PRIMARY KEY (`id`),
  KEY `FK27A9A5F213F8B5` (`taskInitiator_id`),
  KEY `FK27A9A56CE1EF3A` (`actualOwner_id`),
  KEY `FK27A9A59E619A0` (`createdBy_id`),
  CONSTRAINT `FK27A9A56CE1EF3A` FOREIGN KEY (`actualOwner_id`) REFERENCES `organizationalentity` (`id`),
  CONSTRAINT `FK27A9A59E619A0` FOREIGN KEY (`createdBy_id`) REFERENCES `organizationalentity` (`id`),
  CONSTRAINT `FK27A9A5F213F8B5` FOREIGN KEY (`taskInitiator_id`) REFERENCES `organizationalentity` (`id`)
) ENGINE=InnoDB DEFAULT CHARSET=utf8;

/*Data for the table `task` */

/*Table structure for table `task_comment` */

DROP TABLE IF EXISTS `task_comment`;

CREATE TABLE `task_comment` (
  `id` bigint(20) NOT NULL AUTO_INCREMENT,
  `addedAt` datetime DEFAULT NULL,
  `text` longtext,
  `addedBy_id` varchar(255) DEFAULT NULL,
  `TaskData_Comments_Id` bigint(20) DEFAULT NULL,
  PRIMARY KEY (`id`),
  KEY `FK61F475A52FF04688` (`addedBy_id`),
  KEY `FK61F475A5B35E68F5` (`TaskData_Comments_Id`),
  CONSTRAINT `FK61F475A52FF04688` FOREIGN KEY (`addedBy_id`) REFERENCES `organizationalentity` (`id`),
  CONSTRAINT `FK61F475A5B35E68F5` FOREIGN KEY (`TaskData_Comments_Id`) REFERENCES `task` (`id`)
) ENGINE=InnoDB DEFAULT CHARSET=utf8;

/*Data for the table `task_comment` */

/*Table structure for table `users` */

DROP TABLE IF EXISTS `users`;

CREATE TABLE `users` (
  `id` int(11) NOT NULL,
  `name` varchar(255) DEFAULT NULL,
  PRIMARY KEY (`id`)
) ENGINE=InnoDB DEFAULT CHARSET=utf8;

/*Data for the table `users` */

/*Table structure for table `variableinstancelog` */

DROP TABLE IF EXISTS `variableinstancelog`;

CREATE TABLE `variableinstancelog` (
  `id` bigint(20) NOT NULL AUTO_INCREMENT,
  `log_date` datetime DEFAULT NULL,
  `processId` varchar(255) DEFAULT NULL,
  `processInstanceId` bigint(20) NOT NULL,
  `value` varchar(255) DEFAULT NULL,
  `variableId` varchar(255) DEFAULT NULL,
  `variableInstanceId` varchar(255) DEFAULT NULL,
  PRIMARY KEY (`id`)
) ENGINE=InnoDB DEFAULT CHARSET=utf8;

/*Data for the table `variableinstancelog` */

/*Table structure for table `workiteminfo` */

DROP TABLE IF EXISTS `workiteminfo`;

CREATE TABLE `workiteminfo` (
  `workItemId` bigint(20) NOT NULL AUTO_INCREMENT,
  `creationDate` datetime DEFAULT NULL,
  `name` varchar(255) DEFAULT NULL,
  `processInstanceId` bigint(20) NOT NULL,
  `state` bigint(20) NOT NULL,
  `OPTLOCK` int(11) DEFAULT NULL,
  `workItemByteArray` longblob,
  PRIMARY KEY (`workItemId`)
) ENGINE=InnoDB DEFAULT CHARSET=utf8;

/*Data for the table `workiteminfo` */

/*!40101 SET SQL_MODE=@OLD_SQL_MODE */;
/*!40014 SET FOREIGN_KEY_CHECKS=@OLD_FOREIGN_KEY_CHECKS */;
/*!40014 SET UNIQUE_CHECKS=@OLD_UNIQUE_CHECKS */;
/*!40111 SET SQL_NOTES=@OLD_SQL_NOTES */;
